,사고번호,사고일시,요일,시군구,사고내용,사망자수,중상자수,경상자수,부상신고자수,사고유형,법규위반,노면상태,기상상태,도로형태,가해운전자 차종,가해운전자 성별,가해운전자 연령,가해운전자 상해정도,피해운전자 차종,피해운전자 성별,피해운전자 연령,피해운전자 상해정도
567,2018051000100227,2018년 5월 10일 11시,목요일,전라남도 여수시 군자동,중상사고,0,1,0,0,차대사람 - 횡단중,보행자보호의무위반,포장 - 건조,맑음,단일로 - 기타,승용,여,45세,상해없음,보행자,남,69세,중상
568,2018051000100396,2018년 5월 10일 16시,목요일,전라남도 순천시 별량면,중상사고,0,1,0,0,차대사람 - 횡단중,안전운전불이행,포장 - 건조,맑음,단일로 - 기타,승용,여,43세,상해없음,보행자,남,78세,중상
569,2018051100100253,2018년 5월 11일 12시,금요일,전라남도 영암군 영암읍,중상사고,0,1,1,0,차대사람 - 길가장자리구역통행중,안전운전불이행,포장 - 건조,맑음,단일로 - 교량,사륜오토바이(ATV),여,66세,경상,보행자,여,80세,중상
570,2018051100100447,2018년 5월 11일 17시,금요일,전라남도 목포시 대의동2가,경상사고,0,0,1,0,차대사람 - 기타,안전운전불이행,포장 - 건조,맑음,단일로 - 기타,승합,남,67세,상해없음,보행자,남,48세,경상
571,2018051100100526,2018년 5월 11일 19시,금요일,전라남도 광양시 중동,경상사고,0,0,1,0,차대사람 - 기타,안전운전불이행,포장 - 건조,맑음,단일로 - 기타,승용,남,57세,상해없음,보행자,여,7세,경상
572,2018051200100016,2018년 5월 12일 00시,토요일,전라남도 목포시 산정동,경상사고,0,0,1,0,차대사람 - 차도통행중,기타,포장 - 건조,맑음,단일로 - 기타,기타불명,기타불명,미분류,기타불명,보행자,남,15세,경상
573,2018051200100018,2018년 5월 12일 00시,토요일,전라남도 장흥군 회진면,경상사고,0,0,1,0,차대사람 - 길가장자리구역통행중,안전운전불이행,포장 - 건조,맑음,단일로 - 기타,승용,남,44세,상해없음,보행자,남,41세,경상
574,2018051200100078,2018년 5월 12일 04시,토요일,전라남도 목포시 상동,사망사고,1,0,0,0,차대사람 - 차도통행중,안전운전불이행,포장 - 건조,맑음,단일로 - 기타,화물,남,64세,상해없음,보행자,남,26세,사망
575,2018051200100571,2018년 5월 12일 20시,토요일,전라남도 광양시 중동,경상사고,0,0,1,1,차대사람 - 횡단중,안전운전불이행,포장 - 젖음/습기,비,단일로 - 기타,이륜,남,18세,부상신고,보행자,남,19세,경상
576,2018051300100190,2018년 5월 13일 12시,일요일,전라남도 여수시 중앙동,중상사고,0,1,0,0,차대사람 - 차도통행중,안전운전불이행,포장 - 건조,맑음,단일로 - 기타,승용,남,29세,상해없음,보행자,여,55세,중상
577,2018051300100361,2018년 5월 13일 17시,일요일,전라남도 목포시 옥암동,경상사고,0,0,1,0,차대사람 - 기타,안전운전불이행,포장 - 건조,맑음,단일로 - 기타,기타불명,기타불명,미분류,기타불명,보행자,남,44세,경상
578,2018051300100393,2018년 5월 13일 18시,일요일,전라남도 담양군 창평면,중상사고,0,1,0,0,차대사람 - 기타,안전운전불이행,포장 - 건조,맑음,주차장 - 주차장,승용,남,57세,상해없음,보행자,여,57세,중상
579,2018051400100448,2018년 5월 14일 18시,월요일,전라남도 영광군 영광읍,경상사고,0,0,1,0,차대사람 - 횡단중,안전운전불이행,포장 - 건조,맑음,단일로 - 기타,승용,여,46세,상해없음,보행자,남,34세,경상
580,2018051400100475,2018년 5월 14일 19시,월요일,전라남도 담양군 봉산면,경상사고,0,0,1,0,차대사람 - 횡단중,보행자보호의무위반,포장 - 건조,맑음,교차로 - 교차로안,승용,여,34세,상해없음,보행자,여,82세,경상
581,2018051400100505,2018년 5월 14일 20시,월요일,전라남도 순천시 별량면,사망사고,1,1,0,0,차대사람 - 기타,안전운전불이행,포장 - 건조,맑음,단일로 - 기타,화물,여,45세,상해없음,보행자,남,47세,사망
582,2018051500100250,2018년 5월 15일 13시,화요일,전라남도 순천시 장천동,경상사고,0,0,1,0,차대사람 - 차도통행중,안전운전불이행,포장 - 건조,맑음,단일로 - 기타,승용,남,64세,상해없음,보행자,여,58세,경상
583,2018051500100253,2018년 5월 15일 13시,화요일,전라남도 진도군 지산면,경상사고,0,0,1,0,차대사람 - 횡단중,안전운전불이행,포장 - 건조,맑음,교차로 - 교차로안,승용,남,28세,상해없음,보행자,남,9세,경상
584,2018051500100283,2018년 5월 15일 14시,화요일,전라남도 목포시 옥암동,중상사고,0,1,0,0,차대사람 - 기타,안전운전불이행,포장 - 건조,맑음,단일로 - 기타,승용,여,66세,상해없음,보행자,여,67세,중상
585,2018051500100284,2018년 5월 15일 14시,화요일,전라남도 나주시 이창동,경상사고,0,0,1,0,차대사람 - 횡단중,안전운전불이행,포장 - 건조,맑음,교차로 - 교차로부근,승용,남,60세,상해없음,보행자,남,7세,경상
586,2018051500100326,2018년 5월 15일 15시,화요일,전라남도 여수시 여서동,경상사고,0,0,1,0,차대사람 - 횡단중,보행자보호의무위반,포장 - 건조,맑음,교차로 - 교차로부근,승용,남,50세,상해없음,보행자,여,75세,경상
587,2018051500100368,2018년 5월 15일 16시,화요일,전라남도 담양군 담양읍,중상사고,0,1,0,0,차대사람 - 기타,기타,포장 - 건조,맑음,단일로 - 기타,승용,남,59세,상해없음,보행자,남,74세,중상
588,2018051500100398,2018년 5월 15일 17시,화요일,전라남도 무안군 삼향읍,경상사고,0,0,1,0,차대사람 - 보도통행중,보행자보호의무위반,포장 - 건조,맑음,교차로 - 교차로횡단보도내,승용,여,45세,상해없음,보행자,남,5세,경상
589,2018051600100066,2018년 5월 16일 07시,수요일,전라남도 목포시 죽교동,경상사고,0,0,1,0,차대사람 - 기타,안전운전불이행,포장 - 건조,맑음,단일로 - 기타,기타불명,기타불명,미분류,기타불명,보행자,여,13세,경상
590,2018051600100168,2018년 5월 16일 11시,수요일,전라남도 보성군 득량면,사망사고,1,0,0,0,차대사람 - 차도통행중,안전운전불이행,포장 - 젖음/습기,흐림,단일로 - 기타,승용,여,63세,상해없음,보행자,남,82세,사망
591,2018051600100227,2018년 5월 16일 13시,수요일,전라남도 목포시 산정동,중상사고,0,1,0,0,차대사람 - 길가장자리구역통행중,안전운전불이행,포장 - 건조,맑음,교차로 - 교차로안,화물,남,37세,상해없음,보행자,여,67세,중상
592,2018051600100434,2018년 5월 16일 20시,수요일,전라남도 목포시 상동,중상사고,0,1,0,0,차대사람 - 차도통행중,안전운전불이행,포장 - 젖음/습기,비,교차로 - 교차로안,승용,여,59세,상해없음,보행자,남,63세,중상
593,2018051600100435,2018년 5월 16일 20시,수요일,전라남도 목포시 상동,중상사고,0,2,1,0,차대사람 - 횡단중,보행자보호의무위반,포장 - 건조,흐림,교차로 - 교차로횡단보도내,화물,남,27세,상해없음,보행자,남,38세,중상
594,2018051700100113,2018년 5월 17일 08시,목요일,전라남도 화순군 화순읍,부상신고사고,0,0,0,1,차대사람 - 차도통행중,안전운전불이행,포장 - 건조,맑음,교차로 - 교차로안,승용,남,47세,상해없음,보행자,남,40세,부상신고
595,2018051700100184,2018년 5월 17일 10시,목요일,전라남도 해남군 계곡면,중상사고,0,1,0,0,차대사람 - 기타,안전운전불이행,포장 - 건조,흐림,단일로 - 기타,승용,남,78세,상해없음,보행자,남,61세,중상
596,2018051700100301,2018년 5월 17일 14시,목요일,전라남도 진도군 진도읍,중상사고,0,1,0,0,차대사람 - 기타,안전운전불이행,포장 - 젖음/습기,비,기타 - 기타,화물,남,56세,상해없음,보행자,여,57세,중상
597,2018051700100359,2018년 5월 17일 16시,목요일,전라남도 여수시 문수동,경상사고,0,0,1,0,차대사람 - 차도통행중,안전운전불이행,포장 - 젖음/습기,비,교차로 - 교차로안,승용,여,60세,상해없음,보행자,여,55세,경상
598,2018051700100556,2018년 5월 17일 21시,목요일,전라남도 광양시 광양읍,중상사고,0,1,0,0,차대사람 - 횡단중,안전운전불이행,포장 - 젖음/습기,비,단일로 - 기타,승용,남,50세,상해없음,보행자,여,33세,중상
599,2018051700100601,2018년 5월 17일 22시,목요일,전라남도 여수시 학동,경상사고,0,0,1,0,차대사람 - 횡단중,보행자보호의무위반,포장 - 젖음/습기,흐림,단일로 - 기타,승용,남,36세,상해없음,보행자,남,30세,경상
600,2018051700100603,2018년 5월 17일 22시,목요일,전라남도 완도군 완도읍,경상사고,0,0,1,0,차대사람 - 횡단중,안전운전불이행,포장 - 건조,맑음,단일로 - 기타,승용,남,32세,상해없음,보행자,남,53세,경상
601,2018051800100209,2018년 5월 18일 10시,금요일,전라남도 보성군 보성읍,경상사고,0,0,1,0,차대사람 - 횡단중,안전운전불이행,포장 - 건조,맑음,단일로 - 기타,승용,여,56세,상해없음,보행자,여,15세,경상
602,2018051800100246,2018년 5월 18일 11시,금요일,전라남도 여수시 공화동,중상사고,0,1,0,0,차대사람 - 횡단중,안전운전불이행,포장 - 건조,맑음,교차로 - 교차로안,승용,여,66세,상해없음,보행자,여,75세,중상
603,2018051800100301,2018년 5월 18일 13시,금요일,전라남도 해남군 해남읍,중상사고,0,1,0,0,차대사람 - 기타,안전운전불이행,포장 - 건조,맑음,교차로 - 교차로안,승용,여,44세,상해없음,보행자,남,90세 이상,중상
604,2018051800100333,2018년 5월 18일 14시,금요일,전라남도 나주시 운곡동,중상사고,0,1,0,0,차대사람 - 기타,안전운전불이행,포장 - 건조,맑음,단일로 - 기타,화물,남,33세,상해없음,보행자,남,62세,중상
605,2018051900100264,2018년 5월 19일 11시,토요일,전라남도 나주시 영산동,중상사고,0,1,0,0,차대사람 - 기타,안전운전불이행,포장 - 건조,맑음,단일로 - 기타,승용,남,63세,상해없음,보행자,여,78세,중상
606,2018051900100352,2018년 5월 19일 13시,토요일,전라남도 고흥군 도양읍,경상사고,0,0,1,0,차대사람 - 차도통행중,안전운전불이행,포장 - 건조,맑음,단일로 - 기타,승용,남,76세,상해없음,보행자,여,77세,경상
607,2018051900100522,2018년 5월 19일 17시,토요일,전라남도 여수시 학동,경상사고,0,0,1,0,차대사람 - 길가장자리구역통행중,안전운전불이행,포장 - 건조,맑음,단일로 - 기타,승용,여,50세,상해없음,보행자,남,45세,경상
608,2018051900100571,2018년 5월 19일 18시,토요일,전라남도 광양시 광양읍,중상사고,0,1,0,0,차대사람 - 횡단중,안전운전불이행,포장 - 건조,맑음,단일로 - 기타,승용,여,50세,상해없음,보행자,남,7세,중상
609,2018051900100639,2018년 5월 19일 20시,토요일,전라남도 구례군 마산면,경상사고,0,0,1,0,차대사람 - 길가장자리구역통행중,안전운전불이행,포장 - 건조,맑음,단일로 - 기타,기타불명,기타불명,미분류,기타불명,보행자,여,64세,경상
610,2018052000100172,2018년 5월 20일 11시,일요일,전라남도 신안군 장산면,중상사고,0,1,0,0,차대사람 - 기타,안전운전불이행,포장 - 건조,맑음,단일로 - 기타,승합,남,58세,상해없음,보행자,남,63세,중상
611,2018052000100175,2018년 5월 20일 11시,일요일,전라남도 완도군 완도읍,경상사고,0,0,1,0,차대사람 - 기타,안전운전불이행,포장 - 건조,맑음,단일로 - 기타,승용,남,54세,상해없음,보행자,남,6세,경상
612,2018052000100201,2018년 5월 20일 12시,일요일,전라남도 함평군 학교면,중상사고,0,1,0,0,차대사람 - 기타,안전운전불이행,포장 - 건조,맑음,단일로 - 기타,건설기계,남,47세,상해없음,보행자,여,84세,중상
613,2018052000100288,2018년 5월 20일 15시,일요일,전라남도 곡성군 곡성읍,중상사고,0,1,0,0,차대사람 - 기타,안전운전불이행,포장 - 건조,맑음,교차로 - 교차로안,승용,여,48세,상해없음,보행자,남,21세,중상
614,2018052000100393,2018년 5월 20일 19시,일요일,전라남도 장흥군 장흥읍,경상사고,0,0,1,0,차대사람 - 길가장자리구역통행중,안전운전불이행,포장 - 건조,맑음,단일로 - 기타,승용,남,68세,상해없음,보행자,여,76세,경상
615,2018052100100036,2018년 5월 21일 04시,월요일,전라남도 무안군 청계면,사망사고,1,0,0,0,차대사람 - 기타,안전운전불이행,포장 - 건조,맑음,단일로 - 기타,승용,여,40세,상해없음,보행자,남,64세,사망
616,2018052100100143,2018년 5월 21일 09시,월요일,전라남도 영암군 시종면,중상사고,0,1,0,0,차대사람 - 기타,안전운전불이행,포장 - 건조,맑음,교차로 - 교차로안,승용,여,32세,상해없음,보행자,여,79세,중상
617,2018052100100214,2018년 5월 21일 11시,월요일,전라남도 여수시 여서동,경상사고,0,0,1,0,차대사람 - 기타,안전운전불이행,포장 - 건조,맑음,교차로 - 교차로횡단보도내,승용,여,38세,상해없음,보행자,여,70세,경상
618,2018052100100461,2018년 5월 21일 18시,월요일,전라남도 여수시 화양면,중상사고,0,1,0,0,차대사람 - 기타,안전운전불이행,비포장 - 건조,맑음,단일로 - 기타,화물,남,71세,상해없음,보행자,여,63세,중상
619,2018052100100596,2018년 5월 21일 22시,월요일,전라남도 보성군 미력면,중상사고,0,1,0,0,차대사람 - 길가장자리구역통행중,안전운전불이행,포장 - 건조,맑음,단일로 - 기타,승합,여,54세,상해없음,보행자,남,69세,중상
620,2018052200100157,2018년 5월 22일 09시,화요일,전라남도 여수시 덕충동,중상사고,0,1,0,0,차대사람 - 횡단중,신호위반,포장 - 건조,맑음,교차로 - 교차로안,승용,남,31세,상해없음,보행자,여,80세,중상
621,2018052200100483,2018년 5월 22일 19시,화요일,전라남도 나주시 송월동,중상사고,0,1,0,0,차대사람 - 횡단중,보행자보호의무위반,포장 - 젖음/습기,맑음,단일로 - 기타,화물,여,62세,상해없음,보행자,남,43세,중상
622,2018052200100525,2018년 5월 22일 20시,화요일,전라남도 함평군 해보면,중상사고,0,1,0,0,차대사람 - 길가장자리구역통행중,안전운전불이행,포장 - 젖음/습기,맑음,단일로 - 기타,승용,남,64세,상해없음,보행자,남,44세,중상
623,2018052200100559,2018년 5월 22일 21시,화요일,전라남도 목포시 산정동,중상사고,0,1,0,0,차대사람 - 기타,안전운전불이행,포장 - 젖음/습기,비,단일로 - 기타,승용,남,68세,상해없음,보행자,남,58세,중상
624,2018052200100623,2018년 5월 22일 23시,화요일,전라남도 순천시 연향동,경상사고,0,0,1,0,차대사람 - 기타,안전운전불이행,포장 - 젖음/습기,비,단일로 - 기타,승용,남,49세,상해없음,보행자,여,49세,경상
625,2018052300100128,2018년 5월 23일 08시,수요일,전라남도 여수시 선원동,경상사고,0,0,5,0,차대사람 - 횡단중,보행자보호의무위반,포장 - 건조,맑음,교차로 - 교차로횡단보도내,승용,여,38세,상해없음,보행자,남,9세,경상
626,2018052300100347,2018년 5월 23일 14시,수요일,전라남도 해남군 황산면,중상사고,0,1,0,0,차대사람 - 기타,안전운전불이행,포장 - 건조,맑음,단일로 - 기타,사륜오토바이(ATV),여,57세,상해없음,보행자,여,81세,중상
627,2018052300100348,2018년 5월 23일 14시,수요일,전라남도 보성군 미력면,중상사고,0,1,0,0,차대사람 - 기타,안전운전불이행,포장 - 건조,맑음,교차로 - 교차로안,화물,남,44세,상해없음,보행자,여,81세,중상
628,2018052300100417,2018년 5월 23일 16시,수요일,전라남도 여수시 신기동,경상사고,0,0,1,0,차대사람 - 횡단중,보행자보호의무위반,포장 - 건조,맑음,교차로 - 교차로안,승용,여,47세,상해없음,보행자,여,53세,경상
629,2018052300100455,2018년 5월 23일 17시,수요일,전라남도 여수시 덕충동,사망사고,1,0,0,0,차대사람 - 횡단중,안전운전불이행,포장 - 건조,맑음,교차로 - 교차로부근,승용,남,46세,상해없음,보행자,여,64세,사망
630,2018052300100639,2018년 5월 23일 22시,수요일,전라남도 여수시 교동,중상사고,0,1,0,0,차대사람 - 횡단중,안전운전불이행,포장 - 건조,맑음,단일로 - 기타,승용,여,54세,상해없음,보행자,여,65세,중상
631,2018052400100029,2018년 5월 24일 02시,목요일,전라남도 무안군 무안읍,경상사고,0,0,1,0,차대사람 - 차도통행중,안전운전불이행,포장 - 건조,맑음,단일로 - 기타,승용,남,19세,상해없음,보행자,남,20세,경상
632,2018052400100030,2018년 5월 24일 02시,목요일,전라남도 무안군 무안읍,경상사고,0,0,1,0,차대사람 - 기타,안전운전불이행,포장 - 건조,맑음,기타 - 기타,승용,남,19세,상해없음,보행자,남,61세,경상
633,2018052400100079,2018년 5월 24일 07시,목요일,전라남도 영광군 홍농읍,중상사고,0,1,0,0,차대사람 - 길가장자리구역통행중,안전운전불이행,포장 - 건조,맑음,단일로 - 기타,승용,남,51세,상해없음,보행자,여,56세,중상
634,2018052400100125,2018년 5월 24일 08시,목요일,전라남도 목포시 석현동,중상사고,0,1,3,0,차대사람 - 기타,기타,포장 - 건조,맑음,단일로 - 기타,승용,여,20세,상해없음,보행자,여,33세,경상
635,2018052400100201,2018년 5월 24일 10시,목요일,전라남도 화순군 화순읍,중상사고,0,1,0,0,차대사람 - 기타,안전운전불이행,포장 - 건조,맑음,단일로 - 기타,화물,남,36세,상해없음,보행자,남,48세,중상
636,2018052400100392,2018년 5월 24일 16시,목요일,전라남도 해남군 북일면,경상사고,0,0,1,0,차대사람 - 기타,안전운전불이행,포장 - 건조,맑음,단일로 - 기타,화물,남,33세,상해없음,보행자,여,90세 이상,경상
637,2018052400100427,2018년 5월 24일 17시,목요일,전라남도 순천시 장천동,중상사고,0,1,0,0,차대사람 - 횡단중,보행자보호의무위반,포장 - 건조,맑음,교차로 - 교차로횡단보도내,승용,남,48세,상해없음,보행자,여,69세,중상
638,2018052400100428,2018년 5월 24일 17시,목요일,전라남도 함평군 대동면,중상사고,0,1,0,0,차대사람 - 기타,안전운전불이행,포장 - 건조,맑음,단일로 - 기타,화물,남,67세,상해없음,보행자,남,2세,중상
639,2018052400100512,2018년 5월 24일 19시,목요일,전라남도 순천시 장천동,부상신고사고,0,0,0,1,차대사람 - 차도통행중,기타,포장 - 건조,맑음,단일로 - 기타,승합,남,45세,상해없음,보행자,여,16세,부상신고
640,2018052400100549,2018년 5월 24일 20시,목요일,전라남도 목포시 옥암동,경상사고,0,0,1,0,차대사람 - 기타,기타,포장 - 건조,맑음,기타 - 기타,승용,남,35세,상해없음,보행자,남,4세,경상
641,2018052500100096,2018년 5월 25일 07시,금요일,전라남도 영암군 신북면,경상사고,0,0,1,0,차대사람 - 차도통행중,안전운전불이행,포장 - 건조,맑음,교차로 - 교차로부근,승용,여,46세,상해없음,보행자,남,16세,경상
642,2018052500100276,2018년 5월 25일 12시,금요일,전라남도 여수시 학동,중상사고,0,1,0,0,차대사람 - 차도통행중,안전운전불이행,포장 - 건조,맑음,교차로 - 교차로안,승용,여,36세,상해없음,보행자,여,70세,중상
643,2018052500100506,2018년 5월 25일 18시,금요일,전라남도 여수시 문수동,중상사고,0,1,0,0,차대사람 - 횡단중,보행자보호의무위반,포장 - 건조,맑음,단일로 - 기타,승용,남,67세,상해없음,보행자,여,47세,중상
644,2018052500100554,2018년 5월 25일 19시,금요일,전라남도 목포시 용해동,경상사고,0,0,1,0,차대사람 - 기타,안전운전불이행,포장 - 건조,맑음,주차장 - 주차장,승용,여,36세,상해없음,보행자,남,56세,경상
645,2018052500100555,2018년 5월 25일 19시,금요일,전라남도 영암군 영암읍,경상사고,0,0,1,0,차대사람 - 횡단중,보행자보호의무위반,포장 - 건조,맑음,교차로 - 교차로횡단보도내,승합,여,51세,상해없음,보행자,여,10세,경상
646,2018052500100586,2018년 5월 25일 20시,금요일,전라남도 화순군 도곡면,중상사고,0,1,0,0,차대사람 - 기타,안전운전불이행,포장 - 건조,맑음,교차로 - 교차로안,승합,남,53세,상해없음,보행자,여,81세,중상
647,2018052600100034,2018년 5월 26일 01시,토요일,전라남도 여수시 학동,경상사고,0,0,1,0,차대사람 - 기타,안전운전불이행,포장 - 건조,맑음,주차장 - 주차장,승용,남,41세,상해없음,보행자,남,40세,경상
648,2018052600100123,2018년 5월 26일 07시,토요일,전라남도 나주시 세지면,중상사고,0,1,0,0,차대사람 - 기타,안전운전불이행,포장 - 건조,맑음,기타 - 기타,화물,남,62세,상해없음,보행자,남,63세,중상
649,2018052600100173,2018년 5월 26일 09시,토요일,전라남도 순천시 장천동,경상사고,0,0,1,0,차대사람 - 기타,신호위반,포장 - 건조,맑음,단일로 - 기타,승용,여,47세,상해없음,보행자,여,62세,경상
650,2018052600100174,2018년 5월 26일 09시,토요일,전라남도 영광군 영광읍,중상사고,0,1,0,0,차대사람 - 기타,안전운전불이행,포장 - 건조,맑음,단일로 - 기타,승용,남,63세,상해없음,보행자,남,84세,중상
651,2018052600100442,2018년 5월 26일 16시,토요일,전라남도 순천시 왕지동,경상사고,0,0,1,0,차대사람 - 횡단중,보행자보호의무위반,포장 - 건조,맑음,교차로 - 교차로횡단보도내,승용,여,40세,상해없음,보행자,남,14세,경상
652,2018052600100567,2018년 5월 26일 19시,토요일,전라남도 나주시 이창동,경상사고,0,0,1,1,차대사람 - 길가장자리구역통행중,안전운전불이행,포장 - 건조,맑음,단일로 - 기타,승용,남,67세,상해없음,보행자,남,26세,경상
653,2018052700100158,2018년 5월 27일 11시,일요일,전라남도 영광군 염산면,중상사고,0,1,0,0,차대사람 - 길가장자리구역통행중,안전운전불이행,포장 - 건조,맑음,단일로 - 기타,화물,남,69세,상해없음,보행자,남,90세 이상,중상
654,2018052700100182,2018년 5월 27일 12시,일요일,전라남도 장흥군 용산면,중상사고,0,1,0,0,차대사람 - 기타,안전운전불이행,포장 - 건조,맑음,단일로 - 기타,화물,여,58세,상해없음,보행자,남,55세,중상
655,2018052700100232,2018년 5월 27일 14시,일요일,전라남도 순천시 조례동,부상신고사고,0,0,0,1,차대사람 - 기타,안전운전불이행,포장 - 건조,맑음,교차로 - 교차로부근,승용,남,68세,상해없음,보행자,남,16세,부상신고
656,2018052700100378,2018년 5월 27일 20시,일요일,전라남도 장흥군 대덕읍,중상사고,0,1,1,0,차대사람 - 길가장자리구역통행중,안전운전불이행,포장 - 건조,흐림,단일로 - 기타,이륜,남,45세,상해없음,보행자,여,88세,중상
657,2018052800100086,2018년 5월 28일 07시,월요일,전라남도 영암군 학산면,중상사고,0,1,0,0,차대사람 - 차도통행중,안전운전불이행,포장 - 건조,맑음,교차로 - 교차로안,승용,남,42세,상해없음,보행자,남,56세,중상
658,2018052800100485,2018년 5월 28일 18시,월요일,전라남도 진도군 진도읍,중상사고,0,1,0,0,차대사람 - 기타,기타,포장 - 건조,맑음,단일로 - 기타,승용,여,46세,상해없음,보행자,남,50세,중상
659,2018052800100522,2018년 5월 28일 19시,월요일,전라남도 여수시 안산동,사망사고,1,0,0,0,차대사람 - 횡단중,안전운전불이행,포장 - 건조,맑음,교차로 - 교차로횡단보도내,화물,남,69세,상해없음,보행자,여,68세,사망
660,2018052900100009,2018년 5월 29일 00시,화요일,전라남도 여수시 학동,경상사고,0,0,1,0,차대사람 - 횡단중,안전운전불이행,포장 - 건조,맑음,교차로 - 교차로횡단보도내,승용,남,37세,상해없음,보행자,남,50세,경상
661,2018052900100105,2018년 5월 29일 08시,화요일,전라남도 순천시 조례동,경상사고,0,0,4,0,차대사람 - 보도통행중,기타,포장 - 건조,맑음,단일로 - 기타,승용,여,41세,상해없음,보행자,남,17세,경상
662,2018052900100172,2018년 5월 29일 10시,화요일,전라남도 완도군 완도읍,경상사고,0,0,1,0,차대사람 - 기타,안전운전불이행,포장 - 건조,맑음,기타 - 기타,승용,남,45세,상해없음,보행자,남,51세,경상
663,2018052900100257,2018년 5월 29일 13시,화요일,전라남도 여수시 학동,경상사고,0,0,1,0,차대사람 - 기타,안전운전불이행,포장 - 건조,맑음,교차로 - 교차로안,승용,남,70세,기타불명,보행자,여,19세,경상
664,2018052900100292,2018년 5월 29일 14시,화요일,전라남도 여수시 국동,부상신고사고,0,0,0,1,차대사람 - 횡단중,안전운전불이행,포장 - 건조,맑음,교차로 - 교차로횡단보도내,기타불명,기타불명,미분류,기타불명,보행자,남,9세,부상신고
665,2018053000100166,2018년 5월 30일 09시,수요일,전라남도 나주시 다시면,중상사고,0,1,0,0,차대사람 - 기타,안전운전불이행,포장 - 건조,맑음,단일로 - 기타,화물,남,54세,상해없음,보행자,여,76세,중상
666,2018053000100308,2018년 5월 30일 14시,수요일,전라남도 여수시 화장동,경상사고,0,0,1,0,차대사람 - 길가장자리구역통행중,안전운전불이행,포장 - 건조,맑음,단일로 - 기타,특수,남,52세,상해없음,보행자,여,51세,경상
667,2018053000100448,2018년 5월 30일 17시,수요일,전라남도 여수시 남산동,중상사고,0,1,0,0,차대사람 - 차도통행중,안전운전불이행,포장 - 건조,맑음,교차로 - 교차로안,승용,여,30세,상해없음,보행자,여,78세,중상
668,2018053000100563,2018년 5월 30일 20시,수요일,전라남도 보성군 득량면,중상사고,0,1,0,0,차대사람 - 기타,안전운전불이행,포장 - 건조,맑음,교차로 - 교차로부근,승용,남,47세,상해없음,보행자,여,53세,중상
669,2018053000100590,2018년 5월 30일 21시,수요일,전라남도 여수시 학동,경상사고,0,0,1,0,차대사람 - 보도통행중,기타,포장 - 건조,맑음,단일로 - 기타,승용,여,49세,상해없음,보행자,남,61세,경상
670,2018053100100149,2018년 5월 31일 08시,목요일,전라남도 영광군 영광읍,중상사고,0,1,0,0,차대사람 - 횡단중,보행자보호의무위반,포장 - 건조,맑음,교차로 - 교차로횡단보도내,화물,남,59세,상해없음,보행자,남,40세,중상
671,2018053100100213,2018년 5월 31일 09시,목요일,전라남도 완도군 완도읍,경상사고,0,0,1,0,차대사람 - 차도통행중,안전운전불이행,포장 - 건조,맑음,교차로 - 교차로안,승용,여,43세,상해없음,보행자,남,75세,경상
672,2018053100100292,2018년 5월 31일 12시,목요일,전라남도 여수시 학동,중상사고,0,2,0,0,차대사람 - 길가장자리구역통행중,안전운전불이행,포장 - 건조,맑음,기타 - 기타,승용,남,29세,상해없음,보행자,여,84세,중상
673,2018053100100360,2018년 5월 31일 14시,목요일,전라남도 목포시 상동,중상사고,0,1,0,0,차대사람 - 횡단중,보행자보호의무위반,포장 - 건조,맑음,단일로 - 기타,승용,남,53세,상해없음,보행자,남,7세,중상
674,2018053100100541,2018년 5월 31일 18시,목요일,전라남도 목포시 상동,경상사고,0,0,1,0,차대사람 - 횡단중,중앙선침범,포장 - 건조,맑음,단일로 - 기타,승용,남,52세,상해없음,보행자,여,24세,경상
675,2018053100100580,2018년 5월 31일 19시,목요일,전라남도 여수시 신월동,중상사고,0,1,0,0,차대사람 - 횡단중,안전운전불이행,포장 - 건조,맑음,단일로 - 기타,승용,여,46세,상해없음,보행자,남,7세,중상
676,2018053100100611,2018년 5월 31일 20시,목요일,전라남도 목포시 용당동,중상사고,0,1,0,0,차대사람 - 기타,교차로운행방법위반,포장 - 건조,맑음,교차로 - 교차로안,승용,여,56세,상해없음,보행자,여,71세,중상
677,2018060100100215,2018년 6월 1일 10시,금요일,전라남도 강진군 작천면,사망사고,1,0,0,0,차대사람 - 길가장자리구역통행중,안전운전불이행,포장 - 기타,맑음,교차로 - 교차로부근,건설기계,남,63세,상해없음,보행자,남,32세,사망
678,2018060100100529,2018년 6월 1일 18시,금요일,전라남도 고흥군 고흥읍,경상사고,0,0,1,0,차대사람 - 기타,안전운전불이행,포장 - 건조,맑음,교차로 - 교차로안,승용,여,63세,상해없음,보행자,남,45세,경상
679,2018060100100614,2018년 6월 1일 20시,금요일,전라남도 순천시 조례동,중상사고,0,1,0,0,차대사람 - 횡단중,보행자보호의무위반,포장 - 건조,맑음,교차로 - 교차로횡단보도내,승용,여,46세,상해없음,보행자,여,73세,중상