,사고번호,사고일시,요일,시군구,사고내용,사망자수,중상자수,경상자수,부상신고자수,사고유형,법규위반,노면상태,기상상태,도로형태,가해운전자 차종,가해운전자 성별,가해운전자 연령,가해운전자 상해정도,피해운전자 차종,피해운전자 성별,피해운전자 연령,피해운전자 상해정도
680,2018060200100033,2018년 6월 2일 01시,토요일,전라남도 순천시 조례동,경상사고,0,0,1,0,차대사람 - 차도통행중,안전운전불이행,포장 - 건조,맑음,단일로 - 기타,승용,남,57세,상해없음,보행자,남,44세,경상
681,2018060200100047,2018년 6월 2일 02시,토요일,전라남도 순천시 연향동,경상사고,0,0,1,0,차대사람 - 차도통행중,안전운전불이행,포장 - 건조,맑음,교차로 - 교차로부근,승용,여,29세,상해없음,보행자,남,47세,경상
682,2018060200100129,2018년 6월 2일 08시,토요일,전라남도 진도군 진도읍,경상사고,0,0,1,0,차대사람 - 차도통행중,안전운전불이행,포장 - 건조,맑음,기타 - 기타,승용,남,80세,상해없음,보행자,남,62세,경상
683,2018060200100278,2018년 6월 2일 12시,토요일,전라남도 장흥군 장흥읍,경상사고,0,0,1,0,차대사람 - 길가장자리구역통행중,안전운전불이행,포장 - 건조,맑음,주차장 - 주차장,승용,남,33세,상해없음,보행자,여,77세,경상
684,2018060200100456,2018년 6월 2일 16시,토요일,전라남도 무안군 삼향읍,경상사고,0,0,1,0,차대사람 - 기타,보행자보호의무위반,포장 - 건조,맑음,기타 - 기타,승용,여,32세,상해없음,보행자,남,6세,경상
685,2018060200100650,2018년 6월 2일 21시,토요일,전라남도 광양시 광양읍,중상사고,0,1,0,0,차대사람 - 횡단중,안전운전불이행,포장 - 건조,맑음,단일로 - 기타,승용,여,52세,상해없음,보행자,남,46세,중상
686,2018060300100087,2018년 6월 3일 07시,일요일,전라남도 강진군 강진읍,중상사고,0,1,0,0,차대사람 - 기타,안전운전불이행,포장 - 건조,맑음,단일로 - 기타,승용,여,38세,상해없음,보행자,여,60세,중상
687,2018060300100088,2018년 6월 3일 07시,일요일,전라남도 강진군 강진읍,부상신고사고,0,0,0,1,차대사람 - 기타,안전운전불이행,포장 - 건조,맑음,단일로 - 기타,화물,남,52세,상해없음,보행자,남,48세,부상신고
688,2018060300100142,2018년 6월 3일 10시,일요일,전라남도 목포시 산정동,경상사고,0,0,1,0,차대사람 - 차도통행중,안전운전불이행,포장 - 건조,맑음,교차로 - 교차로안,승용,남,44세,상해없음,보행자,여,78세,경상
689,2018060300100307,2018년 6월 3일 16시,일요일,전라남도 목포시 연산동,경상사고,0,0,1,0,차대사람 - 차도통행중,안전운전불이행,포장 - 건조,맑음,단일로 - 기타,승용,여,39세,상해없음,보행자,남,7세,경상
690,2018060300100472,2018년 6월 3일 21시,일요일,전라남도 나주시 송월동,경상사고,0,0,1,0,차대사람 - 횡단중,안전운전불이행,포장 - 건조,흐림,단일로 - 기타,승용,남,51세,상해없음,보행자,남,37세,경상
691,2018060400100136,2018년 6월 4일 08시,월요일,전라남도 보성군 보성읍,경상사고,0,0,1,0,차대사람 - 차도통행중,안전운전불이행,포장 - 건조,맑음,단일로 - 기타,화물,남,41세,상해없음,보행자,여,76세,경상
692,2018060400100247,2018년 6월 4일 11시,월요일,전라남도 목포시 죽교동,경상사고,0,0,1,0,차대사람 - 기타,기타,포장 - 건조,맑음,단일로 - 기타,화물,남,53세,상해없음,보행자,남,38세,경상
693,2018060400100352,2018년 6월 4일 14시,월요일,전라남도 진도군 진도읍,경상사고,0,0,1,0,차대사람 - 횡단중,안전운전불이행,포장 - 건조,맑음,주차장 - 주차장,화물,남,52세,상해없음,보행자,여,78세,경상
694,2018060400100626,2018년 6월 4일 22시,월요일,전라남도 여수시 안산동,경상사고,0,0,1,0,차대사람 - 기타,안전운전불이행,포장 - 건조,맑음,단일로 - 기타,승용,여,40세,기타불명,보행자,남,45세,경상
695,2018060400100627,2018년 6월 4일 22시,월요일,전라남도 순천시 풍덕동,경상사고,0,0,1,0,차대사람 - 기타,안전운전불이행,포장 - 건조,맑음,기타 - 기타,자전거,남,18세,상해없음,보행자,남,55세,경상
696,2018060500100407,2018년 6월 5일 16시,화요일,전라남도 목포시 산정동,중상사고,0,1,0,0,차대사람 - 기타,안전운전불이행,포장 - 건조,맑음,단일로 - 기타,승용,여,62세,기타불명,보행자,여,82세,중상
697,2018060500100452,2018년 6월 5일 17시,화요일,전라남도 화순군 화순읍,중상사고,0,1,0,0,차대사람 - 횡단중,안전운전불이행,포장 - 건조,맑음,단일로 - 기타,승용,남,47세,상해없음,보행자,남,55세,중상
698,2018060500100514,2018년 6월 5일 18시,화요일,전라남도 목포시 호남동,경상사고,0,0,1,0,차대사람 - 기타,안전운전불이행,포장 - 기타,맑음,단일로 - 기타,기타불명,기타불명,미분류,기타불명,보행자,여,71세,경상
699,2018060500100672,2018년 6월 5일 23시,화요일,전라남도 목포시 상동,경상사고,0,0,1,0,차대사람 - 횡단중,보행자보호의무위반,포장 - 건조,맑음,교차로 - 교차로부근,승용,남,25세,상해없음,보행자,남,69세,경상
700,2018060600100197,2018년 6월 6일 11시,수요일,전라남도 여수시 서교동,경상사고,0,0,1,0,차대사람 - 길가장자리구역통행중,안전운전불이행,포장 - 건조,맑음,단일로 - 기타,승용,여,52세,상해없음,보행자,여,78세,경상
701,2018060600100351,2018년 6월 6일 15시,수요일,전라남도 여수시 문수동,경상사고,0,0,2,0,차대사람 - 횡단중,안전운전불이행,포장 - 건조,맑음,단일로 - 기타,승용,여,44세,상해없음,보행자,여,7세,경상
702,2018060600100385,2018년 6월 6일 16시,수요일,전라남도 순천시 해룡면,중상사고,0,1,0,0,차대사람 - 횡단중,신호위반,포장 - 건조,맑음,교차로 - 교차로횡단보도내,이륜,남,22세,상해없음,보행자,남,13세,중상
703,2018060600100562,2018년 6월 6일 22시,수요일,전라남도 목포시 산정동,경상사고,0,0,1,0,차대사람 - 기타,안전운전불이행,포장 - 건조,맑음,기타 - 기타,승용,남,26세,상해없음,보행자,남,52세,경상
704,2018060700100369,2018년 6월 7일 16시,목요일,전라남도 목포시 상동,중상사고,0,1,0,0,차대사람 - 횡단중,보행자보호의무위반,포장 - 건조,맑음,교차로 - 교차로횡단보도내,화물,남,43세,상해없음,보행자,여,81세,중상
705,2018060700100404,2018년 6월 7일 17시,목요일,전라남도 광양시 옥룡면,중상사고,0,1,0,0,차대사람 - 기타,안전운전불이행,포장 - 건조,맑음,교차로 - 교차로안,승용,여,75세,상해없음,보행자,남,63세,중상
706,2018060800100047,2018년 6월 8일 04시,금요일,전라남도 순천시 조례동,중상사고,0,1,0,0,차대사람 - 횡단중,안전운전불이행,포장 - 건조,맑음,교차로 - 교차로부근,승용,남,37세,상해없음,보행자,여,60세,중상
707,2018060800100477,2018년 6월 8일 17시,금요일,전라남도 목포시 용당동,경상사고,0,0,1,0,차대사람 - 횡단중,보행자보호의무위반,포장 - 건조,맑음,단일로 - 기타,승합,남,45세,상해없음,보행자,여,66세,경상
708,2018060800100478,2018년 6월 8일 17시,금요일,전라남도 목포시 용해동,경상사고,0,0,1,0,차대사람 - 차도통행중,안전운전불이행,포장 - 건조,맑음,단일로 - 기타,승용,여,46세,상해없음,보행자,여,80세,경상
709,2018060800100570,2018년 6월 8일 19시,금요일,전라남도 목포시 옥암동,경상사고,0,0,1,0,차대사람 - 횡단중,안전운전불이행,포장 - 건조,맑음,단일로 - 기타,승용,남,40세,상해없음,보행자,여,69세,경상
710,2018060800100693,2018년 6월 8일 23시,금요일,전라남도 순천시 조곡동,사망사고,1,0,0,0,차대사람 - 횡단중,안전운전불이행,포장 - 건조,맑음,교차로 - 교차로안,승용,남,51세,상해없음,보행자,남,66세,사망
711,2018060900100066,2018년 6월 9일 04시,토요일,전라남도 목포시 온금동,경상사고,0,0,1,0,차대사람 - 기타,안전운전불이행,포장 - 건조,맑음,단일로 - 기타,승용,여,48세,상해없음,보행자,남,80세,경상
712,2018060900100215,2018년 6월 9일 11시,토요일,전라남도 나주시 삼영동,경상사고,0,0,1,0,차대사람 - 길가장자리구역통행중,안전운전불이행,포장 - 건조,맑음,단일로 - 기타,승용,남,57세,상해없음,보행자,여,52세,경상
713,2018060900100360,2018년 6월 9일 15시,토요일,전라남도 나주시 노안면,경상사고,0,0,1,0,차대사람 - 길가장자리구역통행중,안전운전불이행,포장 - 건조,맑음,단일로 - 기타,화물,남,39세,상해없음,보행자,여,47세,경상
714,2018060900100504,2018년 6월 9일 19시,토요일,전라남도 여수시 군자동,경상사고,0,0,1,0,차대사람 - 횡단중,보행자보호의무위반,포장 - 건조,맑음,교차로 - 교차로횡단보도내,승용,여,51세,상해없음,보행자,남,73세,경상
715,2018060900100582,2018년 6월 9일 21시,토요일,전라남도 고흥군 도양읍,경상사고,0,0,1,0,차대사람 - 기타,안전운전불이행,포장 - 건조,맑음,주차장 - 주차장,승용,남,41세,상해없음,보행자,남,58세,경상
716,2018061000100065,2018년 6월 10일 03시,일요일,전라남도 여수시 학동,경상사고,0,0,1,0,차대사람 - 횡단중,안전운전불이행,포장 - 건조,맑음,교차로 - 교차로안,승용,남,19세,상해없음,보행자,남,56세,경상
717,2018061000100279,2018년 6월 10일 15시,일요일,전라남도 보성군 회천면,중상사고,0,1,0,0,차대사람 - 기타,안전운전불이행,포장 - 건조,맑음,단일로 - 기타,건설기계,남,45세,상해없음,보행자,남,73세,중상
718,2018061100100269,2018년 6월 11일 13시,월요일,전라남도 목포시 산정동,중상사고,0,1,0,0,차대사람 - 기타,안전운전불이행,포장 - 건조,맑음,교차로 - 교차로부근,승용,여,51세,상해없음,보행자,여,63세,중상
719,2018061100100382,2018년 6월 11일 16시,월요일,전라남도 고흥군 과역면,경상사고,0,0,1,0,차대사람 - 기타,안전운전불이행,포장 - 건조,맑음,단일로 - 기타,화물,남,46세,상해없음,보행자,여,64세,경상
720,2018061100100524,2018년 6월 11일 20시,월요일,전라남도 영암군 영암읍,중상사고,0,1,0,0,차대사람 - 횡단중,안전운전불이행,포장 - 건조,맑음,교차로 - 교차로부근,승용,여,49세,상해없음,보행자,여,63세,중상
721,2018061100100552,2018년 6월 11일 21시,월요일,전라남도 고흥군 도덕면,중상사고,0,1,0,0,차대사람 - 기타,안전운전불이행,포장 - 젖음/습기,비,단일로 - 기타,화물,남,47세,상해없음,보행자,남,70세,중상
722,2018061200100036,2018년 6월 12일 04시,화요일,전라남도 여수시 신기동,중상사고,0,1,0,0,차대사람 - 횡단중,안전운전불이행,포장 - 건조,맑음,단일로 - 기타,승용,남,64세,상해없음,보행자,남,49세,중상
723,2018061200100197,2018년 6월 12일 10시,화요일,전라남도 해남군 송지면,경상사고,0,0,1,0,차대사람 - 기타,안전운전불이행,포장 - 건조,맑음,단일로 - 기타,화물,남,58세,상해없음,보행자,남,28세,경상
724,2018061200100315,2018년 6월 12일 14시,화요일,전라남도 영광군 영광읍,경상사고,0,0,1,0,차대사람 - 횡단중,안전운전불이행,포장 - 건조,맑음,교차로 - 교차로부근,승용,여,44세,상해없음,보행자,여,7세,경상
725,2018061200100437,2018년 6월 12일 17시,화요일,전라남도 순천시 왕지동,경상사고,0,0,1,0,차대사람 - 기타,보행자보호의무위반,포장 - 건조,맑음,교차로 - 교차로횡단보도내,승용,남,57세,상해없음,보행자,남,11세,경상
726,2018061200100439,2018년 6월 12일 17시,화요일,전라남도 담양군 월산면,중상사고,0,1,0,0,차대사람 - 기타,안전운전불이행,포장 - 건조,맑음,기타 - 기타,승용,여,45세,상해없음,보행자,남,29세,중상
727,2018061200100573,2018년 6월 12일 20시,화요일,전라남도 화순군 화순읍,중상사고,0,1,0,0,차대사람 - 횡단중,안전운전불이행,포장 - 건조,맑음,단일로 - 기타,승용,여,53세,상해없음,보행자,남,76세,중상
728,2018061200100605,2018년 6월 12일 21시,화요일,전라남도 무안군 삼향읍,부상신고사고,0,0,0,1,차대사람 - 횡단중,보행자보호의무위반,포장 - 건조,맑음,교차로 - 교차로안,승용,남,45세,상해없음,보행자,여,35세,부상신고
729,2018061300100209,2018년 6월 13일 11시,수요일,전라남도 장성군 장성읍,중상사고,0,1,1,0,차대사람 - 차도통행중,중앙선침범,포장 - 건조,맑음,단일로 - 기타,건설기계,남,43세,상해없음,보행자,남,84세,중상
730,2018061400100109,2018년 6월 14일 08시,목요일,전라남도 목포시 산정동,경상사고,0,0,1,0,차대사람 - 횡단중,안전운전불이행,포장 - 건조,맑음,기타 - 기타,기타불명,기타불명,미분류,기타불명,보행자,여,75세,경상
731,2018061400100110,2018년 6월 14일 08시,목요일,전라남도 나주시 이창동,경상사고,0,0,1,0,차대사람 - 기타,안전운전불이행,포장 - 건조,맑음,단일로 - 기타,승용,여,40세,상해없음,보행자,여,15세,경상
732,2018061400100264,2018년 6월 14일 13시,목요일,전라남도 고흥군 점암면,중상사고,0,2,0,0,차대사람 - 기타,안전운전불이행,포장 - 건조,맑음,단일로 - 기타,특수,남,58세,중상,보행자,남,47세,중상
733,2018061400100291,2018년 6월 14일 14시,목요일,전라남도 장흥군 관산읍,중상사고,0,1,0,0,차대사람 - 차도통행중,안전운전불이행,포장 - 건조,맑음,단일로 - 기타,화물,남,78세,상해없음,보행자,남,22세,중상
734,2018061400100292,2018년 6월 14일 14시,목요일,전라남도 고흥군 고흥읍,중상사고,0,1,0,0,차대사람 - 길가장자리구역통행중,안전운전불이행,포장 - 건조,맑음,단일로 - 기타,이륜,남,26세,상해없음,보행자,여,57세,중상
735,2018061400100486,2018년 6월 14일 18시,목요일,전라남도 여수시 충무동,중상사고,0,1,0,0,차대사람 - 기타,보행자보호의무위반,포장 - 건조,맑음,단일로 - 기타,승용,여,59세,상해없음,보행자,남,8세,중상
736,2018061400100487,2018년 6월 14일 18시,목요일,전라남도 여수시 충무동,경상사고,0,0,1,0,차대사람 - 기타,안전운전불이행,포장 - 건조,맑음,기타 - 기타,이륜,남,61세,기타불명,보행자,남,16세,경상
737,2018061400100584,2018년 6월 14일 21시,목요일,전라남도 여수시 미평동,경상사고,0,0,1,0,차대사람 - 기타,안전운전불이행,포장 - 건조,맑음,단일로 - 기타,승합,남,60세,상해없음,보행자,남,55세,경상
738,2018061500100498,2018년 6월 15일 18시,금요일,전라남도 목포시 연산동,경상사고,0,0,1,0,차대사람 - 기타,안전운전불이행,포장 - 건조,맑음,단일로 - 기타,승용,여,51세,상해없음,보행자,여,63세,경상
739,2018061500100645,2018년 6월 15일 22시,금요일,전라남도 목포시 산정동,경상사고,0,0,2,0,차대사람 - 기타,교차로운행방법위반,포장 - 건조,맑음,교차로 - 교차로안,승용,남,54세,상해없음,보행자,여,20세,경상
740,2018061600100119,2018년 6월 16일 08시,토요일,전라남도 여수시 교동,경상사고,0,0,1,0,차대사람 - 기타,안전운전불이행,포장 - 건조,맑음,교차로 - 교차로부근,승용,남,61세,상해없음,보행자,여,65세,경상
741,2018061600100139,2018년 6월 16일 09시,토요일,전라남도 해남군 산이면,중상사고,0,1,0,0,차대사람 - 기타,안전운전불이행,비포장 - 건조,맑음,기타 - 기타,화물,남,61세,상해없음,보행자,남,66세,중상
742,2018061600100376,2018년 6월 16일 16시,토요일,전라남도 순천시 조례동,중상사고,0,1,0,0,차대사람 - 기타,신호위반,포장 - 건조,맑음,교차로 - 교차로안,승용,남,21세,상해없음,보행자,여,12세,중상
743,2018061600100419,2018년 6월 16일 17시,토요일,전라남도 여수시 종화동,경상사고,0,0,1,0,차대사람 - 길가장자리구역통행중,안전운전불이행,포장 - 건조,맑음,단일로 - 기타,기타불명,기타불명,미분류,기타불명,보행자,여,73세,경상
744,2018061700100137,2018년 6월 17일 10시,일요일,전라남도 목포시 산정동,경상사고,0,0,1,0,차대사람 - 기타,안전운전불이행,포장 - 건조,맑음,단일로 - 기타,화물,남,72세,상해없음,보행자,남,50세,경상
745,2018061700100351,2018년 6월 17일 18시,일요일,전라남도 목포시 죽교동,중상사고,0,1,0,0,차대사람 - 보도통행중,보행자보호의무위반,포장 - 건조,맑음,교차로 - 교차로횡단보도내,화물,남,58세,상해없음,보행자,여,57세,중상
746,2018061800100117,2018년 6월 18일 08시,월요일,전라남도 여수시 학동,경상사고,0,0,1,0,차대사람 - 기타,안전운전불이행,포장 - 건조,맑음,기타 - 기타,승용,남,31세,상해없음,보행자,여,46세,경상
747,2018061800100234,2018년 6월 18일 11시,월요일,전라남도 여수시 선원동,경상사고,0,0,1,0,차대사람 - 횡단중,안전운전불이행,포장 - 건조,맑음,교차로 - 교차로안,화물,남,59세,상해없음,보행자,여,75세,경상
748,2018061900100210,2018년 6월 19일 11시,화요일,전라남도 여수시 학동,경상사고,0,0,1,0,차대사람 - 기타,안전운전불이행,포장 - 젖음/습기,흐림,단일로 - 기타,승용,남,64세,상해없음,보행자,여,38세,경상
749,2018061900100546,2018년 6월 19일 21시,화요일,전라남도 여수시 미평동,경상사고,0,0,1,0,차대사람 - 횡단중,중앙선침범,포장 - 젖음/습기,비,교차로 - 교차로부근,승용,남,36세,상해없음,보행자,남,34세,경상
750,2018062000100136,2018년 6월 20일 09시,수요일,전라남도 해남군 해남읍,경상사고,0,0,1,0,차대사람 - 횡단중,안전운전불이행,포장 - 건조,맑음,교차로 - 교차로안,화물,남,54세,상해없음,보행자,남,81세,경상
751,2018062000100137,2018년 6월 20일 09시,수요일,전라남도 영암군 영암읍,사망사고,1,0,0,0,차대사람 - 차도통행중,안전운전불이행,포장 - 건조,맑음,단일로 - 교량,화물,남,53세,상해없음,보행자,남,84세,사망
752,2018062000100190,2018년 6월 20일 11시,수요일,전라남도 목포시 산정동,경상사고,0,0,1,0,차대사람 - 횡단중,보행자보호의무위반,포장 - 건조,맑음,교차로 - 교차로횡단보도내,승용,여,59세,상해없음,보행자,남,63세,경상
753,2018062000100443,2018년 6월 20일 18시,수요일,전라남도 여수시 봉강동,경상사고,0,0,2,0,차대사람 - 횡단중,신호위반,포장 - 건조,맑음,교차로 - 교차로횡단보도내,승용,여,42세,상해없음,보행자,여,17세,경상
754,2018062000100446,2018년 6월 20일 18시,수요일,전라남도 순천시 동외동,경상사고,0,0,1,0,차대사람 - 기타,안전운전불이행,포장 - 건조,맑음,기타 - 기타,자전거,남,42세,상해없음,보행자,남,57세,경상
755,2018062100100217,2018년 6월 21일 11시,목요일,전라남도 여수시 신기동,중상사고,0,1,0,0,차대사람 - 횡단중,안전운전불이행,포장 - 건조,맑음,단일로 - 기타,승용,남,53세,상해없음,보행자,남,43세,중상
756,2018062100100627,2018년 6월 21일 22시,목요일,전라남도 여수시 광무동,중상사고,0,1,0,0,차대사람 - 횡단중,안전운전불이행,포장 - 건조,맑음,단일로 - 기타,화물,남,61세,상해없음,보행자,남,49세,중상
757,2018062100100651,2018년 6월 21일 23시,목요일,전라남도 해남군 해남읍,중상사고,0,1,0,0,차대사람 - 횡단중,안전운전불이행,포장 - 건조,맑음,교차로 - 교차로안,승용,남,28세,상해없음,보행자,남,44세,중상
758,2018062200100450,2018년 6월 22일 16시,금요일,전라남도 여수시 문수동,경상사고,0,0,1,0,차대사람 - 기타,안전운전불이행,포장 - 건조,맑음,단일로 - 기타,승용,여,20세,상해없음,보행자,남,50세,경상
759,2018062200100451,2018년 6월 22일 16시,금요일,전라남도 순천시 왕지동,부상신고사고,0,0,0,2,차대사람 - 기타,안전운전불이행,포장 - 건조,맑음,주차장 - 주차장,승용,여,42세,상해없음,보행자,여,9세,부상신고
760,2018062300100520,2018년 6월 23일 20시,토요일,전라남도 여수시 공화동,중상사고,0,1,0,0,차대사람 - 횡단중,보행자보호의무위반,포장 - 건조,맑음,단일로 - 기타,승용,여,47세,상해없음,보행자,여,81세,중상
761,2018062300100552,2018년 6월 23일 21시,토요일,전라남도 목포시 상동,중상사고,0,1,0,0,차대사람 - 횡단중,보행자보호의무위반,포장 - 건조,맑음,단일로 - 기타,승용,남,56세,상해없음,보행자,남,71세,중상
762,2018062400100015,2018년 6월 24일 00시,일요일,전라남도 순천시 매곡동,중상사고,0,1,0,0,차대사람 - 횡단중,보행자보호의무위반,포장 - 건조,맑음,단일로 - 기타,승용,남,50세,상해없음,보행자,남,21세,중상
763,2018062400100251,2018년 6월 24일 15시,일요일,전라남도 목포시 상동,부상신고사고,0,0,0,1,차대사람 - 기타,안전운전불이행,포장 - 건조,맑음,단일로 - 기타,승용,여,28세,상해없음,보행자,여,34세,부상신고
764,2018062400100410,2018년 6월 24일 21시,일요일,전라남도 목포시 용당동,경상사고,0,0,1,0,차대사람 - 기타,안전운전불이행,포장 - 건조,맑음,단일로 - 기타,화물,남,68세,상해없음,보행자,여,44세,경상
765,2018062500100163,2018년 6월 25일 09시,월요일,전라남도 목포시 항동,중상사고,0,1,0,0,차대사람 - 기타,안전운전불이행,포장 - 건조,맑음,기타 - 기타,화물,남,41세,상해없음,보행자,여,81세,중상
766,2018062500100365,2018년 6월 25일 14시,월요일,전라남도 여수시 돌산읍,경상사고,0,0,1,0,차대사람 - 길가장자리구역통행중,안전운전불이행,포장 - 건조,맑음,단일로 - 기타,화물,남,28세,상해없음,보행자,남,84세,경상
767,2018062500100407,2018년 6월 25일 15시,월요일,전라남도 고흥군 고흥읍,경상사고,0,0,1,0,차대사람 - 횡단중,신호위반,포장 - 건조,맑음,교차로 - 교차로횡단보도내,승용,남,33세,상해없음,보행자,여,10세,경상
768,2018062500100497,2018년 6월 25일 17시,월요일,전라남도 목포시 상락동2가,중상사고,0,1,0,0,차대사람 - 기타,안전운전불이행,포장 - 건조,맑음,교차로 - 교차로안,승용,남,40세,상해없음,보행자,여,69세,중상
769,2018062500100499,2018년 6월 25일 17시,월요일,전라남도 순천시 해룡면,중상사고,0,1,0,0,차대사람 - 횡단중,보행자보호의무위반,포장 - 건조,맑음,교차로 - 교차로부근,승용,남,48세,상해없음,보행자,남,6세,중상
770,2018062500100500,2018년 6월 25일 17시,월요일,전라남도 함평군 함평읍,경상사고,0,0,1,0,차대사람 - 횡단중,안전운전불이행,포장 - 건조,맑음,주차장 - 주차장,승용,여,34세,상해없음,보행자,남,28세,경상
771,2018062600100481,2018년 6월 26일 18시,화요일,전라남도 목포시 용해동,중상사고,0,1,0,0,차대사람 - 횡단중,안전운전불이행,포장 - 건조,맑음,단일로 - 기타,승용,남,25세,상해없음,보행자,남,8세,중상
772,2018062700100115,2018년 6월 27일 08시,수요일,전라남도 목포시 남교동,중상사고,0,1,0,0,차대사람 - 기타,기타,포장 - 젖음/습기,비,단일로 - 기타,승합,남,66세,상해없음,보행자,여,79세,중상
773,2018062700100193,2018년 6월 27일 11시,수요일,전라남도 장흥군 장흥읍,중상사고,0,1,0,0,차대사람 - 차도통행중,안전운전불이행,포장 - 건조,맑음,교차로 - 교차로안,승용,여,45세,상해없음,보행자,여,80세,중상
774,2018062700100194,2018년 6월 27일 11시,수요일,전라남도 화순군 화순읍,경상사고,0,0,1,0,차대사람 - 기타,안전운전불이행,포장 - 건조,맑음,단일로 - 기타,승용,남,27세,상해없음,보행자,남,45세,경상
775,2018062700100241,2018년 6월 27일 13시,수요일,전라남도 고흥군 도양읍,중상사고,0,1,0,0,차대사람 - 기타,안전운전불이행,포장 - 건조,맑음,단일로 - 기타,화물,남,36세,상해없음,보행자,여,62세,중상
776,2018062700100242,2018년 6월 27일 13시,수요일,전라남도 곡성군 옥과면,경상사고,0,0,1,0,차대사람 - 길가장자리구역통행중,안전운전불이행,포장 - 건조,맑음,단일로 - 기타,승용,남,53세,상해없음,보행자,여,81세,경상
777,2018062700100508,2018년 6월 27일 21시,수요일,전라남도 목포시 창평동,중상사고,0,1,0,0,차대사람 - 기타,안전운전불이행,포장 - 젖음/습기,비,교차로 - 교차로안,승용,남,59세,상해없음,보행자,남,57세,중상
778,2018062800100199,2018년 6월 28일 10시,목요일,전라남도 순천시 외서면,중상사고,0,1,0,0,차대사람 - 기타,안전운전불이행,포장 - 건조,맑음,단일로 - 기타,화물,남,63세,상해없음,보행자,여,63세,중상
779,2018062800100227,2018년 6월 28일 11시,목요일,전라남도 여수시 공화동,중상사고,0,1,0,0,차대사람 - 횡단중,보행자보호의무위반,포장 - 젖음/습기,비,단일로 - 기타,승용,여,63세,상해없음,보행자,남,87세,중상
780,2018062800100397,2018년 6월 28일 17시,목요일,전라남도 순천시 연향동,부상신고사고,0,0,0,1,차대사람 - 기타,안전운전불이행,포장 - 건조,흐림,단일로 - 기타,승용,남,46세,상해없음,보행자,남,3세,부상신고
781,2018062900100012,2018년 6월 29일 00시,금요일,전라남도 나주시 삼영동,사망사고,1,0,0,0,차대사람 - 기타,안전운전불이행,포장 - 건조,맑음,기타 - 기타,화물,남,20세,상해없음,보행자,남,53세,사망
782,2018062900100152,2018년 6월 29일 09시,금요일,전라남도 해남군 송지면,중상사고,0,1,0,0,차대사람 - 기타,안전운전불이행,포장 - 건조,맑음,단일로 - 기타,승용,남,58세,상해없음,보행자,여,38세,중상
783,2018062900100344,2018년 6월 29일 15시,금요일,전라남도 순천시 연향동,중상사고,0,1,0,0,차대사람 - 기타,안전운전불이행,포장 - 건조,맑음,교차로 - 교차로안,승용,남,52세,상해없음,보행자,남,47세,중상
784,2018062900100473,2018년 6월 29일 18시,금요일,전라남도 목포시 용당동,경상사고,0,0,1,0,차대사람 - 길가장자리구역통행중,안전운전불이행,포장 - 건조,맑음,단일로 - 기타,승용,여,52세,상해없음,보행자,남,26세,경상
785,2018062900100580,2018년 6월 29일 21시,금요일,전라남도 목포시 옥암동,경상사고,0,0,1,0,차대사람 - 횡단중,보행자보호의무위반,포장 - 젖음/습기,비,교차로 - 교차로안,승용,여,57세,상해없음,보행자,여,16세,경상
786,2018062900100614,2018년 6월 29일 22시,금요일,전라남도 해남군 해남읍,경상사고,0,0,1,0,차대사람 - 기타,안전운전불이행,포장 - 건조,맑음,단일로 - 기타,승용,남,19세,상해없음,보행자,남,29세,경상
787,2018063000100102,2018년 6월 30일 07시,토요일,전라남도 여수시 돌산읍,중상사고,0,1,0,0,차대사람 - 횡단중,안전운전불이행,포장 - 건조,맑음,단일로 - 기타,승용,남,56세,상해없음,보행자,여,42세,중상
788,2018063000100388,2018년 6월 30일 17시,토요일,전라남도 보성군 회천면,중상사고,0,1,0,0,차대사람 - 기타,안전운전불이행,포장 - 젖음/습기,비,기타 - 기타,승용,남,57세,상해없음,보행자,남,60세,중상
789,2018063000100448,2018년 6월 30일 19시,토요일,전라남도 화순군 화순읍,중상사고,0,1,0,0,차대사람 - 횡단중,안전운전불이행,포장 - 젖음/습기,비,단일로 - 교량,승용,남,49세,상해없음,보행자,여,67세,중상
790,2018070100100460,2018년 7월 1일 22시,일요일,전라남도 나주시 동강면,중상사고,0,1,0,0,차대사람 - 횡단중,안전운전불이행,포장 - 건조,맑음,단일로 - 기타,승용,남,38세,상해없음,보행자,남,50세,중상
791,2018070200100262,2018년 7월 2일 13시,월요일,전라남도 목포시 용당동,경상사고,0,0,1,0,차대사람 - 횡단중,안전운전불이행,포장 - 건조,맑음,단일로 - 기타,승용,남,61세,상해없음,보행자,여,18세,경상
792,2018070200100364,2018년 7월 2일 16시,월요일,전라남도 강진군 강진읍,중상사고,0,1,0,0,차대사람 - 횡단중,보행자보호의무위반,포장 - 건조,맑음,단일로 - 기타,승용,여,61세,상해없음,보행자,여,10세,중상
793,2018070200100613,2018년 7월 2일 22시,월요일,전라남도 순천시 연향동,경상사고,0,0,1,0,차대사람 - 횡단중,안전운전불이행,포장 - 젖음/습기,비,교차로 - 교차로횡단보도내,승용,여,48세,상해없음,보행자,남,18세,경상