,사고번호,사고일시,요일,시군구,사고내용,사망자수,중상자수,경상자수,부상신고자수,사고유형,법규위반,노면상태,기상상태,도로형태,가해운전자 차종,가해운전자 성별,가해운전자 연령,가해운전자 상해정도,피해운전자 차종,피해운전자 성별,피해운전자 연령,피해운전자 상해정도
2370,2019053000100043,2019년 5월 30일 01시,목요일,전라남도 순천시 서면,경상사고,0,0,1,0,차대사람 - 차도통행중,안전운전불이행,포장 - 건조,맑음,단일로 - 기타,기타불명,기타불명,미분류,기타불명,보행자,남,76세,경상
2371,2019053000100203,2019년 5월 30일 09시,목요일,전라남도 여수시 신기동,경상사고,0,0,1,0,차대사람 - 차도통행중,안전운전불이행,포장 - 건조,맑음,교차로 - 교차로부근,승합,남,62세,상해없음,보행자,여,27세,경상
2372,2019053000100372,2019년 5월 30일 15시,목요일,전라남도 여수시 소라면,중상사고,0,1,0,0,차대사람 - 기타,안전운전불이행,포장 - 건조,맑음,단일로 - 기타,승용,여,58세,상해없음,보행자,남,10세,중상
2373,2019053000100489,2019년 5월 30일 18시,목요일,전라남도 광양시 옥곡면,중상사고,0,1,0,0,차대사람 - 길가장자리구역통행중,안전운전불이행,포장 - 건조,맑음,단일로 - 기타,화물,남,50세,상해없음,보행자,여,75세,중상
2374,2019053100100089,2019년 5월 31일 05시,금요일,전라남도 목포시 죽교동,경상사고,0,0,1,0,차대사람 - 기타,안전운전불이행,포장 - 건조,맑음,단일로 - 기타,승용,남,54세,상해없음,보행자,여,13세,경상
2375,2019053100100125,2019년 5월 31일 07시,금요일,전라남도 구례군 용방면,중상사고,0,1,0,0,차대사람 - 횡단중,안전운전불이행,포장 - 건조,맑음,단일로 - 기타,승용,남,35세,상해없음,보행자,남,45세,중상
2376,2019053100100155,2019년 5월 31일 08시,금요일,전라남도 신안군 하의면,경상사고,0,0,2,0,차대사람 - 기타,안전운전불이행,포장 - 건조,맑음,기타 - 기타,원동기,남,74세,경상,보행자,여,68세,경상
2377,2019053100100380,2019년 5월 31일 14시,금요일,전라남도 목포시 용당동,경상사고,0,0,1,0,차대사람 - 기타,안전운전불이행,포장 - 건조,맑음,단일로 - 기타,승용,남,69세,상해없음,보행자,여,69세,경상
2378,2019053100100381,2019년 5월 31일 14시,금요일,전라남도 여수시 돌산읍,중상사고,0,1,0,0,차대사람 - 기타,안전운전불이행,포장 - 건조,맑음,단일로 - 기타,승용,남,66세,상해없음,보행자,여,78세,중상
2379,2019053100100525,2019년 5월 31일 17시,금요일,전라남도 고흥군 과역면,중상사고,0,1,0,0,차대사람 - 기타,안전운전불이행,포장 - 건조,맑음,교차로 - 교차로안,화물,남,62세,상해없음,보행자,여,71세,중상
2380,2019053100100526,2019년 5월 31일 17시,금요일,전라남도 광양시 광양읍,중상사고,0,1,0,0,차대사람 - 기타,기타,포장 - 건조,맑음,교차로 - 교차로부근,승용,남,65세,상해없음,보행자,남,34세,중상
2381,2019053100100588,2019년 5월 31일 18시,금요일,전라남도 목포시 상동,경상사고,0,0,1,0,차대사람 - 기타,안전운전불이행,포장 - 건조,맑음,단일로 - 기타,승용,남,37세,상해없음,보행자,여,74세,경상
2382,2019053100100642,2019년 5월 31일 19시,금요일,전라남도 여수시 돌산읍,중상사고,0,1,0,0,차대사람 - 횡단중,안전운전불이행,포장 - 건조,맑음,단일로 - 기타,승용,남,77세,상해없음,보행자,여,86세,중상
2383,2019053100100672,2019년 5월 31일 20시,금요일,전라남도 광양시 옥곡면,경상사고,0,0,1,0,차대사람 - 기타,안전운전불이행,포장 - 건조,맑음,단일로 - 기타,승합,남,54세,상해없음,보행자,남,56세,경상
2384,2019060100100067,2019년 6월 1일 02시,토요일,전라남도 순천시 연향동,사망사고,1,0,0,0,차대사람 - 차도통행중,과속,포장 - 건조,맑음,단일로 - 기타,승용,남,27세,상해없음,보행자,남,23세,사망
2385,2019060100100136,2019년 6월 1일 08시,토요일,전라남도 담양군 담양읍,사망사고,1,0,0,0,차대사람 - 횡단중,과속,포장 - 건조,맑음,교차로 - 교차로안,승용,여,64세,상해없음,보행자,여,67세,사망
2386,2019060100100230,2019년 6월 1일 11시,토요일,전라남도 목포시 상동,경상사고,0,0,1,0,차대사람 - 기타,안전운전불이행,포장 - 건조,맑음,단일로 - 기타,승용,여,53세,상해없음,보행자,남,53세,경상
2387,2019060100100268,2019년 6월 1일 12시,토요일,전라남도 여수시 문수동,경상사고,0,0,1,0,차대사람 - 차도통행중,안전운전불이행,포장 - 건조,맑음,교차로 - 교차로안,승용,여,40세,상해없음,보행자,여,79세,경상
2388,2019060100100345,2019년 6월 1일 14시,토요일,전라남도 무안군 무안읍,중상사고,0,1,0,0,차대사람 - 횡단중,안전운전불이행,포장 - 건조,맑음,교차로 - 교차로부근,승용,남,32세,상해없음,보행자,여,86세,중상
2389,2019060100100385,2019년 6월 1일 15시,토요일,전라남도 목포시 산정동,경상사고,0,0,1,0,차대사람 - 기타,기타,포장 - 건조,맑음,단일로 - 기타,승용,남,35세,상해없음,보행자,남,4세,경상
2390,2019060100100471,2019년 6월 1일 17시,토요일,전라남도 목포시 산정동,경상사고,0,0,1,0,차대사람 - 기타,안전운전불이행,포장 - 건조,맑음,교차로 - 교차로부근,승용,남,70세,상해없음,보행자,여,78세,경상
2391,2019060100100540,2019년 6월 1일 20시,토요일,전라남도 화순군 도곡면,중상사고,0,1,0,0,차대사람 - 보도통행중,보행자보호의무위반,포장 - 건조,맑음,단일로 - 기타,승용,남,56세,상해없음,보행자,여,71세,중상
2392,2019060200100308,2019년 6월 2일 16시,일요일,전라남도 여수시 웅천동,경상사고,0,0,1,0,차대사람 - 기타,안전운전불이행,포장 - 건조,맑음,단일로 - 기타,자전거,남,10세,상해없음,보행자,여,5세,경상
2393,2019060200100373,2019년 6월 2일 18시,일요일,전라남도 목포시 용해동,경상사고,0,0,1,0,차대사람 - 기타,기타,포장 - 건조,맑음,기타 - 기타,기타불명,기타불명,미분류,기타불명,보행자,남,64세,경상
2394,2019060300100111,2019년 6월 3일 07시,월요일,전라남도 강진군 대구면,경상사고,0,0,1,0,차대사람 - 차도통행중,안전운전불이행,포장 - 건조,맑음,단일로 - 기타,승합,남,34세,상해없음,보행자,여,72세,경상
2395,2019060300100187,2019년 6월 3일 09시,월요일,전라남도 여수시 봉산동,경상사고,0,0,1,0,차대사람 - 차도통행중,안전운전불이행,포장 - 건조,맑음,교차로 - 교차로안,승용,남,44세,상해없음,보행자,여,84세,경상
2396,2019060300100256,2019년 6월 3일 11시,월요일,전라남도 여수시 광무동,중상사고,0,1,0,0,차대사람 - 보도통행중,기타,포장 - 건조,맑음,단일로 - 기타,승용,여,36세,상해없음,보행자,여,79세,중상
2397,2019060300100465,2019년 6월 3일 17시,월요일,전라남도 고흥군 도화면,경상사고,0,0,1,0,차대사람 - 기타,안전운전불이행,포장 - 건조,맑음,단일로 - 기타,승용,여,50세,상해없음,보행자,남,24세,경상
2398,2019060400100034,2019년 6월 4일 01시,화요일,전라남도 여수시 소라면,경상사고,0,0,1,0,차대사람 - 기타,안전운전불이행,포장 - 건조,맑음,단일로 - 기타,승용,남,30세,상해없음,보행자,남,44세,경상
2399,2019060400100135,2019년 6월 4일 08시,화요일,전라남도 해남군 해남읍,중상사고,0,1,0,0,차대사람 - 차도통행중,안전운전불이행,포장 - 건조,맑음,단일로 - 기타,승용,여,44세,상해없음,보행자,남,79세,중상
2400,2019060400100254,2019년 6월 4일 11시,화요일,전라남도 목포시 남교동,중상사고,0,1,0,0,차대사람 - 기타,안전운전불이행,포장 - 건조,맑음,교차로 - 교차로부근,화물,남,73세,상해없음,보행자,여,89세,중상
2401,2019060400100382,2019년 6월 4일 15시,화요일,전라남도 목포시 죽동,경상사고,0,0,1,0,차대사람 - 횡단중,안전운전불이행,포장 - 건조,맑음,교차로 - 교차로안,승용,여,54세,상해없음,보행자,여,76세,경상
2402,2019060400100423,2019년 6월 4일 16시,화요일,전라남도 여수시 화장동,경상사고,0,0,1,0,차대사람 - 횡단중,안전운전불이행,포장 - 건조,맑음,단일로 - 기타,화물,남,53세,상해없음,보행자,여,57세,경상
2403,2019060400100486,2019년 6월 4일 17시,화요일,전라남도 무안군 삼향읍,경상사고,0,0,1,0,차대사람 - 횡단중,신호위반,포장 - 건조,맑음,교차로 - 교차로횡단보도내,이륜,남,34세,상해없음,보행자,여,6세,경상
2404,2019060400100576,2019년 6월 4일 19시,화요일,전라남도 영광군 영광읍,경상사고,0,0,1,0,차대사람 - 횡단중,안전운전불이행,포장 - 건조,맑음,단일로 - 기타,승용,남,67세,상해없음,보행자,남,15세,경상
2405,2019060400100608,2019년 6월 4일 20시,화요일,전라남도 여수시 학동,중상사고,0,1,0,0,차대사람 - 횡단중,안전운전불이행,포장 - 건조,맑음,단일로 - 기타,승용,여,48세,상해없음,보행자,남,58세,중상
2406,2019060500100144,2019년 6월 5일 08시,수요일,전라남도 장흥군 관산읍,중상사고,0,1,0,0,차대사람 - 차도통행중,안전운전불이행,포장 - 건조,맑음,교차로 - 교차로안,승용,여,57세,상해없음,보행자,여,73세,중상
2407,2019060500100287,2019년 6월 5일 12시,수요일,전라남도 영암군 삼호읍,중상사고,0,1,0,0,차대사람 - 차도통행중,안전운전불이행,포장 - 건조,맑음,교차로 - 교차로안,특수,남,62세,상해없음,보행자,남,43세,중상
2408,2019060500100405,2019년 6월 5일 15시,수요일,전라남도 순천시 해룡면,중상사고,0,1,0,0,차대사람 - 기타,신호위반,포장 - 건조,맑음,교차로 - 교차로횡단보도내,이륜,남,30세,상해없음,보행자,여,8세,중상
2409,2019060500100446,2019년 6월 5일 16시,수요일,전라남도 목포시 용당동,경상사고,0,0,1,0,차대사람 - 횡단중,안전운전불이행,포장 - 건조,맑음,단일로 - 기타,승용,남,61세,상해없음,보행자,여,62세,경상
2410,2019060500100449,2019년 6월 5일 16시,수요일,전라남도 순천시 조례동,중상사고,0,1,0,0,차대사람 - 차도통행중,안전운전불이행,포장 - 건조,맑음,단일로 - 기타,승용,남,40세,상해없음,보행자,여,85세,중상
2411,2019060500100512,2019년 6월 5일 17시,수요일,전라남도 강진군 강진읍,경상사고,0,0,1,0,차대사람 - 기타,안전운전불이행,포장 - 건조,맑음,교차로 - 교차로안,승합,남,43세,상해없음,보행자,남,36세,경상
2412,2019060600100047,2019년 6월 6일 01시,목요일,전라남도 해남군 산이면,중상사고,0,1,0,0,차대사람 - 기타,안전운전불이행,포장 - 건조,흐림,단일로 - 기타,승용,남,51세,상해없음,보행자,남,54세,중상
2413,2019060600100069,2019년 6월 6일 02시,목요일,전라남도 고흥군 도양읍,경상사고,0,0,1,0,차대사람 - 기타,안전운전불이행,포장 - 건조,맑음,주차장 - 주차장,화물,남,48세,상해없음,보행자,남,37세,경상
2414,2019060600100196,2019년 6월 6일 11시,목요일,전라남도 신안군 자은면,중상사고,0,1,0,0,차대사람 - 기타,안전운전불이행,포장 - 건조,맑음,단일로 - 기타,기타불명,기타불명,미분류,기타불명,보행자,여,80세,중상
2415,2019060600100268,2019년 6월 6일 13시,목요일,전라남도 담양군 담양읍,경상사고,0,0,1,0,차대사람 - 횡단중,안전운전불이행,포장 - 건조,흐림,단일로 - 기타,승용,남,43세,상해없음,보행자,여,8세,경상
2416,2019060600100366,2019년 6월 6일 16시,목요일,전라남도 목포시 상동,경상사고,0,0,1,0,차대사람 - 기타,안전운전불이행,포장 - 젖음/습기,비,교차로 - 교차로안,화물,남,63세,상해없음,보행자,남,32세,경상
2417,2019060600100399,2019년 6월 6일 17시,목요일,전라남도 나주시 빛가람동,경상사고,0,0,1,0,차대사람 - 횡단중,안전운전불이행,포장 - 젖음/습기,비,단일로 - 기타,승용,여,45세,상해없음,보행자,여,18세,경상
2418,2019060600100510,2019년 6월 6일 20시,목요일,전라남도 무안군 무안읍,경상사고,0,0,2,0,차대사람 - 기타,안전운전불이행,포장 - 젖음/습기,흐림,교차로 - 교차로안,화물,남,57세,상해없음,보행자,여,16세,경상
2419,2019060600100559,2019년 6월 6일 21시,목요일,전라남도 목포시 상동,경상사고,0,0,1,0,차대사람 - 길가장자리구역통행중,안전운전불이행,포장 - 젖음/습기,비,교차로 - 교차로부근,승용,남,46세,상해없음,보행자,여,62세,경상
2420,2019060700100153,2019년 6월 7일 08시,금요일,전라남도 영암군 시종면,중상사고,0,1,0,0,차대사람 - 기타,중앙선침범,포장 - 젖음/습기,비,단일로 - 기타,승용,남,73세,상해없음,보행자,여,69세,중상
2421,2019060700100507,2019년 6월 7일 18시,금요일,전라남도 목포시 상동,중상사고,0,1,0,0,차대사람 - 기타,안전운전불이행,포장 - 건조,맑음,단일로 - 기타,승합,남,67세,상해없음,보행자,여,55세,중상
2422,2019060700100545,2019년 6월 7일 19시,금요일,전라남도 순천시 연향동,경상사고,0,0,1,0,차대사람 - 차도통행중,안전운전불이행,포장 - 건조,맑음,단일로 - 기타,기타불명,기타불명,미분류,기타불명,보행자,남,37세,경상
2423,2019060700100580,2019년 6월 7일 20시,금요일,전라남도 순천시 오천동,경상사고,0,0,1,0,차대사람 - 횡단중,보행자보호의무위반,포장 - 젖음/습기,비,교차로 - 교차로횡단보도내,승용,여,60세,상해없음,보행자,여,2세,경상
2424,2019060700100582,2019년 6월 7일 20시,금요일,전라남도 담양군 담양읍,중상사고,0,1,0,0,차대사람 - 횡단중,안전운전불이행,포장 - 젖음/습기,비,단일로 - 기타,화물,남,52세,상해없음,보행자,남,19세,중상
2425,2019060700100644,2019년 6월 7일 22시,금요일,전라남도 목포시 상동,경상사고,0,0,1,0,차대사람 - 기타,안전운전불이행,포장 - 건조,맑음,단일로 - 기타,승용,남,22세,상해없음,보행자,남,18세,경상
2426,2019060700100670,2019년 6월 7일 23시,금요일,전라남도 광양시 광양읍,경상사고,0,0,1,0,차대사람 - 횡단중,안전운전불이행,포장 - 건조,맑음,단일로 - 기타,승용,남,21세,상해없음,보행자,남,22세,경상
2427,2019060800100407,2019년 6월 8일 15시,토요일,전라남도 여수시 학동,경상사고,0,0,1,0,차대사람 - 기타,안전운전불이행,포장 - 건조,맑음,단일로 - 기타,승용,남,67세,상해없음,보행자,여,18세,경상
2428,2019060800100560,2019년 6월 8일 20시,토요일,전라남도 목포시 상동,경상사고,0,0,1,0,차대사람 - 기타,안전운전불이행,포장 - 건조,맑음,단일로 - 기타,승용,남,34세,상해없음,보행자,남,5세,경상
2429,2019060900100070,2019년 6월 9일 03시,일요일,전라남도 여수시 여서동,중상사고,0,1,0,0,차대사람 - 횡단중,보행자보호의무위반,포장 - 건조,맑음,교차로 - 교차로부근,승용,남,67세,상해없음,보행자,여,23세,중상
2430,2019060900100256,2019년 6월 9일 14시,일요일,전라남도 순천시 연향동,중상사고,0,1,0,0,차대사람 - 기타,안전운전불이행,포장 - 건조,맑음,단일로 - 기타,승용,남,28세,상해없음,보행자,남,6세,중상
2431,2019061000100112,2019년 6월 10일 07시,월요일,전라남도 여수시 신기동,경상사고,0,0,1,0,차대사람 - 기타,안전운전불이행,포장 - 건조,맑음,단일로 - 기타,승용,남,44세,상해없음,보행자,남,50세,경상
2432,2019061000100316,2019년 6월 10일 13시,월요일,전라남도 보성군 조성면,경상사고,0,0,1,0,차대사람 - 기타,안전운전불이행,포장 - 건조,맑음,단일로 - 기타,승합,남,31세,기타불명,보행자,여,85세,경상
2433,2019061000100559,2019년 6월 10일 19시,월요일,전라남도 순천시 장천동,경상사고,0,0,1,0,차대사람 - 기타,안전운전불이행,포장 - 건조,맑음,단일로 - 기타,화물,여,58세,상해없음,보행자,남,54세,경상
2434,2019061100100255,2019년 6월 11일 11시,화요일,전라남도 목포시 산정동,중상사고,0,1,0,0,차대사람 - 횡단중,보행자보호의무위반,포장 - 건조,맑음,단일로 - 기타,승용,여,67세,상해없음,보행자,여,58세,중상
2435,2019061100100457,2019년 6월 11일 17시,화요일,전라남도 목포시 옥암동,경상사고,0,0,1,0,차대사람 - 기타,안전운전불이행,포장 - 건조,맑음,기타 - 기타,기타불명,기타불명,미분류,기타불명,보행자,여,73세,경상
2436,2019061100100592,2019년 6월 11일 21시,화요일,전라남도 목포시 해안동1가,경상사고,0,0,1,0,차대사람 - 횡단중,보행자보호의무위반,포장 - 건조,맑음,교차로 - 교차로횡단보도내,승용,남,26세,상해없음,보행자,남,30세,경상
2437,2019061200100136,2019년 6월 12일 08시,수요일,전라남도 여수시 중앙동,중상사고,0,1,0,0,차대사람 - 횡단중,안전운전불이행,포장 - 건조,맑음,단일로 - 기타,이륜,남,71세,상해없음,보행자,남,76세,중상
2438,2019061200100174,2019년 6월 12일 09시,수요일,전라남도 진도군 진도읍,경상사고,0,0,1,0,차대사람 - 기타,안전운전불이행,포장 - 건조,맑음,단일로 - 기타,이륜,남,69세,상해없음,보행자,남,80세,경상
2439,2019061200100359,2019년 6월 12일 15시,수요일,전라남도 영광군 영광읍,경상사고,0,0,1,0,차대사람 - 차도통행중,안전운전불이행,포장 - 건조,맑음,단일로 - 기타,승용,남,48세,상해없음,보행자,남,87세,경상
2440,2019061200100395,2019년 6월 12일 16시,수요일,전라남도 화순군 화순읍,중상사고,0,1,0,0,차대사람 - 횡단중,보행자보호의무위반,포장 - 건조,맑음,교차로 - 교차로횡단보도내,승용,여,33세,상해없음,보행자,남,12세,중상
2441,2019061200100428,2019년 6월 12일 17시,수요일,전라남도 순천시 조례동,경상사고,0,0,1,0,차대사람 - 기타,안전운전불이행,포장 - 건조,맑음,단일로 - 기타,승용,여,33세,상해없음,보행자,여,18세,경상
2442,2019061200100513,2019년 6월 12일 19시,수요일,전라남도 순천시 동외동,중상사고,0,1,0,0,차대사람 - 횡단중,보행자보호의무위반,포장 - 건조,맑음,교차로 - 교차로횡단보도내,승용,남,35세,상해없음,보행자,남,71세,중상
2443,2019061300100135,2019년 6월 13일 08시,목요일,전라남도 여수시 남산동,경상사고,0,0,1,0,차대사람 - 기타,안전운전불이행,포장 - 건조,맑음,단일로 - 기타,승용,여,75세,상해없음,보행자,여,63세,경상
2444,2019061300100177,2019년 6월 13일 09시,목요일,전라남도 진도군 고군면,중상사고,0,1,0,0,차대사람 - 기타,안전운전불이행,비포장 - 건조,맑음,단일로 - 기타,화물,남,48세,상해없음,보행자,남,67세,중상
2445,2019061300100212,2019년 6월 13일 10시,목요일,전라남도 곡성군 곡성읍,경상사고,0,0,1,0,차대사람 - 횡단중,안전운전불이행,포장 - 건조,맑음,교차로 - 교차로안,승용,여,68세,상해없음,보행자,남,37세,경상
2446,2019061400100134,2019년 6월 14일 08시,금요일,전라남도 고흥군 고흥읍,중상사고,0,1,0,0,차대사람 - 횡단중,안전운전불이행,포장 - 건조,맑음,교차로 - 교차로안,화물,남,76세,상해없음,보행자,여,90세 이상,중상
2447,2019061400100238,2019년 6월 14일 11시,금요일,전라남도 목포시 석현동,중상사고,0,1,0,0,차대사람 - 횡단중,안전운전불이행,포장 - 건조,맑음,단일로 - 기타,승용,여,25세,상해없음,보행자,여,90세 이상,중상
2448,2019061400100480,2019년 6월 14일 17시,금요일,전라남도 순천시 장천동,경상사고,0,0,1,0,차대사람 - 횡단중,보행자보호의무위반,포장 - 젖음/습기,비,교차로 - 교차로횡단보도내,승용,여,43세,상해없음,보행자,남,15세,경상
2449,2019061500100047,2019년 6월 15일 01시,토요일,전라남도 여수시 둔덕동,중상사고,0,1,0,0,차대사람 - 횡단중,안전운전불이행,포장 - 젖음/습기,비,교차로 - 교차로횡단보도내,승용,남,60세,상해없음,보행자,남,26세,중상
2450,2019061500100516,2019년 6월 15일 17시,토요일,전라남도 순천시 연향동,중상사고,0,1,0,0,차대사람 - 기타,보행자보호의무위반,포장 - 건조,맑음,단일로 - 기타,승용,남,30세,상해없음,보행자,여,63세,중상
2451,2019061500100517,2019년 6월 15일 17시,토요일,전라남도 영광군 백수읍,중상사고,0,1,0,0,차대사람 - 횡단중,안전운전불이행,포장 - 건조,맑음,단일로 - 기타,승용,남,36세,상해없음,보행자,여,74세,중상
2452,2019061500100636,2019년 6월 15일 20시,토요일,전라남도 여수시 교동,중상사고,0,1,0,0,차대사람 - 기타,안전운전불이행,포장 - 건조,맑음,단일로 - 기타,승합,남,57세,상해없음,보행자,남,62세,중상
2453,2019061600100130,2019년 6월 16일 08시,일요일,전라남도 목포시 석현동,경상사고,0,0,1,0,차대사람 - 기타,안전운전불이행,포장 - 건조,맑음,단일로 - 기타,승용,남,26세,상해없음,보행자,남,22세,경상
2454,2019061600100313,2019년 6월 16일 15시,일요일,전라남도 영광군 백수읍,중상사고,0,1,0,0,차대사람 - 길가장자리구역통행중,안전운전불이행,포장 - 건조,맑음,교차로 - 교차로부근,이륜,남,67세,상해없음,보행자,남,85세,중상
2455,2019061600100456,2019년 6월 16일 20시,일요일,전라남도 순천시 승주읍,중상사고,0,2,0,0,차대사람 - 기타,안전운전불이행,포장 - 건조,맑음,단일로 - 기타,승용,남,54세,상해없음,보행자,남,67세,중상
2456,2019061700100169,2019년 6월 17일 09시,월요일,전라남도 장흥군 대덕읍,경상사고,0,0,1,0,차대사람 - 횡단중,안전운전불이행,포장 - 건조,맑음,교차로 - 교차로안,화물,남,76세,상해없음,보행자,여,90세 이상,경상
2457,2019061700100305,2019년 6월 17일 13시,월요일,전라남도 여수시 학동,경상사고,0,0,1,0,차대사람 - 횡단중,안전운전불이행,포장 - 건조,맑음,교차로 - 교차로안,화물,남,53세,상해없음,보행자,여,63세,경상
2458,2019061700100607,2019년 6월 17일 20시,월요일,전라남도 목포시 상동,중상사고,0,1,0,0,차대사람 - 횡단중,안전운전불이행,포장 - 건조,맑음,단일로 - 기타,승용,남,54세,상해없음,보행자,여,60세,중상
2459,2019061700100643,2019년 6월 17일 21시,월요일,전라남도 순천시 풍덕동,사망사고,1,0,0,0,차대사람 - 기타,신호위반,포장 - 건조,맑음,교차로 - 교차로횡단보도내,승합,남,49세,상해없음,보행자,남,63세,사망
2460,2019061800100381,2019년 6월 18일 15시,화요일,전라남도 무안군 망운면,경상사고,0,0,1,0,차대사람 - 길가장자리구역통행중,안전운전불이행,포장 - 건조,맑음,단일로 - 기타,화물,남,43세,상해없음,보행자,여,78세,경상
2461,2019061900100058,2019년 6월 19일 02시,수요일,전라남도 완도군 완도읍,중상사고,0,1,0,0,차대사람 - 기타,안전운전불이행,포장 - 건조,맑음,교차로 - 교차로안,화물,남,53세,상해없음,보행자,남,59세,중상
2462,2019061900100102,2019년 6월 19일 07시,수요일,전라남도 해남군 송지면,경상사고,0,0,1,0,차대사람 - 기타,안전운전불이행,포장 - 건조,맑음,주차장 - 주차장,화물,남,59세,상해없음,보행자,남,75세,경상
2463,2019061900100135,2019년 6월 19일 08시,수요일,전라남도 강진군 강진읍,중상사고,0,1,0,0,차대사람 - 기타,안전운전불이행,포장 - 건조,맑음,단일로 - 기타,화물,남,72세,상해없음,보행자,여,78세,중상
2464,2019061900100246,2019년 6월 19일 11시,수요일,전라남도 영광군 홍농읍,중상사고,0,1,0,0,차대사람 - 횡단중,안전운전불이행,포장 - 건조,맑음,주차장 - 주차장,화물,남,59세,상해없음,보행자,여,90세 이상,중상
2465,2019061900100276,2019년 6월 19일 12시,수요일,전라남도 여수시 서교동,경상사고,0,0,1,0,차대사람 - 기타,안전운전불이행,포장 - 건조,맑음,단일로 - 기타,승용,남,73세,상해없음,보행자,여,77세,경상
2466,2019062000100078,2019년 6월 20일 05시,목요일,전라남도 목포시 연산동,경상사고,0,0,1,0,차대사람 - 기타,안전운전불이행,포장 - 건조,맑음,기타 - 기타,자전거,남,68세,상해없음,보행자,여,77세,경상
2467,2019062000100623,2019년 6월 20일 21시,목요일,전라남도 보성군 벌교읍,중상사고,0,1,0,0,차대사람 - 횡단중,보행자보호의무위반,포장 - 건조,맑음,단일로 - 기타,화물,남,30세,기타불명,보행자,남,58세,중상
2468,2019062100100032,2019년 6월 21일 00시,금요일,전라남도 해남군 해남읍,중상사고,0,1,0,0,차대사람 - 기타,안전운전불이행,포장 - 건조,맑음,단일로 - 기타,승용,여,43세,상해없음,보행자,남,45세,중상
2469,2019062100100170,2019년 6월 21일 09시,금요일,전라남도 무안군 일로읍,경상사고,0,0,1,0,차대사람 - 기타,안전운전불이행,포장 - 건조,맑음,교차로 - 교차로안,승용,여,31세,상해없음,보행자,남,88세,경상
2470,2019062100100233,2019년 6월 21일 11시,금요일,전라남도 담양군 담양읍,중상사고,0,1,0,0,차대사람 - 횡단중,안전운전불이행,포장 - 건조,맑음,단일로 - 기타,승용,남,52세,상해없음,보행자,여,75세,중상
2471,2019062100100259,2019년 6월 21일 12시,금요일,전라남도 여수시 봉강동,경상사고,0,0,1,0,차대사람 - 횡단중,신호위반,포장 - 건조,맑음,교차로 - 교차로횡단보도내,승용,여,37세,상해없음,보행자,남,19세,경상
2472,2019062100100374,2019년 6월 21일 15시,금요일,전라남도 목포시 석현동,경상사고,0,0,1,0,차대사람 - 기타,안전운전불이행,포장 - 건조,맑음,주차장 - 주차장,승용,여,65세,상해없음,보행자,여,25세,경상
2473,2019062100100376,2019년 6월 21일 15시,금요일,전라남도 보성군 득량면,중상사고,0,1,0,0,차대사람 - 길가장자리구역통행중,안전운전불이행,포장 - 건조,맑음,단일로 - 기타,승용,여,50세,상해없음,보행자,여,78세,중상
2474,2019062100100664,2019년 6월 21일 21시,금요일,전라남도 나주시 영산동,중상사고,0,1,0,0,차대사람 - 기타,안전운전불이행,포장 - 건조,맑음,교차로 - 교차로안,승용,남,56세,상해없음,보행자,남,47세,중상
2475,2019062100100705,2019년 6월 21일 22시,금요일,전라남도 여수시 미평동,중상사고,0,1,0,0,차대사람 - 횡단중,안전운전불이행,포장 - 건조,맑음,단일로 - 기타,이륜,남,22세,상해없음,보행자,남,71세,중상
2476,2019062200100046,2019년 6월 22일 00시,토요일,전라남도 여수시 여서동,중상사고,0,1,0,0,차대사람 - 기타,안전운전불이행,포장 - 건조,맑음,단일로 - 기타,승용,여,57세,상해없음,보행자,남,40세,중상
2477,2019062200100480,2019년 6월 22일 16시,토요일,전라남도 여수시 덕충동,중상사고,0,1,0,0,차대사람 - 길가장자리구역통행중,안전운전불이행,포장 - 건조,맑음,단일로 - 기타,승용,여,33세,상해없음,보행자,여,71세,중상
2478,2019062200100481,2019년 6월 22일 16시,토요일,전라남도 무안군 무안읍,중상사고,0,1,2,0,차대사람 - 횡단중,신호위반,포장 - 건조,맑음,교차로 - 교차로안,승용,여,60세,상해없음,보행자,여,70세,경상
2479,2019062200100528,2019년 6월 22일 17시,토요일,전라남도 영광군 영광읍,경상사고,0,0,1,0,차대사람 - 횡단중,안전운전불이행,포장 - 건조,맑음,단일로 - 기타,승용,남,66세,상해없음,보행자,남,74세,경상
2480,2019062300100052,2019년 6월 23일 01시,일요일,전라남도 완도군 완도읍,경상사고,0,0,1,0,차대사람 - 기타,안전운전불이행,포장 - 건조,맑음,단일로 - 기타,승용,남,62세,상해없음,보행자,남,21세,경상
2481,2019062300100208,2019년 6월 23일 11시,일요일,전라남도 담양군 수북면,중상사고,0,1,0,0,차대사람 - 기타,안전운전불이행,포장 - 건조,맑음,주차장 - 주차장,화물,남,42세,상해없음,보행자,여,63세,중상
2482,2019062300100312,2019년 6월 23일 14시,일요일,전라남도 목포시 상동,중상사고,0,1,0,0,차대사람 - 횡단중,안전운전불이행,포장 - 건조,맑음,기타 - 기타,승용,남,80세,상해없음,보행자,여,80세,중상