,사고번호,사고일시,요일,시군구,사고내용,사망자수,중상자수,경상자수,부상신고자수,사고유형,법규위반,노면상태,기상상태,도로형태,가해운전자 차종,가해운전자 성별,가해운전자 연령,가해운전자 상해정도,피해운전자 차종,피해운전자 성별,피해운전자 연령,피해운전자 상해정도
3270,2019112700100142,2019년 11월 27일 08시,수요일,전라남도 목포시 산정동,경상사고,0,0,1,0,차대사람 - 횡단중,신호위반,포장 - 건조,맑음,교차로 - 교차로횡단보도내,기타불명,기타불명,미분류,기타불명,보행자,여,7세,경상
3271,2019112700100144,2019년 11월 27일 08시,수요일,전라남도 곡성군 옥과면,중상사고,0,1,0,0,차대사람 - 기타,안전운전불이행,포장 - 건조,흐림,기타 - 기타,승용,여,47세,상해없음,보행자,여,32세,중상
3272,2019112700100267,2019년 11월 27일 12시,수요일,전라남도 함평군 함평읍,중상사고,0,1,0,0,차대사람 - 횡단중,안전운전불이행,포장 - 건조,맑음,교차로 - 교차로안,화물,남,76세,상해없음,보행자,남,85세,중상
3273,2019112700100420,2019년 11월 27일 16시,수요일,전라남도 여수시 서교동,경상사고,0,0,1,0,차대사람 - 기타,안전운전불이행,포장 - 건조,맑음,단일로 - 기타,승합,남,19세,기타불명,보행자,여,16세,경상
3274,2019112700100459,2019년 11월 27일 17시,수요일,전라남도 구례군 토지면,경상사고,0,0,1,0,차대사람 - 보도통행중,안전운전불이행,포장 - 건조,맑음,단일로 - 기타,승용,여,41세,상해없음,보행자,남,73세,경상
3275,2019112700100616,2019년 11월 27일 20시,수요일,전라남도 여수시 화장동,중상사고,0,2,0,0,차대사람 - 횡단중,보행자보호의무위반,포장 - 건조,맑음,교차로 - 교차로부근,승용,남,58세,상해없음,보행자,여,58세,중상
3276,2019112800100384,2019년 11월 28일 15시,목요일,전라남도 순천시 연향동,부상신고사고,0,0,0,1,차대사람 - 횡단중,안전운전불이행,포장 - 건조,맑음,단일로 - 기타,승용,여,41세,상해없음,보행자,남,64세,부상신고
3277,2019112800100417,2019년 11월 28일 16시,목요일,전라남도 여수시 충무동,중상사고,0,1,0,0,차대사람 - 횡단중,보행자보호의무위반,포장 - 건조,맑음,단일로 - 기타,승용,남,61세,상해없음,보행자,여,65세,중상
3278,2019112800100534,2019년 11월 28일 18시,목요일,전라남도 여수시 여서동,경상사고,0,0,1,0,차대사람 - 횡단중,신호위반,포장 - 건조,맑음,단일로 - 기타,승용,여,46세,상해없음,보행자,여,46세,경상
3279,2019112800100680,2019년 11월 28일 22시,목요일,전라남도 장성군 황룡면,경상사고,0,0,1,0,차대사람 - 기타,안전운전불이행,포장 - 건조,맑음,단일로 - 기타,승용,남,75세,상해없음,보행자,남,63세,경상
3280,2019112900100165,2019년 11월 29일 08시,금요일,전라남도 여수시 여서동,경상사고,0,0,1,0,차대사람 - 횡단중,보행자보호의무위반,포장 - 건조,맑음,단일로 - 기타,승용,남,38세,상해없음,보행자,여,62세,경상
3281,2019112900100168,2019년 11월 29일 08시,금요일,전라남도 함평군 나산면,중상사고,0,1,0,0,차대사람 - 횡단중,안전운전불이행,포장 - 건조,맑음,단일로 - 기타,승용,남,36세,상해없음,보행자,여,82세,중상
3282,2019112900100169,2019년 11월 29일 08시,금요일,전라남도 완도군 완도읍,중상사고,0,1,0,0,차대사람 - 기타,안전운전불이행,포장 - 건조,맑음,교차로 - 교차로안,승용,여,45세,상해없음,보행자,여,75세,중상
3283,2019112900100205,2019년 11월 29일 09시,금요일,전라남도 여수시 여서동,중상사고,0,1,0,0,차대사람 - 횡단중,보행자보호의무위반,포장 - 건조,맑음,교차로 - 교차로횡단보도내,승용,남,54세,상해없음,보행자,여,59세,중상
3284,2019112900100350,2019년 11월 29일 13시,금요일,전라남도 목포시 용당동,중상사고,0,1,0,0,차대사람 - 기타,안전운전불이행,포장 - 건조,맑음,단일로 - 기타,화물,남,72세,상해없음,보행자,여,83세,중상
3285,2019112900100444,2019년 11월 29일 15시,금요일,전라남도 순천시 연향동,중상사고,0,1,0,0,차대사람 - 보도통행중,안전운전불이행,포장 - 건조,맑음,교차로 - 교차로부근,승합,남,38세,상해없음,보행자,남,19세,중상
3286,2019112900100499,2019년 11월 29일 16시,금요일,전라남도 목포시 상동,경상사고,0,0,1,0,차대사람 - 기타,안전운전불이행,포장 - 건조,맑음,단일로 - 기타,승용,여,53세,상해없음,보행자,여,57세,경상
3287,2019113000100128,2019년 11월 30일 06시,토요일,전라남도 목포시 보광동1가,중상사고,0,1,0,0,차대사람 - 차도통행중,안전운전불이행,포장 - 건조,맑음,교차로 - 교차로부근,승용,남,48세,상해없음,보행자,남,69세,중상
3288,2019113000100224,2019년 11월 30일 10시,토요일,전라남도 순천시 가곡동,중상사고,0,1,0,0,차대사람 - 횡단중,안전운전불이행,포장 - 건조,맑음,교차로 - 교차로부근,승용,남,64세,상해없음,보행자,남,10세,중상
3289,2019113000100260,2019년 11월 30일 11시,토요일,전라남도 목포시 용해동,중상사고,0,1,0,0,차대사람 - 기타,보행자보호의무위반,포장 - 건조,맑음,교차로 - 교차로횡단보도내,승용,남,24세,상해없음,보행자,여,81세,중상
3290,2019113000100412,2019년 11월 30일 15시,토요일,전라남도 고흥군 금산면,부상신고사고,0,0,0,1,차대사람 - 길가장자리구역통행중,안전운전불이행,포장 - 건조,맑음,단일로 - 기타,승용,남,80세,상해없음,보행자,남,60세,부상신고
3291,2019113000100455,2019년 11월 30일 16시,토요일,전라남도 여수시 화양면,경상사고,0,0,1,0,차대사람 - 기타,안전운전불이행,포장 - 건조,맑음,단일로 - 기타,승합,남,55세,상해없음,보행자,여,69세,경상
3292,2019113000100506,2019년 11월 30일 17시,토요일,전라남도 순천시 연향동,경상사고,0,0,1,0,차대사람 - 기타,안전운전불이행,포장 - 건조,맑음,단일로 - 기타,승용,여,63세,상해없음,보행자,남,52세,경상
3293,2019113000100692,2019년 11월 30일 22시,토요일,전라남도 목포시 복만동,경상사고,0,0,1,0,차대사람 - 기타,안전운전불이행,포장 - 건조,맑음,교차로 - 교차로안,승용,남,62세,상해없음,보행자,남,40세,경상
3294,2019120100100037,2019년 12월 1일 00시,일요일,전라남도 여수시 중앙동,중상사고,0,1,0,0,차대사람 - 차도통행중,안전운전불이행,포장 - 젖음/습기,비,단일로 - 기타,승용,남,62세,상해없음,보행자,남,26세,중상
3295,2019120100100072,2019년 12월 1일 02시,일요일,전라남도 목포시 상동,중상사고,0,1,0,0,차대사람 - 기타,안전운전불이행,포장 - 건조,맑음,기타 - 기타,승용,남,18세,상해없음,보행자,남,44세,중상
3296,2019120100100386,2019년 12월 1일 17시,일요일,전라남도 여수시 교동,경상사고,0,0,1,0,차대사람 - 횡단중,신호위반,포장 - 젖음/습기,비,단일로 - 기타,승용,여,52세,상해없음,보행자,여,18세,경상
3297,2019120100100556,2019년 12월 1일 21시,일요일,전라남도 목포시 산정동,경상사고,0,0,1,0,차대사람 - 길가장자리구역통행중,안전운전불이행,포장 - 젖음/습기,비,교차로 - 교차로부근,승용,남,38세,상해없음,보행자,남,20세,경상
3298,2019120100100577,2019년 12월 1일 22시,일요일,전라남도 광양시 광양읍,중상사고,0,1,0,0,차대사람 - 횡단중,안전운전불이행,포장 - 젖음/습기,비,단일로 - 기타,승용,남,44세,상해없음,보행자,남,59세,중상
3299,2019120100100598,2019년 12월 1일 23시,일요일,전라남도 여수시 학동,경상사고,0,0,1,0,차대사람 - 차도통행중,안전운전불이행,포장 - 젖음/습기,흐림,교차로 - 교차로안,승용,남,65세,상해없음,보행자,남,28세,경상
3300,2019120200100121,2019년 12월 2일 08시,월요일,전라남도 고흥군 고흥읍,경상사고,0,0,1,0,차대사람 - 횡단중,안전운전불이행,포장 - 건조,맑음,교차로 - 교차로안,화물,남,60세,상해없음,보행자,여,48세,경상
3301,2019120200100337,2019년 12월 2일 15시,월요일,전라남도 나주시 대호동,경상사고,0,0,1,0,차대사람 - 차도통행중,안전운전불이행,포장 - 건조,맑음,단일로 - 기타,화물,남,78세,상해없음,보행자,여,21세,경상
3302,2019120300100241,2019년 12월 3일 11시,화요일,전라남도 여수시 서교동,경상사고,0,0,1,0,차대사람 - 기타,안전운전불이행,포장 - 건조,맑음,단일로 - 기타,승합,남,61세,상해없음,보행자,여,81세,경상
3303,2019120300100272,2019년 12월 3일 12시,화요일,전라남도 여수시 교동,경상사고,0,0,1,0,차대사람 - 차도통행중,안전운전불이행,포장 - 건조,맑음,단일로 - 기타,화물,남,53세,상해없음,보행자,여,57세,경상
3304,2019120300100317,2019년 12월 3일 13시,화요일,전라남도 목포시 용당동,중상사고,0,1,0,0,차대사람 - 기타,안전운전불이행,포장 - 건조,맑음,단일로 - 기타,기타불명,기타불명,미분류,기타불명,보행자,남,54세,중상
3305,2019120300100423,2019년 12월 3일 16시,화요일,전라남도 순천시 용당동,중상사고,0,1,0,0,차대사람 - 기타,안전운전불이행,포장 - 건조,맑음,단일로 - 기타,승용,여,37세,상해없음,보행자,여,59세,중상
3306,2019120400100115,2019년 12월 4일 05시,수요일,전라남도 목포시 상동,경상사고,0,0,2,0,차대사람 - 기타,안전운전불이행,포장 - 건조,맑음,교차로 - 교차로안,승용,남,61세,상해없음,보행자,여,24세,경상
3307,2019120400100259,2019년 12월 4일 09시,수요일,전라남도 장흥군 장흥읍,경상사고,0,0,1,0,차대사람 - 차도통행중,안전운전불이행,포장 - 건조,맑음,교차로 - 교차로안,승용,여,46세,상해없음,보행자,여,75세,경상
3308,2019120400100430,2019년 12월 4일 14시,수요일,전라남도 담양군 대전면,경상사고,0,0,1,0,차대사람 - 기타,안전운전불이행,포장 - 건조,맑음,교차로 - 교차로부근,화물,남,64세,상해없음,보행자,남,57세,경상
3309,2019120400100676,2019년 12월 4일 20시,수요일,전라남도 나주시 왕곡면,사망사고,1,0,0,0,차대사람 - 횡단중,안전운전불이행,포장 - 건조,맑음,교차로 - 교차로안,승합,남,48세,상해없음,보행자,남,58세,사망
3310,2019120400100739,2019년 12월 4일 23시,수요일,전라남도 순천시 가곡동,사망사고,1,0,0,0,차대사람 - 횡단중,안전운전불이행,포장 - 건조,맑음,교차로 - 교차로부근,승용,여,48세,상해없음,보행자,남,46세,사망
3311,2019120500100051,2019년 12월 5일 01시,목요일,전라남도 여수시 신기동,중상사고,0,1,0,0,차대사람 - 횡단중,신호위반,포장 - 건조,맑음,교차로 - 교차로부근,승용,남,64세,상해없음,보행자,남,37세,중상
3312,2019120500100074,2019년 12월 5일 04시,목요일,전라남도 무안군 현경면,사망사고,1,0,0,0,차대사람 - 기타,안전운전불이행,포장 - 건조,맑음,교차로 - 교차로횡단보도내,승합,남,40세,상해없음,보행자,남,52세,사망
3313,2019120500100092,2019년 12월 5일 06시,목요일,전라남도 완도군 완도읍,중상사고,0,1,0,0,차대사람 - 횡단중,보행자보호의무위반,포장 - 건조,맑음,단일로 - 기타,승용,남,42세,상해없음,보행자,남,74세,중상
3314,2019120500100115,2019년 12월 5일 07시,목요일,전라남도 목포시 대성동,사망사고,1,0,0,0,차대사람 - 횡단중,안전운전불이행,포장 - 건조,맑음,단일로 - 기타,승용,남,38세,상해없음,보행자,여,81세,사망
3315,2019120500100530,2019년 12월 5일 18시,목요일,전라남도 순천시 해룡면,경상사고,0,0,2,0,차대사람 - 차도통행중,안전운전불이행,포장 - 건조,맑음,교차로 - 교차로안,화물,남,52세,상해없음,보행자,여,48세,경상
3316,2019120500100576,2019년 12월 5일 19시,목요일,전라남도 목포시 상동,경상사고,0,0,2,0,차대사람 - 기타,중앙선침범,포장 - 건조,맑음,기타 - 기타,승용,여,48세,상해없음,보행자,여,59세,경상
3317,2019120500100610,2019년 12월 5일 20시,목요일,전라남도 장성군 장성읍,경상사고,0,0,1,0,차대사람 - 횡단중,보행자보호의무위반,포장 - 건조,맑음,교차로 - 교차로횡단보도내,승용,남,47세,상해없음,보행자,남,23세,경상
3318,2019120600100063,2019년 12월 6일 04시,금요일,전라남도 여수시 여서동,경상사고,0,0,1,0,차대사람 - 길가장자리구역통행중,안전운전불이행,포장 - 건조,맑음,단일로 - 기타,승용,남,45세,상해없음,보행자,남,38세,경상
3319,2019120600100087,2019년 12월 6일 06시,금요일,전라남도 광양시 마동,중상사고,0,2,0,0,차대사람 - 보도통행중,신호위반,포장 - 건조,맑음,교차로 - 교차로횡단보도내,화물,남,61세,상해없음,보행자,남,71세,중상
3320,2019120600100151,2019년 12월 6일 08시,금요일,전라남도 순천시 조례동,경상사고,0,0,1,0,차대사람 - 횡단중,보행자보호의무위반,포장 - 건조,맑음,교차로 - 교차로횡단보도내,승용,여,33세,상해없음,보행자,여,11세,경상
3321,2019120600100256,2019년 12월 6일 11시,금요일,전라남도 보성군 벌교읍,경상사고,0,0,1,0,차대사람 - 기타,안전운전불이행,포장 - 건조,맑음,단일로 - 기타,이륜,남,84세,상해없음,보행자,여,85세,경상
3322,2019120600100363,2019년 12월 6일 14시,금요일,전라남도 목포시 석현동,경상사고,0,0,1,0,차대사람 - 횡단중,보행자보호의무위반,포장 - 건조,맑음,교차로 - 교차로부근,승용,여,53세,상해없음,보행자,여,62세,경상
3323,2019120600100538,2019년 12월 6일 18시,금요일,전라남도 여수시 둔덕동,중상사고,0,1,0,0,차대사람 - 기타,안전운전불이행,포장 - 건조,맑음,단일로 - 기타,승용,남,38세,상해없음,보행자,남,56세,중상
3324,2019120600100689,2019년 12월 6일 21시,금요일,전라남도 목포시 용해동,중상사고,0,1,0,0,차대사람 - 기타,안전운전불이행,포장 - 건조,맑음,단일로 - 기타,승용,남,26세,상해없음,보행자,여,65세,중상
3325,2019120700100113,2019년 12월 7일 06시,토요일,전라남도 곡성군 삼기면,사망사고,1,0,0,0,차대사람 - 횡단중,안전운전불이행,포장 - 건조,맑음,단일로 - 기타,건설기계,남,44세,상해없음,보행자,여,81세,사망
3326,2019120700100139,2019년 12월 7일 08시,토요일,전라남도 진도군 진도읍,경상사고,0,0,1,0,차대사람 - 차도통행중,안전운전불이행,포장 - 건조,맑음,기타 - 기타,화물,남,73세,상해없음,보행자,여,67세,경상
3327,2019120700100219,2019년 12월 7일 11시,토요일,전라남도 나주시 노안면,사망사고,1,0,1,0,차대사람 - 보도통행중,안전운전불이행,포장 - 건조,맑음,교차로 - 교차로안,이륜,남,64세,경상,보행자,남,65세,사망
3328,2019120700100549,2019년 12월 7일 19시,토요일,전라남도 여수시 중앙동,중상사고,0,1,0,0,차대사람 - 차도통행중,안전운전불이행,포장 - 건조,맑음,단일로 - 기타,화물,남,23세,상해없음,보행자,남,53세,중상
3329,2019120700100620,2019년 12월 7일 21시,토요일,전라남도 광양시 광양읍,경상사고,0,0,1,0,차대사람 - 기타,안전운전불이행,포장 - 건조,맑음,단일로 - 기타,승용,여,29세,상해없음,보행자,남,60세,경상
3330,2019120800100034,2019년 12월 8일 00시,일요일,전라남도 목포시 상동,중상사고,0,1,0,0,차대사람 - 기타,안전운전불이행,포장 - 건조,맑음,단일로 - 기타,이륜,남,19세,기타불명,보행자,남,52세,중상
3331,2019120800100237,2019년 12월 8일 12시,일요일,전라남도 무안군 무안읍,경상사고,0,0,1,0,차대사람 - 횡단중,교차로운행방법위반,포장 - 건조,맑음,교차로 - 교차로안,승용,남,68세,상해없음,보행자,여,69세,경상
3332,2019120800100410,2019년 12월 8일 18시,일요일,전라남도 목포시 용해동,중상사고,0,1,0,0,차대사람 - 횡단중,안전운전불이행,포장 - 건조,맑음,단일로 - 기타,승용,남,59세,상해없음,보행자,남,59세,중상
3333,2019120800100411,2019년 12월 8일 18시,일요일,전라남도 영광군 염산면,중상사고,0,1,0,0,차대사람 - 횡단중,안전운전불이행,포장 - 건조,맑음,교차로 - 교차로부근,승용,여,39세,상해없음,보행자,남,59세,중상
3334,2019120800100438,2019년 12월 8일 19시,일요일,전라남도 장흥군 관산읍,경상사고,0,0,1,0,차대사람 - 길가장자리구역통행중,안전운전불이행,포장 - 건조,맑음,단일로 - 기타,화물,남,52세,상해없음,보행자,남,63세,경상
3335,2019120900100251,2019년 12월 9일 11시,월요일,전라남도 순천시 풍덕동,중상사고,0,1,0,0,차대사람 - 차도통행중,안전운전불이행,포장 - 건조,맑음,교차로 - 교차로안,승용,여,49세,상해없음,보행자,여,53세,중상
3336,2019120900100421,2019년 12월 9일 16시,월요일,전라남도 고흥군 고흥읍,경상사고,0,0,1,0,차대사람 - 횡단중,안전운전불이행,포장 - 건조,맑음,단일로 - 기타,승용,남,36세,상해없음,보행자,남,68세,경상
3337,2019120900100467,2019년 12월 9일 17시,월요일,전라남도 목포시 옥암동,경상사고,0,0,1,0,차대사람 - 기타,안전운전불이행,포장 - 건조,맑음,단일로 - 기타,승용,남,41세,상해없음,보행자,남,8세,경상
3338,2019121000100208,2019년 12월 10일 09시,화요일,전라남도 진도군 진도읍,중상사고,0,1,0,0,차대사람 - 횡단중,과속,포장 - 건조,맑음,단일로 - 기타,승용,남,66세,상해없음,보행자,여,71세,중상
3339,2019121000100260,2019년 12월 10일 11시,화요일,전라남도 순천시 조례동,경상사고,0,0,1,0,차대사람 - 기타,안전운전불이행,포장 - 건조,맑음,단일로 - 기타,승용,남,62세,상해없음,보행자,여,24세,경상
3340,2019121000100293,2019년 12월 10일 12시,화요일,전라남도 여수시 문수동,부상신고사고,0,0,0,1,차대사람 - 횡단중,안전운전불이행,포장 - 건조,맑음,교차로 - 교차로안,승용,남,59세,상해없음,보행자,남,78세,부상신고
3341,2019121000100294,2019년 12월 10일 12시,화요일,전라남도 순천시 동외동,경상사고,0,0,1,0,차대사람 - 횡단중,보행자보호의무위반,포장 - 건조,맑음,단일로 - 기타,승용,남,83세,상해없음,보행자,여,33세,경상
3342,2019121000100413,2019년 12월 10일 16시,화요일,전라남도 보성군 벌교읍,사망사고,1,0,0,0,차대사람 - 보도통행중,중앙선침범,포장 - 건조,맑음,단일로 - 기타,승합,여,55세,상해없음,보행자,여,78세,사망
3343,2019121000100628,2019년 12월 10일 20시,화요일,전라남도 여수시 교동,중상사고,0,1,0,0,차대사람 - 횡단중,신호위반,포장 - 건조,맑음,단일로 - 기타,승용,여,58세,상해없음,보행자,여,50세,중상
3344,2019121100100493,2019년 12월 11일 18시,수요일,전라남도 순천시 상사면,사망사고,1,0,0,0,차대사람 - 기타,안전운전불이행,포장 - 건조,맑음,단일로 - 기타,승용,남,28세,상해없음,보행자,여,85세,사망
3345,2019121100100494,2019년 12월 11일 18시,수요일,전라남도 순천시 조례동,중상사고,0,1,0,0,차대사람 - 기타,신호위반,포장 - 건조,맑음,교차로 - 교차로안,이륜,남,38세,상해없음,보행자,여,58세,중상
3346,2019121100100495,2019년 12월 11일 18시,수요일,전라남도 장흥군 장흥읍,중상사고,0,1,0,0,차대사람 - 기타,안전운전불이행,포장 - 건조,맑음,단일로 - 기타,승용,남,37세,상해없음,보행자,남,61세,중상
3347,2019121200100274,2019년 12월 12일 11시,목요일,전라남도 담양군 담양읍,경상사고,0,0,1,0,차대사람 - 차도통행중,안전운전불이행,포장 - 건조,맑음,단일로 - 기타,승용,여,73세,상해없음,보행자,남,83세,경상
3348,2019121200100332,2019년 12월 12일 13시,목요일,전라남도 여수시 남산동,중상사고,0,1,0,0,차대사람 - 보도통행중,안전운전불이행,포장 - 건조,맑음,단일로 - 기타,승용,여,76세,기타불명,보행자,남,68세,중상
3349,2019121200100392,2019년 12월 12일 15시,목요일,전라남도 여수시 둔덕동,중상사고,0,1,0,0,차대사람 - 차도통행중,기타,포장 - 건조,맑음,단일로 - 기타,승합,남,39세,상해없음,보행자,남,67세,중상
3350,2019121200100430,2019년 12월 12일 16시,목요일,전라남도 강진군 강진읍,중상사고,0,1,0,0,차대사람 - 기타,안전운전불이행,포장 - 건조,맑음,교차로 - 교차로부근,승용,남,46세,상해없음,보행자,여,77세,중상
3351,2019121200100475,2019년 12월 12일 17시,목요일,전라남도 장성군 황룡면,중상사고,0,1,0,0,차대사람 - 길가장자리구역통행중,안전운전불이행,포장 - 건조,맑음,단일로 - 기타,승용,남,69세,기타불명,보행자,여,66세,중상
3352,2019121200100662,2019년 12월 12일 21시,목요일,전라남도 여수시 학동,중상사고,0,1,0,0,차대사람 - 횡단중,보행자보호의무위반,포장 - 건조,맑음,교차로 - 교차로횡단보도내,화물,남,49세,상해없음,보행자,여,58세,중상
3353,2019121300100194,2019년 12월 13일 09시,금요일,전라남도 강진군 마량면,중상사고,0,1,0,0,차대사람 - 기타,안전운전불이행,포장 - 건조,맑음,교차로 - 교차로안,승용,남,68세,상해없음,보행자,남,75세,중상
3354,2019121300100195,2019년 12월 13일 09시,금요일,전라남도 광양시 광양읍,경상사고,0,0,1,0,차대사람 - 횡단중,안전운전불이행,포장 - 건조,맑음,단일로 - 기타,승용,여,34세,상해없음,보행자,남,5세,경상
3355,2019121300100277,2019년 12월 13일 12시,금요일,전라남도 장흥군 장동면,중상사고,0,1,0,0,차대사람 - 횡단중,신호위반,포장 - 건조,맑음,교차로 - 교차로안,승용,남,41세,상해없음,보행자,여,76세,중상
3356,2019121300100333,2019년 12월 13일 14시,금요일,전라남도 목포시 용해동,중상사고,0,1,0,0,차대사람 - 횡단중,보행자보호의무위반,포장 - 건조,맑음,교차로 - 교차로안,승용,남,35세,상해없음,보행자,남,65세,중상
3357,2019121300100432,2019년 12월 13일 16시,금요일,전라남도 강진군 강진읍,중상사고,0,1,0,0,차대사람 - 차도통행중,중앙선침범,포장 - 건조,맑음,단일로 - 기타,이륜,여,62세,상해없음,보행자,여,59세,중상
3358,2019121300100628,2019년 12월 13일 19시,금요일,전라남도 광양시 광영동,중상사고,0,1,0,0,차대사람 - 횡단중,안전운전불이행,포장 - 건조,맑음,교차로 - 교차로부근,승용,남,53세,상해없음,보행자,여,59세,중상
3359,2019121300100741,2019년 12월 13일 22시,금요일,전라남도 여수시 충무동,부상신고사고,0,0,0,1,차대사람 - 횡단중,안전운전불이행,포장 - 건조,맑음,단일로 - 기타,승용,남,63세,상해없음,보행자,남,65세,부상신고
3360,2019121400100143,2019년 12월 14일 06시,토요일,전라남도 영광군 영광읍,중상사고,0,1,0,0,차대사람 - 횡단중,보행자보호의무위반,포장 - 건조,맑음,단일로 - 기타,승용,남,25세,상해없음,보행자,남,39세,중상
3361,2019121400100285,2019년 12월 14일 10시,토요일,전라남도 보성군 벌교읍,경상사고,0,0,1,0,차대사람 - 보도통행중,보행자보호의무위반,포장 - 건조,맑음,교차로 - 교차로부근,승합,남,19세,상해없음,보행자,여,53세,경상
3362,2019121400100569,2019년 12월 14일 17시,토요일,전라남도 목포시 용당동,사망사고,2,0,0,0,차대사람 - 기타,안전운전불이행,포장 - 건조,맑음,단일로 - 기타,승용,남,26세,상해없음,보행자,남,67세,사망
3363,2019121400100741,2019년 12월 14일 21시,토요일,전라남도 여수시 선원동,경상사고,0,0,1,0,차대사람 - 기타,안전운전불이행,포장 - 건조,맑음,교차로 - 교차로부근,승용,남,39세,상해없음,보행자,여,53세,경상
3364,2019121500100025,2019년 12월 15일 00시,일요일,전라남도 여수시 학동,경상사고,0,0,1,0,차대사람 - 기타,안전운전불이행,포장 - 건조,맑음,단일로 - 기타,승용,남,52세,상해없음,보행자,남,21세,경상
3365,2019121500100185,2019년 12월 15일 10시,일요일,전라남도 여수시 돌산읍,중상사고,0,1,0,0,차대사람 - 기타,안전운전불이행,포장 - 건조,맑음,단일로 - 기타,승용,남,31세,상해없음,보행자,여,2세,중상
3366,2019121500100186,2019년 12월 15일 10시,일요일,전라남도 강진군 강진읍,경상사고,0,0,1,0,차대사람 - 횡단중,안전운전불이행,포장 - 건조,맑음,교차로 - 교차로부근,화물,남,59세,상해없음,보행자,남,80세,경상
3367,2019121500100355,2019년 12월 15일 16시,일요일,전라남도 화순군 도암면,경상사고,0,0,1,0,차대사람 - 횡단중,안전운전불이행,포장 - 건조,맑음,단일로 - 기타,화물,남,64세,상해없음,보행자,남,78세,경상
3368,2019121500100384,2019년 12월 15일 17시,일요일,전라남도 순천시 풍덕동,중상사고,0,1,0,0,차대사람 - 기타,보행자보호의무위반,포장 - 건조,맑음,교차로 - 교차로안,승용,남,59세,상해없음,보행자,남,68세,중상
3369,2019121600100074,2019년 12월 16일 05시,월요일,전라남도 여수시 소라면,사망사고,1,0,0,0,차대사람 - 기타,안전운전불이행,포장 - 건조,맑음,교차로 - 교차로안,승용,남,59세,상해없음,보행자,남,59세,사망
3370,2019121600100233,2019년 12월 16일 10시,월요일,전라남도 구례군 구례읍,중상사고,0,1,0,0,차대사람 - 기타,안전운전불이행,포장 - 건조,맑음,단일로 - 기타,승용,여,28세,상해없음,보행자,여,70세,중상
3371,2019121600100483,2019년 12월 16일 17시,월요일,전라남도 함평군 학교면,중상사고,0,1,1,0,차대사람 - 기타,안전운전불이행,포장 - 건조,맑음,단일로 - 기타,승용,남,53세,상해없음,보행자,남,60세,경상
3372,2019121600100546,2019년 12월 16일 18시,월요일,전라남도 영암군 영암읍,경상사고,0,0,1,0,차대사람 - 기타,안전운전불이행,포장 - 건조,맑음,교차로 - 교차로횡단보도내,승용,여,44세,상해없음,보행자,여,70세,경상
3373,2019121700100357,2019년 12월 17일 15시,화요일,전라남도 여수시 봉계동,경상사고,0,0,1,0,차대사람 - 횡단중,안전운전불이행,포장 - 건조,맑음,단일로 - 기타,승용,남,39세,상해없음,보행자,남,8세,경상
3374,2019121700100402,2019년 12월 17일 16시,화요일,전라남도 목포시 상동,경상사고,0,0,1,0,차대사람 - 기타,안전운전불이행,포장 - 건조,맑음,교차로 - 교차로부근,승용,남,52세,상해없음,보행자,여,48세,경상
3375,2019121700100614,2019년 12월 17일 22시,화요일,전라남도 순천시 연향동,경상사고,0,0,1,0,차대사람 - 차도통행중,보행자보호의무위반,포장 - 건조,맑음,교차로 - 교차로횡단보도내,승용,여,52세,상해없음,보행자,남,40세,경상
3376,2019121800100177,2019년 12월 18일 10시,수요일,전라남도 영광군 군남면,중상사고,0,1,0,0,차대사람 - 횡단중,안전운전불이행,포장 - 건조,맑음,단일로 - 기타,화물,남,51세,상해없음,보행자,남,72세,중상
3377,2019121800100268,2019년 12월 18일 13시,수요일,전라남도 목포시 상동,경상사고,0,0,1,0,차대사람 - 기타,안전운전불이행,포장 - 건조,맑음,단일로 - 기타,승용,남,48세,상해없음,보행자,남,24세,경상
3378,2019121800100451,2019년 12월 18일 18시,수요일,전라남도 순천시 연향동,경상사고,0,0,2,0,차대사람 - 횡단중,보행자보호의무위반,포장 - 건조,맑음,교차로 - 교차로횡단보도내,승용,남,67세,상해없음,보행자,여,13세,경상
3379,2019121900100183,2019년 12월 19일 09시,목요일,전라남도 장성군 장성읍,경상사고,0,0,2,0,차대사람 - 기타,안전운전불이행,포장 - 건조,맑음,단일로 - 기타,승합,남,55세,경상,보행자,여,17세,경상
3380,2019121900100391,2019년 12월 19일 15시,목요일,전라남도 여수시 여서동,중상사고,0,1,0,0,차대사람 - 횡단중,보행자보호의무위반,포장 - 건조,맑음,교차로 - 교차로부근,승용,남,32세,상해없음,보행자,여,69세,중상
3381,2019121900100428,2019년 12월 19일 16시,목요일,전라남도 구례군 구례읍,중상사고,0,1,0,0,차대사람 - 기타,보행자보호의무위반,포장 - 건조,맑음,교차로 - 교차로횡단보도내,화물,남,72세,상해없음,보행자,여,27세,중상