,사고번호,사고일시,요일,시군구,사고내용,사망자수,중상자수,경상자수,부상신고자수,사고유형,법규위반,노면상태,기상상태,도로형태,가해운전자 차종,가해운전자 성별,가해운전자 연령,가해운전자 상해정도,피해운전자 차종,피해운전자 성별,피해운전자 연령,피해운전자 상해정도
3494,2020011100100124,2020년 1월 11일 09시,토요일,전라남도 해남군 해남읍,중상사고,0,1,0,0,차대사람 - 횡단중,안전운전불이행,포장 - 건조,맑음,단일로 - 기타,승용,여,35세,기타불명,보행자,여,88세,중상
3495,2020011100100553,2020년 1월 11일 22시,토요일,전라남도 목포시 옥암동,중상사고,0,1,0,0,차대사람 - 기타,안전운전불이행,포장 - 건조,맑음,교차로 - 교차로안,승용,여,36세,상해없음,보행자,남,75세,중상
3496,2020011200100044,2020년 1월 12일 03시,일요일,전라남도 순천시 연향동,경상사고,0,0,1,0,차대사람 - 기타,안전운전불이행,포장 - 건조,맑음,단일로 - 기타,기타불명,기타불명,미분류,기타불명,보행자,여,19세,경상
3497,2020011200100070,2020년 1월 12일 07시,일요일,전라남도 여수시 학동,경상사고,0,0,1,0,차대사람 - 차도통행중,안전운전불이행,포장 - 건조,맑음,단일로 - 기타,승용,여,30세,상해없음,보행자,남,39세,경상
3498,2020011200100071,2020년 1월 12일 07시,일요일,전라남도 완도군 노화읍,중상사고,0,1,0,0,차대사람 - 기타,안전운전불이행,포장 - 건조,맑음,단일로 - 기타,화물,여,49세,상해없음,보행자,여,88세,중상
3499,2020011200100242,2020년 1월 12일 16시,일요일,전라남도 나주시 세지면,경상사고,0,0,1,0,차대사람 - 횡단중,안전운전불이행,포장 - 건조,맑음,단일로 - 기타,이륜,남,48세,상해없음,보행자,남,75세,경상
3500,2020011200100293,2020년 1월 12일 18시,일요일,전라남도 장성군 장성읍,중상사고,0,1,0,0,차대사람 - 기타,안전운전불이행,포장 - 건조,맑음,교차로 - 교차로안,승용,여,34세,상해없음,보행자,여,69세,중상
3501,2020011200100317,2020년 1월 12일 19시,일요일,전라남도 여수시 문수동,경상사고,0,0,1,0,차대사람 - 길가장자리구역통행중,안전운전불이행,포장 - 건조,맑음,단일로 - 기타,기타불명,기타불명,미분류,기타불명,보행자,여,21세,경상
3502,2020011200100344,2020년 1월 12일 20시,일요일,전라남도 목포시 상동,경상사고,0,0,1,0,차대사람 - 횡단중,안전운전불이행,포장 - 건조,맑음,교차로 - 교차로안,승용,남,47세,상해없음,보행자,남,54세,경상
3503,2020011300100023,2020년 1월 13일 05시,월요일,전라남도 강진군 대구면,중상사고,0,1,0,0,차대사람 - 횡단중,안전운전불이행,포장 - 건조,맑음,교차로 - 교차로부근,화물,남,58세,상해없음,보행자,여,81세,중상
3504,2020011300100102,2020년 1월 13일 09시,월요일,전라남도 광양시 금호동,중상사고,0,1,0,0,차대사람 - 횡단중,안전운전불이행,포장 - 건조,맑음,교차로 - 교차로안,기타불명,남,28세,상해없음,보행자,남,45세,중상
3505,2020011400100077,2020년 1월 14일 07시,화요일,전라남도 보성군 벌교읍,중상사고,0,1,0,0,차대사람 - 횡단중,안전운전불이행,포장 - 건조,맑음,단일로 - 기타,승용,여,64세,상해없음,보행자,남,67세,중상
3506,2020011400100110,2020년 1월 14일 08시,화요일,전라남도 목포시 연산동,경상사고,0,0,1,0,차대사람 - 횡단중,신호위반,포장 - 건조,맑음,교차로 - 교차로부근,화물,남,46세,상해없음,보행자,남,8세,경상
3507,2020011400100174,2020년 1월 14일 10시,화요일,전라남도 광양시 중동,경상사고,0,0,1,0,차대사람 - 기타,안전운전불이행,포장 - 건조,맑음,단일로 - 기타,승용,남,67세,상해없음,보행자,여,45세,경상
3508,2020011400100463,2020년 1월 14일 18시,화요일,전라남도 목포시 용당동,중상사고,0,1,1,0,차대사람 - 기타,과속,포장 - 건조,맑음,교차로 - 교차로부근,원동기,남,23세,경상,보행자,여,72세,중상
3509,2020011400100464,2020년 1월 14일 18시,화요일,전라남도 완도군 약산면,중상사고,0,1,0,0,차대사람 - 길가장자리구역통행중,안전운전불이행,포장 - 건조,맑음,단일로 - 기타,화물,남,36세,상해없음,보행자,남,57세,중상
3510,2020011400100465,2020년 1월 14일 18시,화요일,전라남도 무안군 청계면,사망사고,1,0,0,0,차대사람 - 횡단중,과속,포장 - 건조,맑음,단일로 - 기타,승용,남,54세,상해없음,보행자,남,67세,사망
3511,2020011400100506,2020년 1월 14일 19시,화요일,전라남도 목포시 연산동,경상사고,0,0,1,0,차대사람 - 횡단중,보행자보호의무위반,포장 - 건조,맑음,교차로 - 교차로횡단보도내,승용,여,35세,상해없음,보행자,여,18세,경상
3512,2020011500100039,2020년 1월 15일 05시,수요일,전라남도 강진군 군동면,중상사고,0,1,0,0,차대사람 - 기타,안전운전불이행,포장 - 건조,맑음,단일로 - 기타,화물,여,62세,상해없음,보행자,여,54세,중상
3513,2020011500100074,2020년 1월 15일 07시,수요일,전라남도 완도군 고금면,사망사고,1,0,0,0,차대사람 - 기타,안전운전불이행,포장 - 건조,맑음,교차로 - 교차로부근,화물,남,66세,상해없음,보행자,여,77세,사망
3514,2020011500100191,2020년 1월 15일 11시,수요일,전라남도 완도군 완도읍,경상사고,0,0,1,0,차대사람 - 횡단중,중앙선침범,포장 - 건조,맑음,교차로 - 교차로횡단보도내,승용,여,57세,상해없음,보행자,남,7세,경상
3515,2020011500100284,2020년 1월 15일 14시,수요일,전라남도 해남군 황산면,중상사고,0,1,0,0,차대사람 - 횡단중,중앙선침범,포장 - 건조,맑음,단일로 - 기타,승합,남,48세,상해없음,보행자,남,35세,중상
3516,2020011500100521,2020년 1월 15일 19시,수요일,전라남도 목포시 상동,중상사고,0,1,0,0,차대사람 - 횡단중,보행자보호의무위반,포장 - 건조,맑음,단일로 - 기타,이륜,남,58세,상해없음,보행자,남,76세,중상
3517,2020011500100614,2020년 1월 15일 22시,수요일,전라남도 진도군 진도읍,경상사고,0,0,1,0,차대사람 - 기타,안전운전불이행,포장 - 건조,맑음,단일로 - 기타,승용,남,52세,상해없음,보행자,남,71세,경상
3518,2020011600100364,2020년 1월 16일 16시,목요일,전라남도 목포시 연산동,경상사고,0,0,1,0,차대사람 - 기타,보행자보호의무위반,포장 - 건조,맑음,교차로 - 교차로횡단보도내,승용,남,53세,기타불명,보행자,남,37세,경상
3519,2020011700100044,2020년 1월 17일 05시,금요일,전라남도 무안군 삼향읍,경상사고,0,0,1,0,차대사람 - 횡단중,보행자보호의무위반,포장 - 건조,맑음,교차로 - 교차로안,화물,남,40세,상해없음,보행자,남,60세,경상
3520,2020011700100178,2020년 1월 17일 11시,금요일,전라남도 곡성군 곡성읍,중상사고,0,1,0,0,차대사람 - 횡단중,안전운전불이행,포장 - 건조,맑음,단일로 - 기타,사륜오토바이(ATV),여,77세,상해없음,보행자,여,86세,중상
3521,2020011700100316,2020년 1월 17일 15시,금요일,전라남도 고흥군 고흥읍,중상사고,0,1,0,0,차대사람 - 기타,안전운전불이행,포장 - 건조,맑음,교차로 - 교차로부근,사륜오토바이(ATV),남,79세,상해없음,보행자,여,80세,중상
3522,2020011700100317,2020년 1월 17일 15시,금요일,전라남도 구례군 구례읍,중상사고,0,1,0,0,차대사람 - 기타,안전운전불이행,포장 - 건조,맑음,교차로 - 교차로안,승용,남,64세,상해없음,보행자,여,79세,중상
3523,2020011700100437,2020년 1월 17일 18시,금요일,전라남도 진도군 진도읍,경상사고,0,0,1,0,차대사람 - 횡단중,안전운전불이행,포장 - 건조,맑음,교차로 - 교차로부근,화물,남,50세,상해없음,보행자,여,49세,경상
3524,2020011700100626,2020년 1월 17일 23시,금요일,전라남도 해남군 해남읍,중상사고,0,1,0,0,차대사람 - 기타,안전운전불이행,포장 - 건조,맑음,기타 - 기타,승용,남,24세,상해없음,보행자,남,24세,중상
3525,2020011800100079,2020년 1월 18일 06시,토요일,전라남도 나주시 금천면,중상사고,0,1,0,0,차대사람 - 차도통행중,안전운전불이행,포장 - 건조,맑음,단일로 - 기타,승용,남,53세,상해없음,보행자,남,27세,중상
3526,2020011800100107,2020년 1월 18일 08시,토요일,전라남도 목포시 용당동,경상사고,0,0,1,0,차대사람 - 기타,안전운전불이행,포장 - 건조,맑음,단일로 - 기타,승용,남,63세,상해없음,보행자,여,70세,경상
3527,2020011800100458,2020년 1월 18일 18시,토요일,전라남도 영광군 백수읍,사망사고,1,0,0,0,차대사람 - 차도통행중,안전운전불이행,포장 - 건조,맑음,단일로 - 기타,승용,남,61세,상해없음,보행자,여,82세,사망
3528,2020011900100117,2020년 1월 19일 10시,일요일,전라남도 완도군 신지면,경상사고,0,0,1,0,차대사람 - 횡단중,안전운전불이행,포장 - 건조,맑음,교차로 - 교차로안,화물,남,68세,상해없음,보행자,남,79세,경상
3529,2020011900100118,2020년 1월 19일 10시,일요일,전라남도 구례군 산동면,경상사고,0,0,1,0,차대사람 - 기타,안전운전불이행,포장 - 건조,맑음,기타 - 기타,승용,남,79세,상해없음,보행자,여,59세,경상
3530,2020011900100143,2020년 1월 19일 11시,일요일,전라남도 장성군 장성읍,중상사고,0,1,0,0,차대사람 - 기타,안전운전불이행,포장 - 건조,맑음,교차로 - 교차로부근,승합,남,57세,상해없음,보행자,여,85세,중상
3531,2020011900100201,2020년 1월 19일 13시,일요일,전라남도 해남군 황산면,경상사고,0,0,1,0,차대사람 - 기타,안전운전불이행,포장 - 건조,맑음,단일로 - 기타,승용,남,73세,상해없음,보행자,남,52세,경상
3532,2020011900100223,2020년 1월 19일 14시,일요일,전라남도 목포시 석현동,경상사고,0,0,1,0,차대사람 - 횡단중,보행자보호의무위반,포장 - 건조,맑음,교차로 - 교차로부근,승용,여,21세,상해없음,보행자,여,9세,경상
3533,2020011900100336,2020년 1월 19일 18시,일요일,전라남도 무안군 일로읍,중상사고,0,1,0,0,차대사람 - 기타,안전운전불이행,포장 - 건조,맑음,단일로 - 기타,화물,남,27세,상해없음,보행자,여,75세,중상
3534,2020012000100061,2020년 1월 20일 06시,월요일,전라남도 신안군 비금면,중상사고,0,1,0,0,차대사람 - 기타,안전운전불이행,포장 - 건조,맑음,기타 - 기타,화물,남,48세,상해없음,보행자,여,78세,중상
3535,2020012000100159,2020년 1월 20일 09시,월요일,전라남도 보성군 보성읍,중상사고,0,1,0,0,차대사람 - 횡단중,안전운전불이행,포장 - 건조,맑음,단일로 - 기타,화물,남,83세,상해없음,보행자,여,81세,중상
3536,2020012000100403,2020년 1월 20일 15시,월요일,전라남도 담양군 수북면,경상사고,0,0,1,0,차대사람 - 차도통행중,보행자보호의무위반,포장 - 건조,맑음,교차로 - 교차로부근,승용,여,59세,상해없음,보행자,여,82세,경상
3537,2020012000100404,2020년 1월 20일 15시,월요일,전라남도 담양군 담양읍,경상사고,0,0,1,0,차대사람 - 횡단중,보행자보호의무위반,포장 - 건조,맑음,교차로 - 교차로횡단보도내,승용,남,34세,상해없음,보행자,여,10세,경상
3538,2020012000100440,2020년 1월 20일 16시,월요일,전라남도 여수시 돌산읍,중상사고,0,1,0,0,차대사람 - 기타,기타,포장 - 건조,맑음,단일로 - 기타,승용,남,66세,상해없음,보행자,남,5세,중상
3539,2020012000100441,2020년 1월 20일 16시,월요일,전라남도 순천시 가곡동,중상사고,0,1,0,0,차대사람 - 기타,안전운전불이행,포장 - 건조,맑음,단일로 - 기타,승합,남,54세,상해없음,보행자,여,71세,중상
3540,2020012000100536,2020년 1월 20일 18시,월요일,전라남도 광양시 중동,경상사고,0,0,1,0,차대사람 - 횡단중,보행자보호의무위반,포장 - 건조,맑음,교차로 - 교차로횡단보도내,승용,남,31세,상해없음,보행자,여,49세,경상
3541,2020012000100537,2020년 1월 20일 18시,월요일,전라남도 광양시 옥곡면,중상사고,0,1,0,0,차대사람 - 길가장자리구역통행중,안전운전불이행,포장 - 건조,맑음,교차로 - 교차로안,화물,남,46세,상해없음,보행자,남,81세,중상
3542,2020012100100071,2020년 1월 21일 06시,화요일,전라남도 장흥군 관산읍,사망사고,1,0,0,0,차대사람 - 길가장자리구역통행중,과속,포장 - 건조,맑음,단일로 - 기타,승용,남,48세,상해없음,보행자,여,81세,사망
3543,2020012100100130,2020년 1월 21일 08시,화요일,전라남도 화순군 화순읍,중상사고,0,1,0,0,차대사람 - 기타,안전운전불이행,포장 - 건조,맑음,단일로 - 기타,승용,남,69세,상해없음,보행자,여,84세,중상
3544,2020012100100202,2020년 1월 21일 10시,화요일,전라남도 보성군 보성읍,경상사고,0,0,1,0,차대사람 - 횡단중,안전운전불이행,포장 - 건조,맑음,단일로 - 기타,승용,여,58세,상해없음,보행자,여,59세,경상
3545,2020012100100242,2020년 1월 21일 11시,화요일,전라남도 함평군 함평읍,중상사고,0,1,0,0,차대사람 - 차도통행중,안전운전불이행,포장 - 건조,맑음,단일로 - 기타,승용,남,74세,상해없음,보행자,여,59세,중상
3546,2020012100100470,2020년 1월 21일 16시,화요일,전라남도 여수시 선원동,경상사고,0,0,1,0,차대사람 - 차도통행중,안전운전불이행,포장 - 건조,맑음,단일로 - 기타,승용,여,57세,상해없음,보행자,남,22세,경상
3547,2020012100100518,2020년 1월 21일 17시,화요일,전라남도 보성군 조성면,경상사고,0,0,1,0,차대사람 - 차도통행중,안전운전불이행,포장 - 건조,맑음,단일로 - 기타,화물,남,50세,상해없음,보행자,여,84세,경상
3548,2020012100100582,2020년 1월 21일 18시,화요일,전라남도 순천시 연향동,경상사고,0,0,1,0,차대사람 - 기타,안전운전불이행,포장 - 건조,맑음,교차로 - 교차로부근,승용,남,52세,상해없음,보행자,남,65세,경상
3549,2020012100100698,2020년 1월 21일 21시,화요일,전라남도 해남군 해남읍,경상사고,0,0,1,0,차대사람 - 기타,안전운전불이행,포장 - 건조,맑음,단일로 - 기타,승용,여,21세,상해없음,보행자,남,38세,경상
3550,2020012200100061,2020년 1월 22일 06시,수요일,전라남도 순천시 조곡동,중상사고,0,1,0,0,차대사람 - 차도통행중,신호위반,포장 - 건조,맑음,교차로 - 교차로부근,화물,남,52세,상해없음,보행자,남,62세,중상
3551,2020012200100062,2020년 1월 22일 06시,수요일,전라남도 구례군 구례읍,사망사고,1,1,0,0,차대사람 - 기타,안전운전불이행,포장 - 젖음/습기,맑음,단일로 - 기타,화물,남,76세,상해없음,보행자,여,67세,사망
3552,2020012200100141,2020년 1월 22일 09시,수요일,전라남도 진도군 진도읍,경상사고,0,0,1,0,차대사람 - 차도통행중,안전운전불이행,포장 - 젖음/습기,흐림,교차로 - 교차로부근,승용,남,74세,상해없음,보행자,여,64세,경상
3553,2020012200100166,2020년 1월 22일 10시,수요일,전라남도 함평군 함평읍,중상사고,0,1,0,0,차대사람 - 보도통행중,안전운전불이행,포장 - 건조,맑음,기타 - 기타,승용,남,73세,상해없음,보행자,여,75세,중상
3554,2020012200100228,2020년 1월 22일 12시,수요일,전라남도 화순군 화순읍,경상사고,0,0,1,0,차대사람 - 횡단중,안전운전불이행,포장 - 젖음/습기,비,교차로 - 교차로안,승용,여,41세,상해없음,보행자,여,54세,경상
3555,2020012200100434,2020년 1월 22일 17시,수요일,전라남도 목포시 산정동,중상사고,0,1,1,0,차대사람 - 횡단중,안전운전불이행,포장 - 젖음/습기,비,교차로 - 교차로횡단보도내,승용,남,45세,상해없음,보행자,남,62세,중상
3556,2020012200100437,2020년 1월 22일 17시,수요일,전라남도 화순군 화순읍,중상사고,0,1,0,0,차대사람 - 횡단중,보행자보호의무위반,포장 - 젖음/습기,비,교차로 - 교차로횡단보도내,승용,여,40세,상해없음,보행자,여,64세,중상
3557,2020012200100506,2020년 1월 22일 18시,수요일,전라남도 여수시 웅천동,중상사고,0,1,0,0,차대사람 - 횡단중,신호위반,포장 - 젖음/습기,비,교차로 - 교차로안,화물,남,55세,상해없음,보행자,남,26세,중상
3558,2020012200100569,2020년 1월 22일 19시,수요일,전라남도 목포시 죽교동,중상사고,0,1,0,0,차대사람 - 횡단중,보행자보호의무위반,포장 - 젖음/습기,비,단일로 - 기타,승용,남,55세,상해없음,보행자,여,83세,중상
3559,2020012200100664,2020년 1월 22일 21시,수요일,전라남도 해남군 해남읍,경상사고,0,0,1,0,차대사람 - 기타,안전운전불이행,포장 - 젖음/습기,비,교차로 - 교차로안,승용,남,23세,상해없음,보행자,여,38세,경상
3560,2020012300100464,2020년 1월 23일 16시,목요일,전라남도 순천시 연향동,경상사고,0,0,1,0,차대사람 - 길가장자리구역통행중,안전운전불이행,포장 - 건조,맑음,단일로 - 기타,승용,여,57세,상해없음,보행자,여,24세,경상
3561,2020012300100530,2020년 1월 23일 17시,목요일,전라남도 장성군 장성읍,중상사고,0,1,0,0,차대사람 - 기타,안전운전불이행,포장 - 건조,맑음,단일로 - 기타,승합,남,62세,상해없음,보행자,남,54세,중상
3562,2020012300100581,2020년 1월 23일 18시,목요일,전라남도 순천시 해룡면,중상사고,0,1,0,0,차대사람 - 횡단중,보행자보호의무위반,포장 - 건조,맑음,교차로 - 교차로안,승용,여,52세,상해없음,보행자,남,7세,중상
3563,2020012300100582,2020년 1월 23일 18시,목요일,전라남도 순천시 해룡면,중상사고,0,1,0,0,차대사람 - 횡단중,보행자보호의무위반,포장 - 건조,맑음,단일로 - 기타,승용,남,25세,상해없음,보행자,남,6세,중상
3564,2020012400100157,2020년 1월 24일 11시,금요일,전라남도 강진군 강진읍,중상사고,0,1,0,0,차대사람 - 기타,안전운전불이행,포장 - 건조,맑음,단일로 - 기타,승용,남,50세,상해없음,보행자,남,68세,중상
3565,2020012400100184,2020년 1월 24일 12시,금요일,전라남도 함평군 엄다면,중상사고,0,1,0,0,차대사람 - 기타,안전운전불이행,포장 - 건조,맑음,기타 - 기타,승용,남,39세,상해없음,보행자,남,43세,중상
3566,2020012400100216,2020년 1월 24일 13시,금요일,전라남도 광양시 광양읍,경상사고,0,0,1,0,차대사람 - 기타,안전운전불이행,포장 - 건조,맑음,단일로 - 기타,승용,남,50세,상해없음,보행자,남,66세,경상
3567,2020012400100314,2020년 1월 24일 17시,금요일,전라남도 함평군 함평읍,경상사고,0,0,1,0,차대사람 - 기타,안전운전불이행,포장 - 건조,맑음,주차장 - 주차장,승용,남,41세,상해없음,보행자,남,5세,경상
3568,2020012500100080,2020년 1월 25일 10시,토요일,전라남도 여수시 교동,경상사고,0,0,1,0,차대사람 - 길가장자리구역통행중,안전운전불이행,포장 - 건조,맑음,단일로 - 기타,승용,남,59세,상해없음,보행자,여,29세,경상
3569,2020012500100172,2020년 1월 25일 14시,토요일,전라남도 강진군 칠량면,중상사고,0,1,0,0,차대사람 - 횡단중,안전운전불이행,포장 - 건조,맑음,단일로 - 기타,승용,남,26세,상해없음,보행자,여,59세,중상
3570,2020012600100037,2020년 1월 26일 04시,일요일,전라남도 목포시 상동,경상사고,0,0,1,0,차대사람 - 기타,안전운전불이행,포장 - 건조,맑음,단일로 - 기타,기타불명,기타불명,미분류,기타불명,보행자,여,24세,경상
3571,2020012600100103,2020년 1월 26일 11시,일요일,전라남도 곡성군 석곡면,중상사고,0,1,0,0,차대사람 - 횡단중,안전운전불이행,포장 - 건조,맑음,단일로 - 기타,승용,남,68세,상해없음,보행자,남,87세,중상
3572,2020012600100212,2020년 1월 26일 17시,일요일,전라남도 무안군 삼향읍,경상사고,0,0,1,0,차대사람 - 횡단중,보행자보호의무위반,포장 - 건조,맑음,교차로 - 교차로횡단보도내,승용,남,22세,상해없음,보행자,남,23세,경상
3573,2020012600100234,2020년 1월 26일 18시,일요일,전라남도 여수시 돌산읍,중상사고,0,1,0,0,차대사람 - 횡단중,안전운전불이행,포장 - 건조,맑음,단일로 - 기타,승용,남,51세,상해없음,보행자,여,47세,중상
3574,2020012700100011,2020년 1월 27일 00시,월요일,전라남도 광양시 중동,중상사고,0,1,0,0,차대사람 - 기타,안전운전불이행,포장 - 젖음/습기,비,단일로 - 기타,승용,여,45세,상해없음,보행자,여,35세,중상
3575,2020012700100059,2020년 1월 27일 04시,월요일,전라남도 여수시 학동,경상사고,0,0,1,0,차대사람 - 기타,안전운전불이행,포장 - 젖음/습기,비,교차로 - 교차로부근,승용,남,23세,상해없음,보행자,남,24세,경상
3576,2020012700100372,2020년 1월 27일 20시,월요일,전라남도 목포시 연산동,중상사고,0,1,0,0,차대사람 - 횡단중,안전운전불이행,포장 - 젖음/습기,흐림,교차로 - 교차로횡단보도내,승용,남,19세,상해없음,보행자,남,55세,중상
3577,2020012800100164,2020년 1월 28일 10시,화요일,전라남도 목포시 상동,경상사고,0,0,1,0,차대사람 - 횡단중,신호위반,포장 - 건조,맑음,교차로 - 교차로부근,승용,남,56세,상해없음,보행자,여,36세,경상
3578,2020012800100189,2020년 1월 28일 11시,화요일,전라남도 여수시 교동,경상사고,0,0,1,0,차대사람 - 길가장자리구역통행중,안전운전불이행,포장 - 건조,맑음,단일로 - 기타,승용,남,47세,상해없음,보행자,여,82세,경상
3579,2020012900100288,2020년 1월 29일 15시,수요일,전라남도 화순군 화순읍,경상사고,0,0,1,0,차대사람 - 횡단중,보행자보호의무위반,포장 - 젖음/습기,비,교차로 - 교차로횡단보도내,승용,여,56세,상해없음,보행자,남,43세,경상
3580,2020012900100319,2020년 1월 29일 16시,수요일,전라남도 목포시 중동2가,중상사고,0,1,0,0,차대사람 - 기타,안전운전불이행,포장 - 건조,맑음,단일로 - 기타,승용,남,66세,상해없음,보행자,남,81세,중상
3581,2020012900100387,2020년 1월 29일 18시,수요일,전라남도 순천시 장천동,중상사고,0,1,0,0,차대사람 - 횡단중,보행자보호의무위반,포장 - 젖음/습기,비,교차로 - 교차로횡단보도내,승용,남,70세,상해없음,보행자,여,51세,중상
3582,2020012900100491,2020년 1월 29일 22시,수요일,전라남도 무안군 무안읍,경상사고,0,0,1,0,차대사람 - 기타,안전운전불이행,포장 - 건조,맑음,교차로 - 교차로부근,승용,남,49세,상해없음,보행자,남,48세,경상
3583,2020013000100114,2020년 1월 30일 08시,목요일,전라남도 나주시 빛가람동,중상사고,0,1,0,0,차대사람 - 횡단중,안전운전불이행,포장 - 건조,맑음,교차로 - 교차로안,승용,여,29세,상해없음,보행자,여,70세,중상
3584,2020013000100194,2020년 1월 30일 10시,목요일,전라남도 영광군 영광읍,경상사고,0,0,1,0,차대사람 - 기타,안전운전불이행,포장 - 건조,맑음,단일로 - 기타,승용,여,62세,상해없음,보행자,남,36세,경상
3585,2020013000100219,2020년 1월 30일 11시,목요일,전라남도 순천시 조례동,경상사고,0,0,1,0,차대사람 - 차도통행중,안전운전불이행,포장 - 건조,맑음,교차로 - 교차로부근,승용,여,45세,상해없음,보행자,남,11세,경상
3586,2020013000100362,2020년 1월 30일 15시,목요일,전라남도 광양시 광양읍,중상사고,0,1,0,0,차대사람 - 기타,안전운전불이행,포장 - 건조,맑음,기타 - 기타,화물,남,39세,상해없음,보행자,여,86세,중상
3587,2020013000100419,2020년 1월 30일 17시,목요일,전라남도 함평군 함평읍,경상사고,0,0,1,0,차대사람 - 보도통행중,안전운전불이행,포장 - 건조,맑음,단일로 - 기타,승용,남,58세,상해없음,보행자,남,58세,경상
3588,2020013000100447,2020년 1월 30일 18시,목요일,전라남도 여수시 돌산읍,사망사고,1,0,0,0,차대사람 - 횡단중,안전운전불이행,포장 - 건조,맑음,단일로 - 기타,화물,남,65세,상해없음,보행자,남,78세,사망
3589,2020013000100448,2020년 1월 30일 18시,목요일,전라남도 순천시 연향동,경상사고,0,0,1,0,차대사람 - 횡단중,보행자보호의무위반,포장 - 건조,맑음,교차로 - 교차로횡단보도내,승용,여,53세,상해없음,보행자,여,14세,경상
3590,2020013000100512,2020년 1월 30일 20시,목요일,전라남도 순천시 서면,경상사고,0,0,1,0,차대사람 - 기타,안전운전불이행,포장 - 건조,맑음,단일로 - 기타,승합,남,52세,상해없음,보행자,여,23세,경상
3591,2020013100100481,2020년 1월 31일 20시,금요일,전라남도 목포시 연산동,경상사고,0,0,2,0,차대사람 - 기타,안전운전불이행,포장 - 건조,맑음,교차로 - 교차로부근,승용,남,57세,상해없음,보행자,남,57세,경상
3592,2020013100100548,2020년 1월 31일 23시,금요일,전라남도 여수시 수정동,중상사고,0,1,0,0,차대사람 - 횡단중,안전운전불이행,포장 - 건조,맑음,단일로 - 기타,승용,남,25세,상해없음,보행자,남,47세,중상
3593,2020013100100549,2020년 1월 31일 23시,금요일,전라남도 순천시 용당동,경상사고,0,0,1,0,차대사람 - 기타,안전운전불이행,포장 - 건조,맑음,교차로 - 교차로부근,승용,남,62세,상해없음,보행자,여,42세,경상
3594,2020020100100081,2020년 2월 1일 07시,토요일,전라남도 광양시 중동,경상사고,0,0,1,0,차대사람 - 횡단중,안전운전불이행,포장 - 건조,맑음,단일로 - 기타,승용,여,39세,상해없음,보행자,남,21세,경상
3595,2020020100100147,2020년 2월 1일 11시,토요일,전라남도 여수시 여서동,중상사고,0,1,0,0,차대사람 - 횡단중,신호위반,포장 - 건조,맑음,단일로 - 기타,승용,여,61세,상해없음,보행자,여,59세,중상
3596,2020020100100183,2020년 2월 1일 12시,토요일,전라남도 목포시 산정동,중상사고,0,1,0,0,차대사람 - 횡단중,신호위반,포장 - 건조,맑음,교차로 - 교차로횡단보도내,이륜,남,61세,상해없음,보행자,여,73세,중상
3597,2020020100100374,2020년 2월 1일 19시,토요일,전라남도 목포시 산정동,경상사고,0,0,1,0,차대사람 - 기타,안전운전불이행,포장 - 건조,맑음,단일로 - 기타,기타불명,기타불명,미분류,기타불명,보행자,남,39세,경상
3598,2020020100100456,2020년 2월 1일 23시,토요일,전라남도 순천시 남정동,중상사고,0,1,0,0,차대사람 - 기타,안전운전불이행,포장 - 건조,맑음,교차로 - 교차로안,승용,남,51세,상해없음,보행자,남,61세,중상
3599,2020020200100332,2020년 2월 2일 19시,일요일,전라남도 순천시 남정동,경상사고,0,0,1,0,차대사람 - 기타,안전운전불이행,포장 - 건조,맑음,단일로 - 기타,승용,남,49세,상해없음,보행자,남,55세,경상
3600,2020020200100372,2020년 2월 2일 21시,일요일,전라남도 순천시 조례동,중상사고,0,1,0,0,차대사람 - 기타,안전운전불이행,포장 - 건조,맑음,교차로 - 교차로부근,승용,남,48세,상해없음,보행자,남,53세,중상
3601,2020020300100123,2020년 2월 3일 09시,월요일,전라남도 영광군 영광읍,경상사고,0,0,1,0,차대사람 - 횡단중,안전운전불이행,포장 - 건조,맑음,기타 - 기타,승용,남,66세,상해없음,보행자,남,46세,경상
3602,2020020300100594,2020년 2월 3일 23시,월요일,전라남도 광양시 중동,부상신고사고,0,0,0,1,차대사람 - 기타,안전운전불이행,포장 - 건조,맑음,단일로 - 기타,승용,남,31세,상해없음,보행자,남,23세,부상신고
3603,2020020400100008,2020년 2월 4일 00시,화요일,전라남도 무안군 청계면,경상사고,0,0,1,0,차대사람 - 기타,안전운전불이행,포장 - 건조,맑음,기타 - 기타,승용,남,57세,상해없음,보행자,남,26세,경상
3604,2020020400100106,2020년 2월 4일 08시,화요일,전라남도 목포시 명륜동,경상사고,0,0,1,0,차대사람 - 기타,안전운전불이행,포장 - 건조,맑음,단일로 - 기타,화물,남,60세,상해없음,보행자,남,77세,경상
3605,2020020500100356,2020년 2월 5일 15시,수요일,전라남도 목포시 산정동,경상사고,0,0,1,0,차대사람 - 기타,안전운전불이행,포장 - 건조,맑음,단일로 - 기타,승용,남,76세,상해없음,보행자,남,49세,경상
3606,2020020500100650,2020년 2월 5일 22시,수요일,전라남도 여수시 학동,중상사고,0,1,0,0,차대사람 - 길가장자리구역통행중,안전운전불이행,포장 - 건조,맑음,교차로 - 교차로안,승용,남,35세,상해없음,보행자,남,52세,중상