,사고번호,사고일시,요일,시군구,사고내용,사망자수,중상자수,경상자수,부상신고자수,사고유형,법규위반,노면상태,기상상태,도로형태,가해운전자 차종,가해운전자 성별,가해운전자 연령,가해운전자 상해정도,피해운전자 차종,피해운전자 성별,피해운전자 연령,피해운전자 상해정도
4283,2020080300100581,2020년 8월 3일 23시,월요일,전라남도 순천시 생목동,경상사고,0,0,1,0,차대사람 - 기타,안전운전불이행,포장 - 건조,맑음,주차장 - 주차장,승용,남,62세,상해없음,보행자,여,27세,경상
4284,2020080400100020,2020년 8월 4일 01시,화요일,전라남도 여수시 문수동,경상사고,0,0,1,0,차대사람 - 횡단중,안전운전불이행,포장 - 건조,맑음,교차로 - 교차로부근,승용,남,49세,상해없음,보행자,여,27세,경상
4285,2020080500100088,2020년 8월 5일 08시,수요일,전라남도 나주시 세지면,경상사고,0,0,1,0,차대사람 - 횡단중,안전운전불이행,포장 - 젖음/습기,비,교차로 - 교차로안,승용,남,78세,상해없음,보행자,여,80세,경상
4286,2020080500100131,2020년 8월 5일 10시,수요일,전라남도 여수시 남면,경상사고,0,0,1,0,차대사람 - 기타,중앙선침범,포장 - 건조,맑음,단일로 - 기타,승용,남,66세,상해없음,보행자,남,57세,경상
4287,2020080500100238,2020년 8월 5일 13시,수요일,전라남도 순천시 조례동,중상사고,0,1,0,0,차대사람 - 차도통행중,안전운전불이행,포장 - 건조,맑음,교차로 - 교차로부근,원동기,남,25세,상해없음,보행자,여,24세,중상
4288,2020080600100062,2020년 8월 6일 04시,목요일,전라남도 여수시 신기동,중상사고,0,1,0,0,차대사람 - 기타,안전운전불이행,포장 - 젖음/습기,비,교차로 - 교차로부근,승용,남,37세,상해없음,보행자,남,23세,중상
4289,2020080600100211,2020년 8월 6일 11시,목요일,전라남도 순천시 용당동,중상사고,0,1,0,0,차대사람 - 차도통행중,안전운전불이행,포장 - 건조,맑음,교차로 - 교차로안,승용,여,61세,상해없음,보행자,여,73세,중상
4290,2020080600100274,2020년 8월 6일 13시,목요일,전라남도 여수시 서교동,경상사고,0,0,1,0,차대사람 - 횡단중,신호위반,포장 - 건조,맑음,교차로 - 교차로부근,승합,남,41세,상해없음,보행자,여,8세,경상
4291,2020080600100468,2020년 8월 6일 18시,목요일,전라남도 여수시 소호동,경상사고,0,0,1,0,차대사람 - 횡단중,보행자보호의무위반,포장 - 건조,맑음,단일로 - 기타,승용,남,37세,상해없음,보행자,남,6세,경상
4292,2020080600100515,2020년 8월 6일 20시,목요일,전라남도 나주시 산포면,사망사고,1,0,0,0,차대사람 - 기타,안전운전불이행,포장 - 젖음/습기,비,단일로 - 기타,화물,남,48세,상해없음,보행자,남,57세,사망
4293,2020080600100538,2020년 8월 6일 21시,목요일,전라남도 순천시 중앙동,중상사고,0,1,0,0,차대사람 - 횡단중,보행자보호의무위반,포장 - 건조,맑음,교차로 - 교차로부근,승용,남,64세,상해없음,보행자,여,67세,중상
4294,2020080600100583,2020년 8월 6일 23시,목요일,전라남도 여수시 학동,경상사고,0,0,1,0,차대사람 - 차도통행중,안전운전불이행,포장 - 건조,맑음,단일로 - 기타,승용,여,33세,상해없음,보행자,남,40세,경상
4295,2020080700100061,2020년 8월 7일 05시,금요일,전라남도 순천시 남정동,사망사고,1,0,0,0,차대사람 - 차도통행중,안전운전불이행,포장 - 젖음/습기,비,단일로 - 기타,승용,남,70세,상해없음,보행자,남,77세,사망
4296,2020080700100364,2020년 8월 7일 16시,금요일,전라남도 목포시 옥암동,중상사고,0,1,0,0,차대사람 - 기타,교차로운행방법위반,포장 - 젖음/습기,비,교차로 - 교차로안,승용,남,64세,상해없음,보행자,여,68세,중상
4297,2020080700100451,2020년 8월 7일 18시,금요일,전라남도 목포시 대성동,경상사고,0,0,1,0,차대사람 - 기타,안전운전불이행,포장 - 젖음/습기,비,교차로 - 교차로부근,승용,여,54세,상해없음,보행자,남,51세,경상
4298,2020080700100496,2020년 8월 7일 19시,금요일,전라남도 무안군 삼향읍,중상사고,0,1,1,0,차대사람 - 횡단중,보행자보호의무위반,포장 - 젖음/습기,비,교차로 - 교차로횡단보도내,승용,여,30세,상해없음,보행자,남,12세,중상
4299,2020080700100592,2020년 8월 7일 22시,금요일,전라남도 장성군 삼계면,부상신고사고,0,0,0,1,차대사람 - 길가장자리구역통행중,기타,포장 - 젖음/습기,비,단일로 - 기타,승용,남,41세,상해없음,보행자,남,17세,부상신고
4300,2020080800100188,2020년 8월 8일 11시,토요일,전라남도 보성군 벌교읍,중상사고,0,1,0,0,차대사람 - 기타,안전운전불이행,포장 - 건조,흐림,교차로 - 교차로안,승합,남,61세,상해없음,보행자,여,82세,중상
4301,2020080800100330,2020년 8월 8일 15시,토요일,전라남도 고흥군 고흥읍,경상사고,0,0,1,0,차대사람 - 기타,안전운전불이행,포장 - 건조,맑음,단일로 - 기타,승용,남,81세,상해없음,보행자,여,27세,경상
4302,2020080900100089,2020년 8월 9일 07시,일요일,전라남도 광양시 마동,중상사고,0,1,0,0,차대사람 - 기타,안전운전불이행,포장 - 젖음/습기,흐림,교차로 - 교차로안,승용,여,67세,상해없음,보행자,여,76세,중상
4303,2020080900100180,2020년 8월 9일 13시,일요일,전라남도 여수시 충무동,중상사고,0,1,0,0,차대사람 - 횡단중,안전운전불이행,포장 - 건조,맑음,교차로 - 교차로안,이륜,남,22세,상해없음,보행자,여,12세,중상
4304,2020080900100181,2020년 8월 9일 13시,일요일,전라남도 여수시 광무동,중상사고,0,1,0,0,차대사람 - 기타,기타,포장 - 건조,맑음,교차로 - 교차로부근,승합,남,32세,상해없음,보행자,여,83세,중상
4305,2020081000100314,2020년 8월 10일 15시,월요일,전라남도 목포시 산정동,경상사고,0,0,1,0,차대사람 - 차도통행중,안전운전불이행,포장 - 건조,맑음,단일로 - 기타,승용,여,61세,상해없음,보행자,남,60세,경상
4306,2020081000100522,2020년 8월 10일 21시,월요일,전라남도 강진군 강진읍,경상사고,0,0,1,0,차대사람 - 횡단중,보행자보호의무위반,포장 - 젖음/습기,흐림,교차로 - 교차로안,승용,남,55세,상해없음,보행자,남,23세,경상
4307,2020081100100077,2020년 8월 11일 06시,화요일,전라남도 목포시 용해동,경상사고,0,0,1,0,차대사람 - 기타,안전운전불이행,포장 - 건조,맑음,교차로 - 교차로안,승용,남,73세,상해없음,보행자,여,76세,경상
4308,2020081100100164,2020년 8월 11일 09시,화요일,전라남도 고흥군 고흥읍,경상사고,0,0,1,0,차대사람 - 기타,안전운전불이행,포장 - 건조,맑음,단일로 - 기타,승합,남,72세,상해없음,보행자,남,69세,경상
4309,2020081100100192,2020년 8월 11일 10시,화요일,전라남도 여수시 미평동,경상사고,0,0,1,0,차대사람 - 횡단중,보행자보호의무위반,포장 - 건조,맑음,단일로 - 기타,이륜,남,20세,상해없음,보행자,여,9세,경상
4310,2020081200100014,2020년 8월 12일 01시,수요일,전라남도 여수시 봉산동,경상사고,0,0,1,0,차대사람 - 횡단중,안전운전불이행,포장 - 젖음/습기,흐림,교차로 - 교차로안,승용,남,29세,상해없음,보행자,남,57세,경상
4311,2020081200100105,2020년 8월 12일 08시,수요일,전라남도 영광군 염산면,경상사고,0,0,1,0,차대사람 - 차도통행중,안전운전불이행,포장 - 젖음/습기,흐림,단일로 - 기타,승용,남,59세,상해없음,보행자,남,82세,경상
4312,2020081200100107,2020년 8월 12일 08시,수요일,전라남도 구례군 구례읍,중상사고,0,1,0,0,차대사람 - 기타,안전운전불이행,포장 - 건조,맑음,단일로 - 기타,승용,여,56세,상해없음,보행자,여,62세,중상
4313,2020081200100563,2020년 8월 12일 21시,수요일,전라남도 고흥군 동강면,중상사고,0,1,0,0,차대사람 - 기타,안전운전불이행,포장 - 건조,맑음,주차장 - 주차장,화물,남,43세,상해없음,보행자,남,60세,중상
4314,2020081300100254,2020년 8월 13일 13시,목요일,전라남도 목포시 용당동,경상사고,0,0,1,0,차대사람 - 기타,안전운전불이행,포장 - 건조,맑음,단일로 - 기타,승용,남,61세,상해없음,보행자,남,46세,경상
4315,2020081300100335,2020년 8월 13일 15시,목요일,전라남도 목포시 산정동,중상사고,0,1,0,0,차대사람 - 기타,안전운전불이행,포장 - 건조,맑음,단일로 - 기타,승용,남,57세,상해없음,보행자,여,76세,중상
4316,2020081300100378,2020년 8월 13일 16시,목요일,전라남도 화순군 이양면,중상사고,0,1,0,0,차대사람 - 기타,안전운전불이행,포장 - 건조,맑음,기타 - 기타,승용,남,75세,상해없음,보행자,여,85세,중상
4317,2020081300100416,2020년 8월 13일 17시,목요일,전라남도 여수시 문수동,경상사고,0,0,1,0,차대사람 - 횡단중,안전운전불이행,포장 - 건조,맑음,교차로 - 교차로안,승용,남,65세,상해없음,보행자,여,67세,경상
4318,2020081300100417,2020년 8월 13일 17시,목요일,전라남도 함평군 대동면,경상사고,0,0,1,0,차대사람 - 차도통행중,안전운전불이행,포장 - 건조,맑음,단일로 - 기타,승용,남,56세,상해없음,보행자,여,84세,경상
4319,2020081300100600,2020년 8월 13일 22시,목요일,전라남도 순천시 옥천동,경상사고,0,0,1,0,차대사람 - 차도통행중,기타,포장 - 건조,맑음,교차로 - 교차로부근,화물,남,49세,상해없음,보행자,남,56세,경상
4320,2020081400100142,2020년 8월 14일 09시,금요일,전라남도 순천시 주암면,사망사고,1,0,0,0,차대사람 - 기타,안전운전불이행,포장 - 건조,맑음,단일로 - 기타,승용,남,59세,상해없음,보행자,남,92세,사망
4321,2020081400100273,2020년 8월 14일 12시,금요일,전라남도 무안군 무안읍,경상사고,0,0,1,0,차대사람 - 기타,기타,포장 - 건조,맑음,기타 - 기타,승합,남,66세,상해없음,보행자,여,74세,경상
4322,2020081400100386,2020년 8월 14일 15시,금요일,전라남도 순천시 해룡면,경상사고,0,0,1,0,차대사람 - 기타,안전운전불이행,포장 - 건조,맑음,단일로 - 기타,승용,남,58세,상해없음,보행자,남,45세,경상
4323,2020081400100475,2020년 8월 14일 17시,금요일,전라남도 목포시 옥암동,중상사고,0,1,0,0,차대사람 - 차도통행중,안전운전불이행,포장 - 건조,맑음,단일로 - 기타,승용,남,61세,상해없음,보행자,여,20세,중상
4324,2020081400100477,2020년 8월 14일 17시,금요일,전라남도 해남군 송지면,경상사고,0,0,1,0,차대사람 - 횡단중,안전운전불이행,포장 - 건조,맑음,단일로 - 기타,승용,남,48세,상해없음,보행자,여,37세,경상
4325,2020081500100120,2020년 8월 15일 08시,토요일,전라남도 담양군 대전면,중상사고,0,1,0,0,차대사람 - 기타,안전운전불이행,포장 - 건조,맑음,주차장 - 주차장,화물,남,64세,상해없음,보행자,여,75세,중상
4326,2020081500100426,2020년 8월 15일 18시,토요일,전라남도 순천시 남정동,경상사고,0,0,1,0,차대사람 - 기타,교차로운행방법위반,포장 - 건조,맑음,교차로 - 교차로안,승용,여,28세,상해없음,보행자,남,52세,경상
4327,2020081500100463,2020년 8월 15일 19시,토요일,전라남도 장성군 북하면,중상사고,0,1,0,0,차대사람 - 횡단중,과속,포장 - 건조,흐림,단일로 - 기타,승용,남,24세,상해없음,보행자,여,88세,중상
4328,2020081600100137,2020년 8월 16일 10시,일요일,전라남도 무안군 일로읍,경상사고,0,0,1,0,차대사람 - 기타,안전운전불이행,포장 - 건조,맑음,교차로 - 교차로안,승용,남,50세,상해없음,보행자,남,49세,경상
4329,2020081600100324,2020년 8월 16일 16시,일요일,전라남도 광양시 다압면,경상사고,0,0,1,0,차대사람 - 기타,안전운전불이행,비포장 - 건조,맑음,기타 - 기타,승용,남,67세,상해없음,보행자,여,8세,경상
4330,2020081600100458,2020년 8월 16일 20시,일요일,전라남도 화순군 화순읍,경상사고,0,0,1,0,차대사람 - 기타,안전운전불이행,포장 - 건조,맑음,교차로 - 교차로안,승용,남,56세,상해없음,보행자,여,41세,경상
4331,2020081600100509,2020년 8월 16일 22시,일요일,전라남도 여수시 봉강동,경상사고,0,0,1,0,차대사람 - 차도통행중,안전운전불이행,포장 - 건조,맑음,단일로 - 기타,승용,여,37세,상해없음,보행자,여,13세,경상
4332,2020081600100533,2020년 8월 16일 23시,일요일,전라남도 순천시 조례동,경상사고,0,0,1,0,차대사람 - 보도통행중,교차로운행방법위반,포장 - 건조,맑음,교차로 - 교차로안,승용,남,25세,상해없음,보행자,여,18세,경상
4333,2020081700100008,2020년 8월 17일 00시,월요일,전라남도 목포시 상동,중상사고,0,1,0,0,차대사람 - 기타,안전운전불이행,포장 - 건조,맑음,주차장 - 주차장,승용,여,40세,상해없음,보행자,남,35세,중상
4334,2020081700100072,2020년 8월 17일 08시,월요일,전라남도 순천시 연향동,중상사고,0,1,0,0,차대사람 - 차도통행중,안전운전불이행,포장 - 건조,맑음,교차로 - 교차로부근,승용,여,29세,상해없음,보행자,여,72세,중상
4335,2020081700100155,2020년 8월 17일 11시,월요일,전라남도 순천시 덕암동,중상사고,0,1,0,0,차대사람 - 기타,안전운전불이행,포장 - 건조,맑음,교차로 - 교차로횡단보도내,승용,여,67세,상해없음,보행자,남,42세,중상
4336,2020081700100193,2020년 8월 17일 12시,월요일,전라남도 여수시 서교동,경상사고,0,0,1,0,차대사람 - 기타,안전운전불이행,포장 - 건조,맑음,단일로 - 기타,이륜,남,27세,상해없음,보행자,남,24세,경상
4337,2020081700100311,2020년 8월 17일 15시,월요일,전라남도 고흥군 두원면,중상사고,0,1,0,0,차대사람 - 기타,안전운전불이행,포장 - 건조,맑음,교차로 - 교차로부근,승용,남,70세,상해없음,보행자,여,89세,중상
4338,2020081700100351,2020년 8월 17일 16시,월요일,전라남도 구례군 마산면,중상사고,0,2,1,0,차대사람 - 횡단중,안전운전불이행,포장 - 건조,맑음,단일로 - 기타,이륜,남,81세,경상,보행자,남,66세,중상
4339,2020081700100468,2020년 8월 17일 19시,월요일,전라남도 구례군 구례읍,부상신고사고,0,0,0,1,차대사람 - 기타,안전운전불이행,포장 - 건조,맑음,단일로 - 기타,이륜,남,60세,상해없음,보행자,남,57세,부상신고
4340,2020081700100512,2020년 8월 17일 20시,월요일,전라남도 목포시 용해동,경상사고,0,0,1,0,차대사람 - 보도통행중,기타,포장 - 건조,맑음,단일로 - 기타,이륜,남,45세,상해없음,보행자,남,17세,경상
4341,2020081700100553,2020년 8월 17일 22시,월요일,전라남도 목포시 대성동,경상사고,0,0,1,0,차대사람 - 기타,안전운전불이행,포장 - 건조,맑음,교차로 - 교차로안,승용,여,31세,상해없음,보행자,남,48세,경상
4342,2020081800100064,2020년 8월 18일 07시,화요일,전라남도 장성군 동화면,중상사고,0,1,0,0,차대사람 - 기타,안전운전불이행,포장 - 건조,맑음,단일로 - 기타,화물,남,31세,상해없음,보행자,여,83세,중상
4343,2020081800100211,2020년 8월 18일 11시,화요일,전라남도 강진군 강진읍,경상사고,0,0,1,0,차대사람 - 기타,직진우회전진행방해,포장 - 건조,맑음,교차로 - 교차로안,승용,남,45세,상해없음,보행자,여,80세,경상
4344,2020081800100213,2020년 8월 18일 11시,화요일,전라남도 광양시 진상면,경상사고,0,0,1,0,차대사람 - 기타,안전운전불이행,포장 - 건조,맑음,기타 - 기타,화물,남,48세,상해없음,보행자,여,87세,경상
4345,2020081800100423,2020년 8월 18일 16시,화요일,전라남도 고흥군 도화면,중상사고,0,1,0,0,차대사람 - 길가장자리구역통행중,중앙선침범,포장 - 건조,맑음,교차로 - 교차로안,화물,남,59세,상해없음,보행자,남,74세,중상
4346,2020081800100472,2020년 8월 18일 17시,화요일,전라남도 함평군 학교면,경상사고,0,0,1,0,차대사람 - 차도통행중,신호위반,포장 - 건조,맑음,교차로 - 교차로안,건설기계,남,55세,상해없음,보행자,남,80세,경상
4347,2020081800100605,2020년 8월 18일 20시,화요일,전라남도 여수시 신기동,중상사고,0,1,0,0,차대사람 - 횡단중,안전운전불이행,포장 - 건조,맑음,단일로 - 기타,승용,여,54세,상해없음,보행자,여,74세,중상
4348,2020081800100641,2020년 8월 18일 21시,화요일,전라남도 화순군 능주면,경상사고,0,0,2,0,차대사람 - 기타,안전운전불이행,포장 - 건조,맑음,교차로 - 교차로부근,이륜,남,51세,경상,보행자,남,68세,경상
4349,2020081800100667,2020년 8월 18일 22시,화요일,전라남도 광양시 중동,경상사고,0,0,1,0,차대사람 - 기타,안전운전불이행,포장 - 건조,맑음,단일로 - 기타,승용,남,65세,상해없음,보행자,여,24세,경상
4350,2020081900100023,2020년 8월 19일 02시,수요일,전라남도 여수시 학동,경상사고,0,0,1,0,차대사람 - 길가장자리구역통행중,안전운전불이행,포장 - 건조,맑음,단일로 - 기타,승용,여,51세,상해없음,보행자,남,29세,경상
4351,2020081900100295,2020년 8월 19일 13시,수요일,전라남도 장성군 장성읍,경상사고,0,0,1,0,차대사람 - 기타,안전운전불이행,포장 - 건조,맑음,단일로 - 기타,승용,여,79세,상해없음,보행자,여,75세,경상
4352,2020081900100329,2020년 8월 19일 14시,수요일,전라남도 여수시 학동,경상사고,0,0,1,0,차대사람 - 길가장자리구역통행중,안전운전불이행,포장 - 건조,맑음,단일로 - 기타,승용,남,55세,상해없음,보행자,남,25세,경상
4353,2020081900100366,2020년 8월 19일 15시,수요일,전라남도 목포시 용당동,중상사고,0,1,0,0,차대사람 - 기타,안전운전불이행,포장 - 건조,맑음,단일로 - 기타,승용,여,61세,상해없음,보행자,여,62세,중상
4354,2020081900100453,2020년 8월 19일 17시,수요일,전라남도 담양군 담양읍,경상사고,0,0,1,0,차대사람 - 기타,안전운전불이행,포장 - 건조,맑음,단일로 - 기타,승용,여,60세,상해없음,보행자,남,35세,경상
4355,2020081900100582,2020년 8월 19일 20시,수요일,전라남도 여수시 둔덕동,중상사고,0,1,0,0,차대사람 - 기타,신호위반,포장 - 건조,맑음,교차로 - 교차로부근,화물,남,57세,상해없음,보행자,남,57세,중상
4356,2020081900100583,2020년 8월 19일 20시,수요일,전라남도 화순군 화순읍,중상사고,0,1,0,0,차대사람 - 기타,안전운전불이행,포장 - 건조,맑음,단일로 - 기타,승용,남,40세,상해없음,보행자,여,83세,중상
4357,2020082000100108,2020년 8월 20일 08시,목요일,전라남도 화순군 화순읍,중상사고,0,1,0,0,차대사람 - 차도통행중,안전운전불이행,포장 - 건조,맑음,교차로 - 교차로부근,승용,여,54세,상해없음,보행자,여,16세,중상
4358,2020082000100246,2020년 8월 20일 12시,목요일,전라남도 담양군 담양읍,경상사고,0,0,1,0,차대사람 - 횡단중,보행자보호의무위반,포장 - 건조,맑음,교차로 - 교차로안,승용,남,72세,상해없음,보행자,여,65세,경상
4359,2020082100100060,2020년 8월 21일 06시,금요일,전라남도 무안군 삼향읍,중상사고,0,1,0,0,차대사람 - 기타,안전운전불이행,포장 - 건조,맑음,기타 - 기타,자전거,남,44세,상해없음,보행자,남,79세,중상
4360,2020082100100077,2020년 8월 21일 07시,금요일,전라남도 여수시 문수동,경상사고,0,0,1,0,차대사람 - 횡단중,신호위반,포장 - 건조,맑음,단일로 - 기타,승용,여,59세,상해없음,보행자,남,18세,경상
4361,2020082100100136,2020년 8월 21일 09시,금요일,전라남도 해남군 해남읍,사망사고,1,0,0,0,차대사람 - 횡단중,안전운전불이행,포장 - 건조,맑음,교차로 - 교차로안,승용,남,70세,상해없음,보행자,여,61세,사망
4362,2020082100100297,2020년 8월 21일 14시,금요일,전라남도 여수시 학동,경상사고,0,0,1,0,차대사람 - 기타,안전운전불이행,포장 - 건조,맑음,단일로 - 기타,승용,여,39세,상해없음,보행자,남,64세,경상
4363,2020082100100365,2020년 8월 21일 16시,금요일,전라남도 여수시 서교동,경상사고,0,0,1,0,차대사람 - 기타,안전운전불이행,포장 - 건조,맑음,교차로 - 교차로부근,화물,남,67세,상해없음,보행자,여,52세,경상
4364,2020082100100404,2020년 8월 21일 17시,금요일,전라남도 순천시 남정동,경상사고,0,0,1,0,차대사람 - 횡단중,신호위반,포장 - 건조,맑음,단일로 - 기타,승용,남,65세,상해없음,보행자,남,75세,경상
4365,2020082200100143,2020년 8월 22일 09시,토요일,전라남도 나주시 금천면,중상사고,0,1,0,0,차대사람 - 기타,안전운전불이행,포장 - 건조,맑음,단일로 - 기타,화물,남,64세,상해없음,보행자,여,85세,중상
4366,2020082200100202,2020년 8월 22일 11시,토요일,전라남도 영광군 영광읍,경상사고,0,0,1,0,차대사람 - 기타,안전운전불이행,포장 - 건조,맑음,단일로 - 기타,승용,남,52세,상해없음,보행자,남,42세,경상
4367,2020082200100591,2020년 8월 22일 21시,토요일,전라남도 목포시 상동,경상사고,0,0,1,0,차대사람 - 기타,안전운전불이행,포장 - 건조,맑음,단일로 - 기타,기타불명,기타불명,미분류,기타불명,보행자,남,21세,경상
4368,2020082300100217,2020년 8월 23일 14시,일요일,전라남도 목포시 옥암동,경상사고,0,0,1,0,차대사람 - 기타,안전운전불이행,포장 - 건조,맑음,교차로 - 교차로안,승용,남,36세,상해없음,보행자,남,39세,경상
4369,2020082300100242,2020년 8월 23일 15시,일요일,전라남도 담양군 용면,경상사고,0,0,1,0,차대사람 - 횡단중,안전운전불이행,포장 - 젖음/습기,비,단일로 - 기타,이륜,남,22세,상해없음,보행자,남,85세,경상
4370,2020082400100220,2020년 8월 24일 11시,월요일,전라남도 진도군 지산면,중상사고,0,2,0,0,차대사람 - 기타,안전운전불이행,포장 - 건조,맑음,교차로 - 교차로안,화물,남,19세,상해없음,보행자,남,56세,중상
4371,2020082400100549,2020년 8월 24일 19시,월요일,전라남도 구례군 토지면,사망사고,2,0,0,0,차대사람 - 횡단중,안전운전불이행,포장 - 건조,맑음,단일로 - 기타,승용,남,78세,상해없음,보행자,여,86세,사망
4372,2020082400100653,2020년 8월 24일 23시,월요일,전라남도 목포시 상동,중상사고,0,1,0,0,차대사람 - 횡단중,보행자보호의무위반,포장 - 건조,맑음,교차로 - 교차로횡단보도내,승용,남,37세,상해없음,보행자,남,57세,중상
4373,2020082500100152,2020년 8월 25일 09시,화요일,전라남도 영광군 염산면,중상사고,0,1,0,0,차대사람 - 차도통행중,안전운전불이행,포장 - 건조,맑음,단일로 - 기타,승용,여,69세,상해없음,보행자,여,80세,중상
4374,2020082500100184,2020년 8월 25일 10시,화요일,전라남도 여수시 서교동,경상사고,0,0,1,0,차대사람 - 기타,안전운전불이행,포장 - 건조,맑음,단일로 - 기타,화물,남,75세,상해없음,보행자,여,65세,경상
4375,2020082500100225,2020년 8월 25일 11시,화요일,전라남도 여수시 문수동,경상사고,0,0,1,0,차대사람 - 보도통행중,보행자보호의무위반,포장 - 건조,맑음,단일로 - 기타,승용,남,63세,상해없음,보행자,여,65세,경상
4376,2020082500100303,2020년 8월 25일 13시,화요일,전라남도 장흥군 부산면,경상사고,0,0,1,0,차대사람 - 기타,안전운전불이행,포장 - 건조,맑음,단일로 - 기타,승용,여,59세,상해없음,보행자,여,80세,경상
4377,2020082500100334,2020년 8월 25일 14시,화요일,전라남도 목포시 용해동,경상사고,0,0,1,0,차대사람 - 횡단중,기타,포장 - 건조,맑음,단일로 - 기타,승용,남,53세,상해없음,보행자,여,8세,경상
4378,2020082600100008,2020년 8월 26일 00시,수요일,전라남도 여수시 학동,경상사고,0,0,1,0,차대사람 - 기타,안전운전불이행,포장 - 건조,맑음,단일로 - 기타,승용,여,22세,상해없음,보행자,여,22세,경상
4379,2020082600100101,2020년 8월 26일 08시,수요일,전라남도 광양시 금호동,경상사고,0,0,1,0,차대사람 - 횡단중,신호위반,포장 - 건조,맑음,교차로 - 교차로횡단보도내,승용,남,51세,상해없음,보행자,남,46세,경상
4380,2020082600100127,2020년 8월 26일 09시,수요일,전라남도 여수시 학동,경상사고,0,0,1,0,차대사람 - 보도통행중,기타,포장 - 건조,맑음,기타 - 기타,사륜오토바이(ATV),여,46세,상해없음,보행자,남,35세,경상
4381,2020082600100443,2020년 8월 26일 19시,수요일,전라남도 목포시 상동,중상사고,0,1,0,0,차대사람 - 횡단중,신호위반,포장 - 젖음/습기,비,교차로 - 교차로안,승용,남,36세,기타불명,보행자,남,61세,중상
4382,2020082600100549,2020년 8월 26일 23시,수요일,전라남도 장성군 황룡면,부상신고사고,0,0,0,1,차대사람 - 기타,안전운전불이행,포장 - 건조,흐림,교차로 - 교차로안,화물,남,64세,상해없음,보행자,남,46세,부상신고
4383,2020082700100099,2020년 8월 27일 08시,목요일,전라남도 순천시 오천동,중상사고,0,1,0,0,차대사람 - 횡단중,보행자보호의무위반,포장 - 건조,맑음,교차로 - 교차로부근,화물,남,39세,상해없음,보행자,남,73세,중상
4384,2020082700100134,2020년 8월 27일 09시,목요일,전라남도 광양시 금호동,경상사고,0,0,1,0,차대사람 - 기타,안전운전불이행,포장 - 건조,맑음,단일로 - 기타,승용,남,62세,상해없음,보행자,남,40세,경상
4385,2020082800100030,2020년 8월 28일 02시,금요일,전라남도 여수시 학동,경상사고,0,0,1,0,차대사람 - 기타,안전운전불이행,포장 - 건조,흐림,단일로 - 기타,승용,남,54세,상해없음,보행자,남,21세,경상
4386,2020082800100080,2020년 8월 28일 07시,금요일,전라남도 보성군 벌교읍,경상사고,0,0,1,0,차대사람 - 횡단중,보행자보호의무위반,포장 - 건조,맑음,단일로 - 기타,원동기,남,75세,상해없음,보행자,여,65세,경상
4387,2020082800100082,2020년 8월 28일 07시,금요일,전라남도 영광군 염산면,경상사고,0,0,1,0,차대사람 - 기타,안전운전불이행,포장 - 건조,맑음,주차장 - 주차장,화물,남,48세,상해없음,보행자,남,70세,경상
4388,2020082800100432,2020년 8월 28일 17시,금요일,전라남도 목포시 연산동,경상사고,0,0,1,0,차대사람 - 기타,안전운전불이행,포장 - 건조,맑음,기타 - 기타,승용,남,38세,상해없음,보행자,여,57세,경상
4389,2020082800100523,2020년 8월 28일 19시,금요일,전라남도 화순군 동면,사망사고,1,0,0,0,차대사람 - 횡단중,안전운전불이행,포장 - 건조,맑음,단일로 - 기타,승용,여,64세,상해없음,보행자,여,71세,사망
4390,2020082800100653,2020년 8월 28일 23시,금요일,전라남도 여수시 여서동,경상사고,0,0,1,0,차대사람 - 횡단중,안전운전불이행,포장 - 건조,맑음,단일로 - 기타,승용,남,56세,상해없음,보행자,남,48세,경상
4391,2020082900100160,2020년 8월 29일 10시,토요일,전라남도 여수시 선원동,경상사고,0,0,1,0,차대사람 - 기타,안전운전불이행,포장 - 건조,맑음,교차로 - 교차로부근,승용,남,64세,상해없음,보행자,남,45세,경상
4392,2020082900100161,2020년 8월 29일 10시,토요일,전라남도 고흥군 도양읍,경상사고,0,0,1,0,차대사람 - 기타,안전운전불이행,포장 - 건조,맑음,교차로 - 교차로부근,화물,남,72세,상해없음,보행자,남,68세,경상
4393,2020082900100305,2020년 8월 29일 14시,토요일,전라남도 여수시 교동,경상사고,0,0,1,0,차대사람 - 기타,안전운전불이행,포장 - 건조,맑음,단일로 - 기타,화물,남,68세,상해없음,보행자,남,40세,경상
4394,2020083100100274,2020년 8월 31일 14시,월요일,전라남도 영암군 신북면,중상사고,0,1,0,0,차대사람 - 기타,안전운전불이행,포장 - 건조,맑음,교차로 - 교차로부근,승용,여,50세,상해없음,보행자,여,72세,중상
4395,2020083100100319,2020년 8월 31일 15시,월요일,전라남도 목포시 용해동,중상사고,0,1,0,0,차대사람 - 횡단중,신호위반,포장 - 건조,맑음,기타 - 기타,승용,여,43세,상해없음,보행자,남,13세,중상