,사고번호,사고일시,요일,시군구,사고내용,사망자수,중상자수,경상자수,부상신고자수,사고유형,법규위반,노면상태,기상상태,도로형태,가해운전자 차종,가해운전자 성별,가해운전자 연령,가해운전자 상해정도,피해운전자 차종,피해운전자 성별,피해운전자 연령,피해운전자 상해정도
4396,2020083100100427,2020년 8월 31일 18시,월요일,전라남도 목포시 호남동,경상사고,0,0,1,0,차대사람 - 횡단중,안전운전불이행,포장 - 건조,맑음,기타 - 기타,승용,남,48세,상해없음,보행자,여,16세,경상
4397,2020090100100035,2020년 9월 1일 05시,화요일,전라남도 여수시 국동,경상사고,0,0,1,0,차대사람 - 기타,안전운전불이행,포장 - 건조,맑음,단일로 - 기타,승용,여,51세,상해없음,보행자,남,54세,경상
4398,2020090100100295,2020년 9월 1일 15시,화요일,전라남도 목포시 상동,경상사고,0,0,1,0,차대사람 - 차도통행중,안전운전불이행,포장 - 건조,맑음,단일로 - 기타,승용,여,77세,상해없음,보행자,남,12세,경상
4399,2020090100100450,2020년 9월 1일 19시,화요일,전라남도 무안군 무안읍,중상사고,0,1,0,0,차대사람 - 기타,안전운전불이행,포장 - 건조,맑음,단일로 - 기타,승용,남,47세,상해없음,보행자,여,76세,중상
4400,2020090200100454,2020년 9월 2일 20시,수요일,전라남도 여수시 학동,중상사고,0,1,0,0,차대사람 - 횡단중,안전운전불이행,포장 - 젖음/습기,비,단일로 - 기타,승용,남,76세,상해없음,보행자,남,60세,중상
4401,2020090300100131,2020년 9월 3일 09시,목요일,전라남도 담양군 담양읍,경상사고,0,0,1,0,차대사람 - 횡단중,안전운전불이행,포장 - 건조,맑음,교차로 - 교차로부근,화물,남,66세,상해없음,보행자,여,77세,경상
4402,2020090300100454,2020년 9월 3일 20시,목요일,전라남도 목포시 상동,경상사고,0,0,1,0,차대사람 - 기타,안전운전불이행,포장 - 건조,맑음,교차로 - 교차로안,이륜,남,24세,상해없음,보행자,남,53세,경상
4403,2020090300100457,2020년 9월 3일 20시,목요일,전라남도 순천시 해룡면,경상사고,0,0,1,0,차대사람 - 길가장자리구역통행중,안전운전불이행,포장 - 건조,맑음,단일로 - 기타,자전거,남,54세,경상,보행자,남,44세,상해없음
4404,2020090400100036,2020년 9월 4일 05시,금요일,전라남도 여수시 화양면,사망사고,1,0,0,0,차대사람 - 횡단중,보행자보호의무위반,포장 - 건조,맑음,단일로 - 기타,화물,남,55세,상해없음,보행자,여,81세,사망
4405,2020090400100200,2020년 9월 4일 11시,금요일,전라남도 장흥군 장동면,중상사고,0,1,0,0,차대사람 - 기타,안전운전불이행,포장 - 건조,맑음,단일로 - 터널,승용,남,70세,상해없음,보행자,남,29세,중상
4406,2020090400100201,2020년 9월 4일 11시,금요일,전라남도 영암군 학산면,경상사고,0,0,1,0,차대사람 - 길가장자리구역통행중,안전운전불이행,포장 - 건조,맑음,단일로 - 기타,승용,남,80세,상해없음,보행자,남,62세,경상
4407,2020090400100326,2020년 9월 4일 15시,금요일,전라남도 구례군 구례읍,경상사고,0,0,1,0,차대사람 - 보도통행중,안전운전불이행,포장 - 건조,맑음,교차로 - 교차로횡단보도내,승용,남,72세,상해없음,보행자,여,11세,경상
4408,2020090400100465,2020년 9월 4일 18시,금요일,전라남도 장흥군 장흥읍,사망사고,1,0,0,0,차대사람 - 기타,안전운전불이행,포장 - 건조,맑음,단일로 - 기타,건설기계,남,49세,상해없음,보행자,남,66세,사망
4409,2020090600100012,2020년 9월 6일 00시,일요일,전라남도 여수시 교동,사망사고,1,0,1,0,차대사람 - 차도통행중,안전운전불이행,포장 - 건조,맑음,단일로 - 기타,승용,여,49세,경상,보행자,남,76세,사망
4410,2020090600100049,2020년 9월 6일 05시,일요일,전라남도 목포시 용해동,중상사고,0,1,0,0,차대사람 - 기타,안전운전불이행,포장 - 건조,흐림,교차로 - 교차로안,승용,남,69세,상해없음,보행자,여,71세,중상
4411,2020090600100343,2020년 9월 6일 20시,일요일,전라남도 완도군 노화읍,중상사고,0,1,0,0,차대사람 - 기타,안전운전불이행,포장 - 젖음/습기,비,기타 - 기타,승용,여,54세,상해없음,보행자,여,46세,중상
4412,2020090700100277,2020년 9월 7일 14시,월요일,전라남도 순천시 풍덕동,중상사고,0,1,0,0,차대사람 - 횡단중,보행자보호의무위반,포장 - 젖음/습기,비,교차로 - 교차로안,승용,남,43세,상해없음,보행자,여,86세,중상
4413,2020090700100460,2020년 9월 7일 19시,월요일,전라남도 여수시 봉산동,중상사고,0,1,0,0,차대사람 - 차도통행중,안전운전불이행,포장 - 건조,맑음,단일로 - 기타,화물,남,64세,상해없음,보행자,남,60세,중상
4414,2020090700100461,2020년 9월 7일 19시,월요일,전라남도 순천시 해룡면,중상사고,0,1,0,0,차대사람 - 보도통행중,안전운전불이행,포장 - 건조,맑음,단일로 - 기타,화물,남,69세,상해없음,보행자,여,83세,중상
4415,2020090800100111,2020년 9월 8일 08시,화요일,전라남도 목포시 산정동,중상사고,0,1,0,0,차대사람 - 횡단중,보행자보호의무위반,포장 - 건조,맑음,기타 - 기타,승용,여,38세,상해없음,보행자,여,77세,중상
4416,2020090800100436,2020년 9월 8일 17시,화요일,전라남도 여수시 서교동,경상사고,0,0,1,0,차대사람 - 기타,안전운전불이행,포장 - 건조,맑음,단일로 - 교량,승용,남,62세,상해없음,보행자,여,67세,경상
4417,2020090800100517,2020년 9월 8일 19시,화요일,전라남도 장성군 황룡면,중상사고,0,1,0,0,차대사람 - 기타,안전운전불이행,포장 - 젖음/습기,비,단일로 - 기타,화물,남,42세,상해없음,보행자,여,75세,중상
4418,2020090900100327,2020년 9월 9일 16시,수요일,전라남도 장성군 장성읍,중상사고,0,1,0,0,차대사람 - 기타,안전운전불이행,포장 - 건조,맑음,단일로 - 기타,승용,여,46세,상해없음,보행자,여,86세,중상
4419,2020091000100027,2020년 9월 10일 05시,목요일,전라남도 여수시 호명동,경상사고,0,0,1,0,차대사람 - 차도통행중,안전운전불이행,포장 - 건조,맑음,교차로 - 교차로안,승용,남,44세,상해없음,보행자,여,79세,경상
4420,2020091000100054,2020년 9월 10일 07시,목요일,전라남도 순천시 조례동,경상사고,0,0,1,0,차대사람 - 횡단중,보행자보호의무위반,포장 - 건조,맑음,교차로 - 교차로횡단보도내,승용,여,45세,상해없음,보행자,남,33세,경상
4421,2020091000100167,2020년 9월 10일 11시,목요일,전라남도 해남군 산이면,경상사고,0,0,1,0,차대사람 - 기타,불법유턴,비포장 - 건조,맑음,기타 - 기타,화물,남,58세,상해없음,보행자,남,47세,경상
4422,2020091000100204,2020년 9월 10일 12시,목요일,전라남도 목포시 용당동,중상사고,0,1,0,0,차대사람 - 횡단중,보행자보호의무위반,포장 - 건조,맑음,교차로 - 교차로횡단보도내,화물,남,29세,상해없음,보행자,남,49세,중상
4423,2020091000100265,2020년 9월 10일 14시,목요일,전라남도 완도군 신지면,중상사고,0,1,0,0,차대사람 - 기타,안전운전불이행,포장 - 건조,맑음,단일로 - 기타,화물,남,81세,상해없음,보행자,여,49세,중상
4424,2020091000100381,2020년 9월 10일 17시,목요일,전라남도 순천시 왕지동,경상사고,0,0,1,0,차대사람 - 차도통행중,안전운전불이행,포장 - 건조,맑음,단일로 - 기타,승용,여,52세,상해없음,보행자,남,48세,경상
4425,2020091000100382,2020년 9월 10일 17시,목요일,전라남도 나주시 이창동,경상사고,0,0,1,0,차대사람 - 기타,안전운전불이행,포장 - 건조,맑음,단일로 - 기타,화물,여,50세,상해없음,보행자,남,52세,경상
4426,2020091100100207,2020년 9월 11일 12시,금요일,전라남도 고흥군 도양읍,경상사고,0,0,1,0,차대사람 - 차도통행중,안전운전불이행,포장 - 젖음/습기,비,단일로 - 기타,화물,남,44세,상해없음,보행자,남,75세,경상
4427,2020091100100374,2020년 9월 11일 17시,금요일,전라남도 순천시 조례동,경상사고,0,0,1,0,차대사람 - 횡단중,안전운전불이행,포장 - 젖음/습기,비,교차로 - 교차로안,승용,여,30세,상해없음,보행자,남,57세,경상
4428,2020091200100009,2020년 9월 12일 00시,토요일,전라남도 목포시 옥암동,중상사고,0,1,0,0,차대사람 - 횡단중,안전운전불이행,포장 - 젖음/습기,비,단일로 - 기타,승용,남,44세,상해없음,보행자,여,38세,중상
4429,2020091200100011,2020년 9월 12일 00시,토요일,전라남도 화순군 화순읍,중상사고,0,1,0,0,차대사람 - 기타,안전운전불이행,포장 - 젖음/습기,비,단일로 - 기타,이륜,남,28세,상해없음,보행자,남,22세,중상
4430,2020091200100035,2020년 9월 12일 01시,토요일,전라남도 여수시 중앙동,경상사고,0,0,1,0,차대사람 - 차도통행중,안전운전불이행,포장 - 젖음/습기,흐림,단일로 - 기타,승용,여,52세,상해없음,보행자,남,46세,경상
4431,2020091200100203,2020년 9월 12일 11시,토요일,전라남도 구례군 구례읍,경상사고,0,0,1,0,차대사람 - 차도통행중,안전운전불이행,포장 - 건조,맑음,단일로 - 기타,승용,여,49세,상해없음,보행자,여,77세,경상
4432,2020091200100238,2020년 9월 12일 12시,토요일,전라남도 목포시 옥암동,경상사고,0,0,1,0,차대사람 - 길가장자리구역통행중,안전운전불이행,포장 - 건조,맑음,단일로 - 기타,승용,남,65세,상해없음,보행자,여,57세,경상
4433,2020091200100363,2020년 9월 12일 15시,토요일,전라남도 목포시 상동,경상사고,0,0,1,0,차대사람 - 기타,안전운전불이행,포장 - 건조,맑음,단일로 - 기타,자전거,여,11세,상해없음,보행자,남,22세,경상
4434,2020091200100364,2020년 9월 12일 15시,토요일,전라남도 영암군 학산면,부상신고사고,0,0,0,1,차대사람 - 기타,안전운전불이행,포장 - 건조,맑음,교차로 - 교차로부근,기타불명,기타불명,미분류,기타불명,보행자,남,31세,부상신고
4435,2020091200100537,2020년 9월 12일 20시,토요일,전라남도 여수시 웅천동,경상사고,0,0,3,0,차대사람 - 횡단중,안전운전불이행,포장 - 건조,맑음,교차로 - 교차로안,승용,남,49세,상해없음,보행자,남,13세,경상
4436,2020091200100567,2020년 9월 12일 21시,토요일,전라남도 무안군 삼향읍,경상사고,0,0,2,0,차대사람 - 횡단중,신호위반,포장 - 건조,기타,교차로 - 교차로횡단보도내,승용,여,29세,상해없음,보행자,여,17세,경상
4437,2020091300100059,2020년 9월 13일 07시,일요일,전라남도 구례군 구례읍,경상사고,0,0,1,0,차대사람 - 기타,안전운전불이행,포장 - 건조,맑음,단일로 - 기타,승용,남,49세,상해없음,보행자,여,63세,경상
4438,2020091300100245,2020년 9월 13일 14시,일요일,전라남도 무안군 현경면,중상사고,0,1,0,0,차대사람 - 기타,안전운전불이행,포장 - 건조,맑음,단일로 - 기타,승용,남,46세,상해없음,보행자,남,53세,중상
4439,2020091400100004,2020년 9월 14일 00시,월요일,전라남도 여수시 학동,경상사고,0,0,1,0,차대사람 - 횡단중,안전운전불이행,포장 - 건조,맑음,교차로 - 교차로횡단보도내,승용,여,52세,상해없음,보행자,남,36세,경상
4440,2020091400100118,2020년 9월 14일 08시,월요일,전라남도 목포시 용당동,경상사고,0,0,1,0,차대사람 - 횡단중,보행자보호의무위반,포장 - 건조,맑음,교차로 - 교차로부근,승용,여,26세,상해없음,보행자,남,7세,경상
4441,2020091400100449,2020년 9월 14일 17시,월요일,전라남도 목포시 옥암동,경상사고,0,0,1,0,차대사람 - 기타,안전운전불이행,포장 - 건조,맑음,단일로 - 기타,승용,여,40세,기타불명,보행자,남,36세,경상
4442,2020091400100451,2020년 9월 14일 17시,월요일,전라남도 영광군 영광읍,경상사고,0,0,1,0,차대사람 - 횡단중,보행자보호의무위반,포장 - 건조,흐림,교차로 - 교차로횡단보도내,화물,남,54세,상해없음,보행자,남,7세,경상
4443,2020091400100530,2020년 9월 14일 19시,월요일,전라남도 여수시 동산동,중상사고,0,1,0,0,차대사람 - 차도통행중,안전운전불이행,포장 - 건조,맑음,단일로 - 기타,승용,남,28세,상해없음,보행자,남,77세,중상
4444,2020091500100228,2020년 9월 15일 12시,화요일,전라남도 나주시 이창동,경상사고,0,0,1,0,차대사람 - 기타,안전운전불이행,포장 - 건조,맑음,교차로 - 교차로안,화물,남,51세,상해없음,보행자,남,76세,경상
4445,2020091500100412,2020년 9월 15일 17시,화요일,전라남도 목포시 산정동,중상사고,0,1,0,0,차대사람 - 기타,안전운전불이행,포장 - 건조,맑음,단일로 - 기타,승용,여,27세,상해없음,보행자,여,73세,중상
4446,2020091500100414,2020년 9월 15일 17시,화요일,전라남도 여수시 문수동,경상사고,0,0,1,0,차대사람 - 횡단중,안전운전불이행,포장 - 건조,맑음,단일로 - 기타,승합,남,61세,상해없음,보행자,여,13세,경상
4447,2020091500100490,2020년 9월 15일 19시,화요일,전라남도 여수시 충무동,경상사고,0,0,1,0,차대사람 - 횡단중,보행자보호의무위반,포장 - 건조,맑음,교차로 - 교차로횡단보도내,승용,남,54세,상해없음,보행자,남,74세,경상
4448,2020091500100491,2020년 9월 15일 19시,화요일,전라남도 순천시 연향동,경상사고,0,0,1,0,차대사람 - 기타,안전운전불이행,비포장 - 건조,기타,단일로 - 기타,승용,여,49세,상해없음,보행자,남,47세,경상
4449,2020091600100022,2020년 9월 16일 02시,수요일,전라남도 광양시 중동,중상사고,0,1,0,0,차대사람 - 횡단중,안전운전불이행,포장 - 건조,맑음,기타 - 기타,승용,남,60세,상해없음,보행자,남,43세,중상
4450,2020091600100277,2020년 9월 16일 14시,수요일,전라남도 완도군 노화읍,사망사고,1,0,0,0,차대사람 - 기타,안전운전불이행,포장 - 젖음/습기,비,단일로 - 기타,화물,남,71세,상해없음,보행자,남,82세,사망
4451,2020091700100105,2020년 9월 17일 08시,목요일,전라남도 영광군 영광읍,경상사고,0,0,1,0,차대사람 - 횡단중,안전운전불이행,포장 - 젖음/습기,비,교차로 - 교차로부근,승용,여,37세,상해없음,보행자,여,83세,경상
4452,2020091700100106,2020년 9월 17일 08시,목요일,전라남도 화순군 화순읍,경상사고,0,0,1,0,차대사람 - 횡단중,보행자보호의무위반,포장 - 젖음/습기,비,교차로 - 교차로횡단보도내,승용,남,59세,상해없음,보행자,여,47세,경상
4453,2020091700100190,2020년 9월 17일 11시,목요일,전라남도 순천시 풍덕동,경상사고,0,0,1,0,차대사람 - 횡단중,안전운전불이행,포장 - 건조,흐림,교차로 - 교차로부근,승용,남,33세,상해없음,보행자,여,74세,경상
4454,2020091700100433,2020년 9월 17일 18시,목요일,전라남도 완도군 완도읍,중상사고,0,1,0,0,차대사람 - 기타,안전운전불이행,포장 - 젖음/습기,비,단일로 - 기타,승용,남,63세,상해없음,보행자,여,59세,중상
4455,2020091800100249,2020년 9월 18일 12시,금요일,전라남도 장성군 황룡면,부상신고사고,0,0,0,1,차대사람 - 기타,안전운전불이행,포장 - 건조,맑음,단일로 - 기타,화물,남,44세,상해없음,보행자,남,84세,상해없음
4456,2020091800100331,2020년 9월 18일 14시,금요일,전라남도 완도군 보길면,중상사고,0,1,0,0,차대사람 - 기타,안전운전불이행,포장 - 건조,맑음,단일로 - 기타,화물,남,37세,상해없음,보행자,남,79세,중상
4457,2020091900100051,2020년 9월 19일 04시,토요일,전라남도 목포시 상동,경상사고,0,0,1,0,차대사람 - 횡단중,보행자보호의무위반,포장 - 건조,맑음,단일로 - 기타,승용,여,44세,상해없음,보행자,남,80세,경상
4458,2020091900100122,2020년 9월 19일 08시,토요일,전라남도 순천시 조례동,중상사고,0,1,0,0,차대사람 - 보도통행중,보행자보호의무위반,포장 - 건조,맑음,교차로 - 교차로안,화물,남,62세,상해없음,보행자,남,59세,중상
4459,2020091900100293,2020년 9월 19일 12시,토요일,전라남도 순천시 조례동,중상사고,0,1,0,0,차대사람 - 보도통행중,보행자보호의무위반,포장 - 건조,맑음,기타 - 기타,승용,여,45세,상해없음,보행자,여,24세,중상
4460,2020091900100434,2020년 9월 19일 15시,토요일,전라남도 무안군 삼향읍,경상사고,0,0,1,0,차대사람 - 기타,신호위반,포장 - 건조,맑음,교차로 - 교차로횡단보도내,승용,남,36세,상해없음,보행자,여,15세,경상
4461,2020091900100565,2020년 9월 19일 18시,토요일,전라남도 함평군 대동면,중상사고,0,1,0,0,차대사람 - 기타,안전운전불이행,포장 - 건조,맑음,기타 - 기타,건설기계,남,52세,상해없음,보행자,남,52세,중상
4462,2020092000100012,2020년 9월 20일 00시,일요일,전라남도 여수시 문수동,경상사고,0,0,1,0,차대사람 - 길가장자리구역통행중,안전운전불이행,포장 - 건조,맑음,단일로 - 기타,승용,남,25세,상해없음,보행자,남,29세,경상
4463,2020092000100440,2020년 9월 20일 19시,일요일,전라남도 무안군 청계면,중상사고,0,1,1,0,차대사람 - 기타,안전운전불이행,포장 - 건조,맑음,단일로 - 교량,승합,여,55세,경상,보행자,남,55세,중상
4464,2020092000100476,2020년 9월 20일 20시,일요일,전라남도 목포시 산정동,경상사고,0,0,1,0,차대사람 - 기타,안전운전불이행,포장 - 건조,맑음,기타 - 기타,승용,남,44세,상해없음,보행자,여,55세,경상
4465,2020092100100203,2020년 9월 21일 10시,월요일,전라남도 해남군 해남읍,경상사고,0,0,1,0,차대사람 - 기타,안전운전불이행,포장 - 건조,맑음,기타 - 기타,승용,여,34세,상해없음,보행자,남,74세,경상
4466,2020092100100362,2020년 9월 21일 14시,월요일,전라남도 장흥군 장흥읍,경상사고,0,0,1,0,차대사람 - 기타,안전운전불이행,포장 - 건조,맑음,단일로 - 기타,승용,남,63세,상해없음,보행자,여,55세,경상
4467,2020092100100556,2020년 9월 21일 18시,월요일,전라남도 목포시 연산동,중상사고,0,1,0,0,차대사람 - 횡단중,보행자보호의무위반,포장 - 건조,맑음,교차로 - 교차로횡단보도내,승용,남,28세,상해없음,보행자,남,6세,중상
4468,2020092200100405,2020년 9월 22일 15시,화요일,전라남도 여수시 남산동,경상사고,0,0,1,0,차대사람 - 길가장자리구역통행중,안전운전불이행,포장 - 건조,맑음,교차로 - 교차로안,승용,남,62세,상해없음,보행자,여,71세,경상
4469,2020092200100463,2020년 9월 22일 16시,화요일,전라남도 순천시 해룡면,경상사고,0,0,1,0,차대사람 - 차도통행중,안전운전불이행,포장 - 건조,맑음,교차로 - 교차로안,화물,남,46세,상해없음,보행자,여,77세,경상
4470,2020092200100516,2020년 9월 22일 17시,화요일,전라남도 목포시 상동,경상사고,0,0,1,0,차대사람 - 기타,안전운전불이행,포장 - 건조,맑음,단일로 - 기타,승합,여,44세,상해없음,보행자,여,72세,경상
4471,2020092200100575,2020년 9월 22일 18시,화요일,전라남도 무안군 삼향읍,중상사고,0,1,0,0,차대사람 - 횡단중,보행자보호의무위반,포장 - 건조,맑음,교차로 - 교차로횡단보도내,승용,여,39세,상해없음,보행자,남,9세,중상
4472,2020092300100114,2020년 9월 23일 08시,수요일,전라남도 여수시 군자동,중상사고,0,1,0,0,차대사람 - 횡단중,보행자보호의무위반,포장 - 건조,맑음,단일로 - 기타,승용,여,46세,상해없음,보행자,여,68세,중상
4473,2020092300100279,2020년 9월 23일 13시,수요일,전라남도 순천시 동외동,중상사고,0,1,0,0,차대사람 - 기타,안전운전불이행,포장 - 건조,맑음,단일로 - 기타,승용,남,77세,상해없음,보행자,여,45세,중상
4474,2020092300100322,2020년 9월 23일 14시,수요일,전라남도 강진군 작천면,중상사고,0,1,0,0,차대사람 - 기타,안전운전불이행,포장 - 건조,맑음,기타 - 기타,승용,남,79세,상해없음,보행자,여,79세,중상
4475,2020092400100171,2020년 9월 24일 09시,목요일,전라남도 광양시 진상면,중상사고,0,1,0,0,차대사람 - 기타,보행자보호의무위반,포장 - 건조,기타,기타 - 기타,기타불명,여,79세,상해없음,보행자,남,88세,중상
4476,2020092400100229,2020년 9월 24일 11시,목요일,전라남도 고흥군 고흥읍,경상사고,0,0,1,0,차대사람 - 기타,안전운전불이행,포장 - 건조,맑음,단일로 - 기타,승용,여,58세,상해없음,보행자,여,75세,경상
4477,2020092400100230,2020년 9월 24일 11시,목요일,전라남도 화순군 화순읍,중상사고,0,1,0,0,차대사람 - 보도통행중,안전운전불이행,포장 - 건조,맑음,교차로 - 교차로안,화물,남,56세,상해없음,보행자,남,75세,중상
4478,2020092400100259,2020년 9월 24일 12시,목요일,전라남도 여수시 학동,경상사고,0,0,1,0,차대사람 - 기타,안전운전불이행,포장 - 건조,맑음,교차로 - 교차로안,기타불명,기타불명,미분류,기타불명,보행자,여,24세,경상
4479,2020092400100402,2020년 9월 24일 16시,목요일,전라남도 무안군 해제면,중상사고,0,1,0,0,차대사람 - 횡단중,안전운전불이행,포장 - 건조,맑음,단일로 - 기타,화물,남,59세,기타불명,보행자,남,79세,중상
4480,2020092400100549,2020년 9월 24일 19시,목요일,전라남도 순천시 조례동,경상사고,0,0,1,0,차대사람 - 기타,안전운전불이행,포장 - 건조,맑음,교차로 - 교차로안,화물,남,38세,상해없음,보행자,남,29세,경상
4481,2020092400100671,2020년 9월 24일 23시,목요일,전라남도 목포시 상동,중상사고,0,1,0,0,차대사람 - 기타,안전운전불이행,포장 - 건조,기타,기타 - 기타,승용,남,42세,상해없음,보행자,남,41세,중상
4482,2020092500100093,2020년 9월 25일 07시,금요일,전라남도 여수시 문수동,중상사고,0,1,0,0,차대사람 - 횡단중,신호위반,포장 - 건조,맑음,교차로 - 교차로횡단보도내,승용,여,54세,상해없음,보행자,남,24세,중상
4483,2020092500100429,2020년 9월 25일 16시,금요일,전라남도 목포시 상동,경상사고,0,0,1,0,차대사람 - 기타,안전운전불이행,포장 - 건조,맑음,단일로 - 기타,승용,여,73세,상해없음,보행자,여,71세,경상
4484,2020092500100622,2020년 9월 25일 19시,금요일,전라남도 영암군 삼호읍,경상사고,0,0,1,0,차대사람 - 차도통행중,안전운전불이행,포장 - 건조,맑음,기타 - 기타,승용,여,26세,상해없음,보행자,남,34세,경상
4485,2020092600100124,2020년 9월 26일 08시,토요일,전라남도 목포시 상동,경상사고,0,0,1,0,차대사람 - 기타,안전운전불이행,포장 - 건조,맑음,교차로 - 교차로안,승용,남,22세,상해없음,보행자,남,40세,경상
4486,2020092600100185,2020년 9월 26일 10시,토요일,전라남도 순천시 장천동,경상사고,0,0,1,0,차대사람 - 차도통행중,안전운전불이행,포장 - 건조,맑음,단일로 - 기타,화물,남,60세,상해없음,보행자,남,54세,경상
4487,2020092600100418,2020년 9월 26일 15시,토요일,전라남도 순천시 풍덕동,중상사고,0,1,0,0,차대사람 - 보도통행중,교차로운행방법위반,포장 - 건조,맑음,교차로 - 교차로안,승용,남,24세,상해없음,보행자,남,76세,중상
4488,2020092600100466,2020년 9월 26일 16시,토요일,전라남도 순천시 연향동,경상사고,0,0,1,0,차대사람 - 기타,안전운전불이행,포장 - 건조,맑음,기타 - 기타,화물,남,31세,상해없음,보행자,남,6세,경상
4489,2020092600100658,2020년 9월 26일 21시,토요일,전라남도 여수시 선원동,중상사고,0,1,0,0,차대사람 - 기타,안전운전불이행,포장 - 젖음/습기,비,교차로 - 교차로부근,승용,남,44세,상해없음,보행자,남,54세,중상
4490,2020092700100095,2020년 9월 27일 07시,일요일,전라남도 여수시 교동,중상사고,0,1,0,0,차대사람 - 횡단중,안전운전불이행,포장 - 건조,맑음,단일로 - 기타,이륜,남,66세,상해없음,보행자,여,68세,중상
4491,2020092700100431,2020년 9월 27일 18시,일요일,전라남도 여수시 돌산읍,사망사고,1,0,0,0,차대사람 - 횡단중,과속,포장 - 건조,맑음,단일로 - 기타,승용,남,60세,상해없음,보행자,남,77세,사망
4492,2020092700100461,2020년 9월 27일 19시,일요일,전라남도 광양시 중동,경상사고,0,0,1,0,차대사람 - 횡단중,신호위반,포장 - 건조,맑음,교차로 - 교차로안,이륜,남,23세,상해없음,보행자,여,34세,경상
4493,2020092800100006,2020년 9월 28일 00시,월요일,전라남도 목포시 용당동,사망사고,1,0,0,0,차대사람 - 횡단중,안전운전불이행,포장 - 건조,맑음,교차로 - 교차로부근,승용,남,68세,상해없음,보행자,남,41세,사망
4494,2020092800100034,2020년 9월 28일 05시,월요일,전라남도 완도군 고금면,사망사고,1,0,0,0,차대사람 - 횡단중,안전운전불이행,포장 - 건조,맑음,단일로 - 기타,승용,여,50세,상해없음,보행자,여,81세,사망
4495,2020092800100110,2020년 9월 28일 08시,월요일,전라남도 강진군 병영면,중상사고,0,1,0,0,차대사람 - 횡단중,안전운전불이행,포장 - 건조,맑음,단일로 - 기타,승용,여,64세,상해없음,보행자,남,87세,중상
4496,2020092800100155,2020년 9월 28일 09시,월요일,전라남도 장흥군 관산읍,경상사고,0,0,2,0,차대사람 - 기타,안전운전불이행,포장 - 건조,맑음,단일로 - 기타,이륜,남,79세,경상,보행자,여,78세,경상
4497,2020092800100338,2020년 9월 28일 13시,월요일,전라남도 목포시 용해동,경상사고,0,0,1,0,차대사람 - 기타,신호위반,포장 - 건조,맑음,교차로 - 교차로안,승용,여,66세,상해없음,보행자,여,24세,경상
4498,2020092800100502,2020년 9월 28일 16시,월요일,전라남도 영광군 영광읍,중상사고,0,1,0,0,차대사람 - 기타,안전운전불이행,포장 - 건조,맑음,기타 - 기타,승용,여,54세,상해없음,보행자,남,82세,중상
4499,2020092800100568,2020년 9월 28일 17시,월요일,전라남도 목포시 산정동,경상사고,0,0,1,0,차대사람 - 횡단중,안전운전불이행,포장 - 건조,맑음,단일로 - 기타,승용,남,41세,상해없음,보행자,남,36세,경상
4500,2020092800100573,2020년 9월 28일 17시,월요일,전라남도 광양시 중동,중상사고,0,1,1,0,차대사람 - 횡단중,보행자보호의무위반,포장 - 건조,맑음,단일로 - 기타,승용,남,38세,상해없음,보행자,여,43세,중상
4501,2020092800100632,2020년 9월 28일 18시,월요일,전라남도 순천시 조례동,중상사고,0,1,0,0,차대사람 - 기타,안전운전불이행,포장 - 건조,맑음,단일로 - 기타,승용,남,54세,상해없음,보행자,여,17세,중상
4502,2020092800100729,2020년 9월 28일 20시,월요일,전라남도 영광군 영광읍,중상사고,0,1,0,0,차대사람 - 횡단중,안전운전불이행,포장 - 건조,맑음,단일로 - 기타,승용,남,58세,상해없음,보행자,여,61세,중상
4503,2020092900100035,2020년 9월 29일 03시,화요일,전라남도 강진군 강진읍,중상사고,0,1,0,0,차대사람 - 기타,안전운전불이행,포장 - 건조,맑음,주차장 - 주차장,승용,남,18세,상해없음,보행자,남,17세,중상
4504,2020092900100111,2020년 9월 29일 08시,화요일,전라남도 여수시 여서동,중상사고,0,1,0,0,차대사람 - 횡단중,보행자보호의무위반,포장 - 건조,맑음,교차로 - 교차로횡단보도내,승용,남,43세,상해없음,보행자,여,61세,중상
4505,2020092900100153,2020년 9월 29일 09시,화요일,전라남도 해남군 황산면,경상사고,0,0,1,0,차대사람 - 횡단중,안전운전불이행,포장 - 건조,맑음,교차로 - 교차로부근,승용,남,72세,기타불명,보행자,여,9세,경상
4506,2020092900100193,2020년 9월 29일 10시,화요일,전라남도 목포시 상동,경상사고,0,0,1,0,차대사람 - 횡단중,안전운전불이행,포장 - 건조,맑음,단일로 - 기타,승용,여,38세,상해없음,보행자,여,64세,경상
4507,2020092900100622,2020년 9월 29일 18시,화요일,전라남도 완도군 완도읍,사망사고,1,0,0,0,차대사람 - 기타,안전운전불이행,포장 - 건조,맑음,단일로 - 기타,화물,남,38세,상해없음,보행자,남,73세,사망
4508,2020092900100804,2020년 9월 29일 22시,화요일,전라남도 순천시 조례동,경상사고,0,0,1,0,차대사람 - 기타,안전운전불이행,포장 - 건조,맑음,기타 - 기타,기타불명,기타불명,미분류,기타불명,보행자,남,45세,경상