,사고번호,사고일시,요일,시군구,사고내용,사망자수,중상자수,경상자수,부상신고자수,사고유형,법규위반,노면상태,기상상태,도로형태,가해운전자 차종,가해운전자 성별,가해운전자 연령,가해운전자 상해정도,피해운전자 차종,피해운전자 성별,피해운전자 연령,피해운전자 상해정도
4509,2020093000100158,2020년 9월 30일 10시,수요일,전라남도 영암군 영암읍,경상사고,0,0,1,0,차대사람 - 기타,안전운전불이행,포장 - 건조,맑음,주차장 - 주차장,승용,남,46세,상해없음,보행자,남,33세,경상
4510,2020093000100439,2020년 9월 30일 19시,수요일,전라남도 나주시 남평읍,경상사고,0,0,1,0,차대사람 - 기타,안전운전불이행,포장 - 건조,맑음,단일로 - 기타,승용,남,45세,상해없음,보행자,남,73세,경상
4511,2020100100100007,2020년 10월 1일 00시,목요일,전라남도 여수시 학동,경상사고,0,0,1,0,차대사람 - 횡단중,안전운전불이행,포장 - 건조,맑음,단일로 - 기타,승용,남,31세,상해없음,보행자,여,24세,경상
4512,2020100100100026,2020년 10월 1일 02시,목요일,전라남도 순천시 연향동,경상사고,0,0,1,0,차대사람 - 기타,안전운전불이행,포장 - 건조,맑음,교차로 - 교차로안,승용,남,21세,상해없음,보행자,남,24세,경상
4513,2020100100100074,2020년 10월 1일 10시,목요일,전라남도 여수시 충무동,경상사고,0,0,1,0,차대사람 - 보도통행중,안전운전불이행,포장 - 건조,맑음,기타 - 기타,승용,남,36세,상해없음,보행자,여,34세,경상
4514,2020100100100161,2020년 10월 1일 14시,목요일,전라남도 해남군 문내면,중상사고,0,1,0,0,차대사람 - 횡단중,안전운전불이행,포장 - 건조,맑음,단일로 - 기타,승용,남,53세,상해없음,보행자,여,3세,중상
4515,2020100100100270,2020년 10월 1일 19시,목요일,전라남도 목포시 상동,중상사고,0,1,0,0,차대사람 - 기타,안전운전불이행,포장 - 건조,맑음,단일로 - 기타,승용,남,51세,상해없음,보행자,여,65세,중상
4516,2020100100100333,2020년 10월 1일 23시,목요일,전라남도 화순군 화순읍,사망사고,1,0,0,0,차대사람 - 횡단중,과속,포장 - 건조,맑음,교차로 - 교차로횡단보도내,승용,남,17세,상해없음,보행자,여,21세,사망
4517,2020100200100350,2020년 10월 2일 20시,금요일,전라남도 순천시 용당동,중상사고,0,1,0,0,차대사람 - 횡단중,보행자보호의무위반,포장 - 건조,맑음,교차로 - 교차로횡단보도내,승용,여,61세,상해없음,보행자,여,50세,중상
4518,2020100300100214,2020년 10월 3일 14시,토요일,전라남도 담양군 담양읍,경상사고,0,0,2,0,차대사람 - 기타,안전운전불이행,포장 - 건조,맑음,단일로 - 기타,원동기,남,27세,상해없음,보행자,남,56세,경상
4519,2020100300100395,2020년 10월 3일 20시,토요일,전라남도 목포시 산정동,경상사고,0,0,1,0,차대사람 - 차도통행중,안전운전불이행,포장 - 건조,맑음,단일로 - 지하차도(도로)내,이륜,남,22세,경상,보행자,남,66세,상해없음
4520,2020100300100396,2020년 10월 3일 20시,토요일,전라남도 순천시 연향동,경상사고,0,0,1,0,차대사람 - 횡단중,기타,포장 - 건조,맑음,교차로 - 교차로횡단보도내,기타불명,기타불명,미분류,기타불명,보행자,남,58세,경상
4521,2020100300100397,2020년 10월 3일 20시,토요일,전라남도 순천시 조례동,중상사고,0,3,0,0,차대사람 - 횡단중,안전운전불이행,포장 - 건조,맑음,단일로 - 기타,이륜,남,23세,상해없음,보행자,여,43세,중상
4522,2020100300100399,2020년 10월 3일 20시,토요일,전라남도 장성군 장성읍,경상사고,0,0,1,0,차대사람 - 기타,안전운전불이행,포장 - 건조,기타,단일로 - 기타,승용,남,66세,상해없음,보행자,여,42세,경상
4523,2020100300100430,2020년 10월 3일 22시,토요일,전라남도 해남군 송지면,경상사고,0,0,1,0,차대사람 - 기타,안전운전불이행,포장 - 건조,맑음,기타 - 기타,승용,남,60세,상해없음,보행자,남,58세,경상
4524,2020100400100066,2020년 10월 4일 06시,일요일,전라남도 보성군 벌교읍,경상사고,0,0,1,0,차대사람 - 횡단중,보행자보호의무위반,포장 - 젖음/습기,흐림,교차로 - 교차로횡단보도내,승용,남,46세,상해없음,보행자,남,67세,경상
4525,2020100500100483,2020년 10월 5일 17시,월요일,전라남도 광양시 중동,경상사고,0,0,1,0,차대사람 - 기타,안전운전불이행,포장 - 건조,맑음,기타 - 기타,승용,남,31세,상해없음,보행자,남,6세,경상
4526,2020100600100178,2020년 10월 6일 10시,화요일,전라남도 나주시 금천면,경상사고,0,0,1,0,차대사람 - 기타,안전운전불이행,포장 - 건조,맑음,교차로 - 교차로안,승합,남,49세,상해없음,보행자,여,53세,경상
4527,2020100600100379,2020년 10월 6일 15시,화요일,전라남도 순천시 해룡면,경상사고,0,0,1,0,차대사람 - 기타,기타,포장 - 건조,맑음,단일로 - 기타,승합,남,51세,상해없음,보행자,여,56세,경상
4528,2020100600100462,2020년 10월 6일 17시,화요일,전라남도 곡성군 목사동면,경상사고,0,0,1,0,차대사람 - 기타,안전운전불이행,포장 - 건조,맑음,단일로 - 기타,승용,남,55세,상해없음,보행자,여,85세,경상
4529,2020100600100593,2020년 10월 6일 20시,화요일,전라남도 화순군 화순읍,중상사고,0,1,0,0,차대사람 - 횡단중,안전운전불이행,포장 - 건조,맑음,교차로 - 교차로부근,승용,여,57세,상해없음,보행자,여,61세,중상
4530,2020100700100163,2020년 10월 7일 10시,수요일,전라남도 나주시 금성동,중상사고,0,1,0,0,차대사람 - 기타,안전운전불이행,포장 - 건조,맑음,교차로 - 교차로부근,승용,남,64세,상해없음,보행자,여,75세,중상
4531,2020100700100231,2020년 10월 7일 12시,수요일,전라남도 완도군 완도읍,중상사고,0,1,0,0,차대사람 - 횡단중,안전운전불이행,포장 - 건조,맑음,기타 - 기타,화물,남,63세,상해없음,보행자,여,50세,중상
4532,2020100700100372,2020년 10월 7일 16시,수요일,전라남도 순천시 가곡동,중상사고,0,1,0,0,차대사람 - 기타,안전운전불이행,포장 - 건조,맑음,교차로 - 교차로부근,승용,여,35세,상해없음,보행자,남,18세,중상
4533,2020100700100418,2020년 10월 7일 17시,수요일,전라남도 목포시 대양동,경상사고,0,0,1,0,차대사람 - 길가장자리구역통행중,안전운전불이행,포장 - 건조,맑음,단일로 - 기타,승용,여,36세,상해없음,보행자,남,57세,경상
4534,2020100700100471,2020년 10월 7일 18시,수요일,전라남도 완도군 완도읍,중상사고,0,1,0,0,차대사람 - 횡단중,과속,포장 - 건조,맑음,교차로 - 교차로횡단보도내,화물,여,52세,상해없음,보행자,여,67세,중상
4535,2020100700100472,2020년 10월 7일 18시,수요일,전라남도 진도군 고군면,중상사고,0,1,0,0,차대사람 - 길가장자리구역통행중,안전운전불이행,포장 - 건조,맑음,교차로 - 교차로부근,승용,남,52세,상해없음,보행자,여,53세,중상
4536,2020100800100020,2020년 10월 8일 01시,목요일,전라남도 목포시 상동,경상사고,0,0,1,0,차대사람 - 횡단중,신호위반,포장 - 건조,맑음,교차로 - 교차로안,원동기,남,20세,상해없음,보행자,남,21세,경상
4537,2020100800100504,2020년 10월 8일 17시,목요일,전라남도 여수시 안산동,경상사고,0,0,1,0,차대사람 - 횡단중,신호위반,포장 - 건조,맑음,교차로 - 교차로횡단보도내,승용,남,30세,상해없음,보행자,여,35세,경상
4538,2020100800100633,2020년 10월 8일 19시,목요일,전라남도 보성군 득량면,중상사고,0,1,0,0,차대사람 - 길가장자리구역통행중,안전운전불이행,포장 - 건조,맑음,단일로 - 기타,화물,남,52세,상해없음,보행자,남,69세,중상
4539,2020100800100634,2020년 10월 8일 19시,목요일,전라남도 화순군 화순읍,경상사고,0,0,1,0,차대사람 - 기타,안전운전불이행,포장 - 건조,맑음,교차로 - 교차로안,이륜,남,23세,상해없음,보행자,남,59세,경상
4540,2020100900100163,2020년 10월 9일 10시,금요일,전라남도 담양군 가사문학면,중상사고,0,3,1,0,차대사람 - 길가장자리구역통행중,안전운전불이행,포장 - 건조,맑음,단일로 - 기타,승용,여,39세,상해없음,보행자,여,40세,중상
4541,2020100900100365,2020년 10월 9일 16시,금요일,전라남도 진도군 진도읍,경상사고,0,0,1,0,차대사람 - 차도통행중,안전운전불이행,포장 - 건조,맑음,단일로 - 기타,승용,여,52세,상해없음,보행자,여,18세,경상
4542,2020100900100431,2020년 10월 9일 18시,금요일,전라남도 나주시 봉황면,중상사고,0,1,0,0,차대사람 - 횡단중,안전운전불이행,포장 - 건조,맑음,단일로 - 기타,승용,여,42세,상해없음,보행자,여,90세,중상
4543,2020100900100478,2020년 10월 9일 19시,금요일,전라남도 여수시 미평동,경상사고,0,0,2,0,차대사람 - 기타,안전운전불이행,포장 - 건조,맑음,교차로 - 교차로횡단보도내,승용,남,45세,상해없음,보행자,남,50세,경상
4544,2020100900100590,2020년 10월 9일 23시,금요일,전라남도 여수시 수정동,중상사고,0,1,1,0,차대사람 - 길가장자리구역통행중,과속,포장 - 건조,맑음,교차로 - 교차로안,승용,남,18세,기타불명,보행자,남,19세,중상
4545,2020101000100011,2020년 10월 10일 00시,토요일,전라남도 화순군 화순읍,중상사고,0,1,0,0,차대사람 - 기타,안전운전불이행,포장 - 건조,맑음,단일로 - 기타,승용,남,21세,상해없음,보행자,남,65세,중상
4546,2020101000100096,2020년 10월 10일 08시,토요일,전라남도 여수시 미평동,중상사고,0,1,0,0,차대사람 - 횡단중,신호위반,포장 - 건조,맑음,단일로 - 기타,승용,여,71세,상해없음,보행자,여,66세,중상
4547,2020101000100143,2020년 10월 10일 10시,토요일,전라남도 목포시 옥암동,경상사고,0,0,1,0,차대사람 - 횡단중,안전운전불이행,포장 - 건조,맑음,교차로 - 교차로부근,승용,여,38세,상해없음,보행자,남,43세,경상
4548,2020101000100535,2020년 10월 10일 20시,토요일,전라남도 여수시 미평동,경상사고,0,0,1,0,차대사람 - 횡단중,안전운전불이행,포장 - 건조,맑음,단일로 - 기타,승용,남,31세,상해없음,보행자,남,50세,경상
4549,2020101100100137,2020년 10월 11일 11시,일요일,전라남도 순천시 연향동,중상사고,0,1,0,0,차대사람 - 기타,기타,포장 - 건조,맑음,단일로 - 기타,승합,남,48세,상해없음,보행자,여,62세,중상
4550,2020101100100190,2020년 10월 11일 13시,일요일,전라남도 무안군 일로읍,경상사고,0,0,1,0,차대사람 - 횡단중,안전운전불이행,포장 - 건조,맑음,단일로 - 기타,승용,여,56세,상해없음,보행자,남,65세,경상
4551,2020101100100355,2020년 10월 11일 18시,일요일,전라남도 순천시 풍덕동,중상사고,0,1,0,0,차대사람 - 기타,안전운전불이행,포장 - 건조,맑음,단일로 - 기타,승용,남,60세,상해없음,보행자,여,63세,중상
4552,2020101200100043,2020년 10월 12일 05시,월요일,전라남도 영암군 덕진면,경상사고,0,0,1,0,차대사람 - 기타,안전운전불이행,포장 - 건조,맑음,기타 - 기타,승용,여,26세,상해없음,보행자,남,21세,경상
4553,2020101200100075,2020년 10월 12일 07시,월요일,전라남도 여수시 학동,중상사고,0,1,0,0,차대사람 - 기타,안전운전불이행,포장 - 건조,맑음,기타 - 기타,승용,남,56세,상해없음,보행자,남,32세,중상
4554,2020101200100164,2020년 10월 12일 09시,월요일,전라남도 광양시 광양읍,경상사고,0,0,1,0,차대사람 - 기타,안전운전불이행,포장 - 건조,맑음,기타 - 기타,승용,여,46세,상해없음,보행자,여,30세,경상
4555,2020101200100344,2020년 10월 12일 14시,월요일,전라남도 무안군 무안읍,경상사고,0,0,1,0,차대사람 - 길가장자리구역통행중,안전운전불이행,포장 - 건조,맑음,교차로 - 교차로안,승용,여,53세,상해없음,보행자,남,72세,경상
4556,2020101200100402,2020년 10월 12일 15시,월요일,전라남도 고흥군 과역면,중상사고,0,1,0,0,차대사람 - 기타,안전운전불이행,포장 - 건조,맑음,교차로 - 교차로안,승용,남,79세,상해없음,보행자,여,63세,중상
4557,2020101300100101,2020년 10월 13일 08시,화요일,전라남도 목포시 상동,경상사고,0,0,1,0,차대사람 - 기타,안전운전불이행,포장 - 건조,맑음,단일로 - 기타,승용,여,52세,상해없음,보행자,남,24세,경상
4558,2020101300100103,2020년 10월 13일 08시,화요일,전라남도 나주시 남평읍,중상사고,0,1,0,0,차대사람 - 횡단중,안전운전불이행,포장 - 건조,맑음,교차로 - 교차로안,승용,남,75세,상해없음,보행자,여,6세,중상
4559,2020101300100105,2020년 10월 13일 08시,화요일,전라남도 영광군 홍농읍,중상사고,0,1,0,0,차대사람 - 횡단중,안전운전불이행,포장 - 건조,맑음,단일로 - 기타,승용,남,30세,상해없음,보행자,남,13세,중상
4560,2020101300100245,2020년 10월 13일 12시,화요일,전라남도 보성군 조성면,중상사고,0,1,0,0,차대사람 - 기타,기타,포장 - 건조,맑음,단일로 - 기타,승합,남,48세,상해없음,보행자,여,79세,중상
4561,2020101300100401,2020년 10월 13일 16시,화요일,전라남도 화순군 화순읍,경상사고,0,0,1,0,차대사람 - 횡단중,보행자보호의무위반,포장 - 건조,맑음,단일로 - 기타,승용,남,64세,상해없음,보행자,여,7세,경상
4562,2020101300100509,2020년 10월 13일 18시,화요일,전라남도 여수시 화장동,중상사고,0,1,0,0,차대사람 - 차도통행중,안전운전불이행,포장 - 건조,맑음,교차로 - 교차로안,승용,남,53세,상해없음,보행자,여,71세,중상
4563,2020101400100309,2020년 10월 14일 14시,수요일,전라남도 목포시 중앙동2가,경상사고,0,0,1,0,차대사람 - 기타,안전운전불이행,포장 - 건조,맑음,단일로 - 기타,화물,남,74세,상해없음,보행자,여,14세,경상
4564,2020101400100384,2020년 10월 14일 16시,수요일,전라남도 광양시 봉강면,사망사고,1,0,0,0,차대사람 - 횡단중,보행자보호의무위반,포장 - 건조,맑음,교차로 - 교차로횡단보도내,화물,남,72세,상해없음,보행자,여,98세 이상,사망
4565,2020101400100412,2020년 10월 14일 17시,수요일,전라남도 장흥군 회진면,경상사고,0,0,1,0,차대사람 - 길가장자리구역통행중,기타,포장 - 건조,맑음,단일로 - 기타,화물,남,62세,상해없음,보행자,남,17세,경상
4566,2020101400100472,2020년 10월 14일 18시,수요일,전라남도 신안군 압해읍,경상사고,0,0,1,0,차대사람 - 차도통행중,안전운전불이행,포장 - 건조,맑음,단일로 - 기타,화물,남,58세,상해없음,보행자,여,81세,경상
4567,2020101400100532,2020년 10월 14일 19시,수요일,전라남도 여수시 학동,중상사고,0,1,0,0,차대사람 - 횡단중,안전운전불이행,포장 - 건조,맑음,교차로 - 교차로안,승용,남,40세,상해없음,보행자,남,70세,중상
4568,2020101500100142,2020년 10월 15일 09시,목요일,전라남도 고흥군 고흥읍,경상사고,0,0,1,0,차대사람 - 횡단중,안전운전불이행,포장 - 건조,맑음,교차로 - 교차로부근,화물,남,75세,상해없음,보행자,여,84세,경상
4569,2020101500100378,2020년 10월 15일 15시,목요일,전라남도 강진군 도암면,중상사고,0,1,0,0,차대사람 - 기타,안전운전불이행,포장 - 건조,맑음,단일로 - 교량,승용,남,61세,상해없음,보행자,여,61세,중상
4570,2020101500100538,2020년 10월 15일 18시,목요일,전라남도 목포시 용당동,중상사고,0,1,0,0,차대사람 - 기타,안전운전불이행,포장 - 건조,맑음,단일로 - 기타,승용,여,52세,상해없음,보행자,남,55세,중상
4571,2020101500100639,2020년 10월 15일 20시,목요일,전라남도 목포시 대안동,중상사고,0,1,2,0,차대사람 - 기타,안전운전불이행,포장 - 건조,맑음,단일로 - 기타,이륜,남,74세,경상,보행자,여,69세,중상
4572,2020101600100292,2020년 10월 16일 14시,금요일,전라남도 목포시 산정동,경상사고,0,0,1,0,차대사람 - 차도통행중,안전운전불이행,포장 - 건조,맑음,단일로 - 기타,승용,남,52세,상해없음,보행자,남,68세,경상
4573,2020101600100367,2020년 10월 16일 16시,금요일,전라남도 구례군 문척면,중상사고,0,1,0,0,차대사람 - 기타,안전운전불이행,포장 - 건조,맑음,단일로 - 기타,화물,남,50세,상해없음,보행자,남,82세,상해없음
4574,2020101600100416,2020년 10월 16일 17시,금요일,전라남도 나주시 중앙동,경상사고,0,0,1,0,차대사람 - 횡단중,안전운전불이행,포장 - 건조,맑음,교차로 - 교차로부근,승용,여,74세,상해없음,보행자,여,87세,경상
4575,2020101600100488,2020년 10월 16일 18시,금요일,전라남도 해남군 해남읍,중상사고,0,1,0,0,차대사람 - 기타,안전운전불이행,포장 - 건조,맑음,단일로 - 기타,승용,여,52세,상해없음,보행자,남,90세,중상
4576,2020101600100489,2020년 10월 16일 18시,금요일,전라남도 보성군 보성읍,중상사고,0,1,0,0,차대사람 - 길가장자리구역통행중,중앙선침범,포장 - 건조,흐림,단일로 - 기타,화물,남,68세,상해없음,보행자,여,69세,중상
4577,2020101600100617,2020년 10월 16일 21시,금요일,전라남도 목포시 대양동,경상사고,0,0,1,0,차대사람 - 기타,안전운전불이행,포장 - 건조,맑음,단일로 - 기타,승용,남,41세,상해없음,보행자,남,50세,경상
4578,2020101700100544,2020년 10월 17일 18시,토요일,전라남도 나주시 빛가람동,중상사고,0,1,0,0,차대사람 - 횡단중,안전운전불이행,포장 - 건조,맑음,교차로 - 교차로안,화물,남,48세,상해없음,보행자,남,59세,중상
4579,2020101700100609,2020년 10월 17일 19시,토요일,전라남도 담양군 대덕면,중상사고,0,1,0,0,차대사람 - 횡단중,안전운전불이행,포장 - 건조,맑음,단일로 - 기타,승용,남,50세,상해없음,보행자,여,77세,중상
4580,2020101700100679,2020년 10월 17일 21시,토요일,전라남도 여수시 봉산동,중상사고,0,1,0,0,차대사람 - 기타,안전운전불이행,포장 - 건조,맑음,단일로 - 기타,승합,여,46세,상해없음,보행자,남,39세,중상
4581,2020101800100396,2020년 10월 18일 17시,일요일,전라남도 목포시 산정동,중상사고,0,1,0,0,차대사람 - 횡단중,안전운전불이행,포장 - 건조,맑음,교차로 - 교차로안,승용,여,60세,상해없음,보행자,여,75세,중상
4582,2020101800100512,2020년 10월 18일 20시,일요일,전라남도 순천시 송광면,사망사고,1,0,0,0,차대사람 - 기타,안전운전불이행,포장 - 건조,맑음,단일로 - 고가도로위,승용,남,51세,상해없음,보행자,남,95세,사망
4583,2020101800100531,2020년 10월 18일 21시,일요일,전라남도 여수시 소라면,중상사고,0,1,0,0,차대사람 - 차도통행중,안전운전불이행,포장 - 건조,맑음,단일로 - 기타,승용,남,44세,상해없음,보행자,여,61세,중상
4584,2020101800100532,2020년 10월 18일 21시,일요일,전라남도 순천시 매곡동,사망사고,1,0,0,0,차대사람 - 횡단중,과속,포장 - 건조,맑음,단일로 - 기타,화물,남,50세,상해없음,보행자,남,57세,사망
4585,2020101900100049,2020년 10월 19일 06시,월요일,전라남도 목포시 명륜동,경상사고,0,0,1,0,차대사람 - 보도통행중,신호위반,포장 - 건조,맑음,교차로 - 교차로부근,이륜,남,76세,상해없음,보행자,여,48세,경상
4586,2020101900100122,2020년 10월 19일 08시,월요일,전라남도 목포시 옥암동,경상사고,0,0,1,0,차대사람 - 횡단중,신호위반,포장 - 건조,맑음,교차로 - 교차로횡단보도내,화물,남,63세,상해없음,보행자,남,9세,경상
4587,2020101900100223,2020년 10월 19일 10시,월요일,전라남도 여수시 선원동,중상사고,0,1,0,0,차대사람 - 기타,안전운전불이행,포장 - 건조,맑음,단일로 - 기타,자전거,남,31세,상해없음,보행자,여,57세,중상
4588,2020101900100470,2020년 10월 19일 16시,월요일,전라남도 광양시 중동,경상사고,0,0,1,0,차대사람 - 횡단중,안전운전불이행,포장 - 건조,맑음,교차로 - 교차로부근,승용,남,54세,상해없음,보행자,남,7세,경상
4589,2020101900100562,2020년 10월 19일 18시,월요일,전라남도 목포시 상동,경상사고,0,0,1,0,차대사람 - 횡단중,신호위반,포장 - 건조,맑음,단일로 - 기타,이륜,남,36세,상해없음,보행자,여,9세,경상
4590,2020101900100565,2020년 10월 19일 18시,월요일,전라남도 여수시 교동,경상사고,0,0,1,0,차대사람 - 횡단중,보행자보호의무위반,포장 - 건조,맑음,단일로 - 기타,승용,남,63세,상해없음,보행자,여,44세,경상
4591,2020101900100657,2020년 10월 19일 20시,월요일,전라남도 목포시 용당동,사망사고,1,0,0,0,차대사람 - 횡단중,보행자보호의무위반,포장 - 건조,맑음,단일로 - 기타,승용,남,59세,상해없음,보행자,여,60세,사망
4592,2020101900100702,2020년 10월 19일 22시,월요일,전라남도 목포시 상락동1가,사망사고,1,0,0,0,차대사람 - 차도통행중,안전운전불이행,포장 - 건조,맑음,교차로 - 교차로부근,승용,남,53세,상해없음,보행자,남,57세,사망
4593,2020102000100068,2020년 10월 20일 07시,화요일,전라남도 보성군 벌교읍,경상사고,0,0,2,0,차대사람 - 기타,중앙선침범,포장 - 건조,맑음,단일로 - 기타,화물,남,51세,상해없음,보행자,여,76세,경상
4594,2020102000100257,2020년 10월 20일 12시,화요일,전라남도 보성군 벌교읍,중상사고,0,1,0,0,차대사람 - 횡단중,보행자보호의무위반,포장 - 건조,맑음,교차로 - 교차로횡단보도내,승용,여,62세,상해없음,보행자,여,84세,중상
4595,2020102000100288,2020년 10월 20일 13시,화요일,전라남도 나주시 빛가람동,경상사고,0,0,1,0,차대사람 - 횡단중,안전운전불이행,포장 - 건조,맑음,교차로 - 교차로안,승용,남,65세,상해없음,보행자,여,66세,경상
4596,2020102000100337,2020년 10월 20일 14시,화요일,전라남도 광양시 도이동,중상사고,0,1,0,0,차대사람 - 기타,안전운전불이행,포장 - 건조,맑음,단일로 - 기타,승용,여,23세,상해없음,보행자,남,53세,중상
4597,2020102000100391,2020년 10월 20일 15시,화요일,전라남도 무안군 삼향읍,경상사고,0,0,1,0,차대사람 - 횡단중,안전운전불이행,포장 - 건조,맑음,교차로 - 교차로안,승용,여,54세,상해없음,보행자,여,20세,경상
4598,2020102000100489,2020년 10월 20일 17시,화요일,전라남도 화순군 한천면,중상사고,0,1,0,0,차대사람 - 기타,안전운전불이행,포장 - 건조,맑음,단일로 - 기타,화물,남,64세,상해없음,보행자,여,63세,중상
4599,2020102100100140,2020년 10월 21일 08시,수요일,전라남도 영암군 삼호읍,경상사고,0,0,1,0,차대사람 - 기타,안전운전불이행,포장 - 건조,맑음,기타 - 기타,승용,남,30세,상해없음,보행자,남,61세,경상
4600,2020102100100261,2020년 10월 21일 12시,수요일,전라남도 순천시 동외동,중상사고,0,1,0,0,차대사람 - 기타,안전운전불이행,포장 - 건조,맑음,교차로 - 교차로안,승용,남,61세,상해없음,보행자,여,72세,중상
4601,2020102100100343,2020년 10월 21일 15시,수요일,전라남도 고흥군 점암면,중상사고,0,1,0,0,차대사람 - 기타,안전운전불이행,포장 - 젖음/습기,비,단일로 - 기타,기타불명,기타불명,미분류,기타불명,보행자,여,86세,중상
4602,2020102100100423,2020년 10월 21일 17시,수요일,전라남도 담양군 가사문학면,중상사고,0,1,0,0,차대사람 - 차도통행중,안전운전불이행,포장 - 젖음/습기,비,단일로 - 기타,화물,남,56세,상해없음,보행자,남,53세,중상
4603,2020102100100494,2020년 10월 21일 18시,수요일,전라남도 여수시 선원동,경상사고,0,0,1,0,차대사람 - 횡단중,보행자보호의무위반,포장 - 건조,맑음,교차로 - 교차로횡단보도내,승용,남,44세,상해없음,보행자,남,68세,경상
4604,2020102100100495,2020년 10월 21일 18시,수요일,전라남도 순천시 연향동,경상사고,0,0,2,0,차대사람 - 기타,안전운전불이행,포장 - 젖음/습기,비,교차로 - 교차로안,승용,남,31세,상해없음,보행자,남,56세,경상
4605,2020102100100499,2020년 10월 21일 18시,수요일,전라남도 광양시 광영동,사망사고,1,0,0,0,차대사람 - 보도통행중,안전운전불이행,포장 - 젖음/습기,비,교차로 - 교차로안,승용,남,67세,상해없음,보행자,남,58세,사망
4606,2020102200100122,2020년 10월 22일 08시,목요일,전라남도 목포시 용해동,경상사고,0,0,1,0,차대사람 - 횡단중,안전운전불이행,포장 - 건조,맑음,기타 - 기타,승용,여,52세,상해없음,보행자,남,13세,경상
4607,2020102200100215,2020년 10월 22일 11시,목요일,전라남도 완도군 완도읍,경상사고,0,0,1,0,차대사람 - 기타,안전운전불이행,포장 - 건조,맑음,단일로 - 기타,화물,남,39세,상해없음,보행자,여,86세,경상
4608,2020102200100394,2020년 10월 22일 16시,목요일,전라남도 광양시 중동,경상사고,0,0,1,0,차대사람 - 횡단중,신호위반,포장 - 건조,맑음,단일로 - 기타,화물,남,66세,상해없음,보행자,남,11세,경상
4609,2020102200100597,2020년 10월 22일 21시,목요일,전라남도 순천시 덕암동,중상사고,0,1,0,0,차대사람 - 횡단중,안전운전불이행,포장 - 건조,맑음,단일로 - 기타,승용,여,57세,상해없음,보행자,여,57세,중상
4610,2020102300100065,2020년 10월 23일 06시,금요일,전라남도 여수시 봉계동,경상사고,0,0,1,0,차대사람 - 기타,보행자보호의무위반,포장 - 건조,맑음,교차로 - 교차로부근,승용,남,63세,상해없음,보행자,여,13세,경상
4611,2020102300100142,2020년 10월 23일 08시,금요일,전라남도 화순군 화순읍,중상사고,0,1,0,0,차대사람 - 횡단중,안전운전불이행,포장 - 건조,맑음,교차로 - 교차로안,승용,여,67세,상해없음,보행자,여,18세,중상
4612,2020102300100220,2020년 10월 23일 10시,금요일,전라남도 영광군 영광읍,경상사고,0,0,1,0,차대사람 - 차도통행중,안전운전불이행,포장 - 건조,맑음,기타 - 기타,승용,남,79세,상해없음,보행자,여,73세,경상
4613,2020102300100424,2020년 10월 23일 15시,금요일,전라남도 화순군 화순읍,경상사고,0,0,1,0,차대사람 - 횡단중,안전운전불이행,포장 - 건조,맑음,단일로 - 기타,승용,남,61세,상해없음,보행자,여,24세,경상
4614,2020102300100748,2020년 10월 23일 20시,금요일,전라남도 목포시 상동,경상사고,0,0,1,0,차대사람 - 기타,안전운전불이행,포장 - 건조,흐림,단일로 - 지하차도(도로)내,이륜,남,40세,상해없음,보행자,여,50세,경상
4615,2020102400100123,2020년 10월 24일 08시,토요일,전라남도 무안군 청계면,중상사고,0,1,0,0,차대사람 - 기타,안전운전불이행,포장 - 건조,맑음,주차장 - 주차장,승용,남,49세,상해없음,보행자,여,65세,중상
4616,2020102400100153,2020년 10월 24일 09시,토요일,전라남도 무안군 삼향읍,중상사고,0,1,0,0,차대사람 - 보도통행중,신호위반,포장 - 건조,맑음,교차로 - 교차로횡단보도내,승용,남,41세,상해없음,보행자,여,25세,중상
4617,2020102400100364,2020년 10월 24일 14시,토요일,전라남도 여수시 신기동,경상사고,0,0,1,0,차대사람 - 기타,안전운전불이행,포장 - 건조,맑음,단일로 - 기타,승용,남,51세,상해없음,보행자,남,45세,경상
4618,2020102400100497,2020년 10월 24일 17시,토요일,전라남도 담양군 담양읍,경상사고,0,0,1,0,차대사람 - 기타,안전운전불이행,포장 - 건조,흐림,교차로 - 교차로부근,승용,남,68세,상해없음,보행자,남,35세,경상
4619,2020102400100641,2020년 10월 24일 21시,토요일,전라남도 무안군 삼향읍,경상사고,0,0,1,0,차대사람 - 횡단중,안전운전불이행,포장 - 건조,맑음,기타 - 기타,이륜,남,40세,기타불명,보행자,여,43세,경상
4620,2020102500100009,2020년 10월 25일 00시,일요일,전라남도 목포시 상동,경상사고,0,0,1,0,차대사람 - 기타,중앙선침범,포장 - 건조,맑음,단일로 - 기타,승용,여,45세,상해없음,보행자,남,26세,경상