,사고번호,사고일시,요일,시군구,사고내용,사망자수,중상자수,경상자수,부상신고자수,사고유형,법규위반,노면상태,기상상태,도로형태,가해운전자 차종,가해운전자 성별,가해운전자 연령,가해운전자 상해정도,피해운전자 차종,피해운전자 성별,피해운전자 연령,피해운전자 상해정도
4845,2020121600100402,2020년 12월 16일 18시,수요일,전라남도 무안군 무안읍,중상사고,0,1,0,0,차대사람 - 횡단중,안전운전불이행,포장 - 건조,맑음,교차로 - 교차로횡단보도내,승용,여,26세,상해없음,보행자,여,29세,중상
4846,2020121600100552,2020년 12월 16일 22시,수요일,전라남도 화순군 화순읍,중상사고,0,1,0,0,차대사람 - 기타,안전운전불이행,포장 - 건조,맑음,단일로 - 기타,승용,남,33세,상해없음,보행자,남,75세,중상
4847,2020121700100055,2020년 12월 17일 07시,목요일,전라남도 고흥군 봉래면,중상사고,0,1,0,0,차대사람 - 횡단중,안전운전불이행,포장 - 건조,맑음,단일로 - 기타,승용,남,37세,상해없음,보행자,여,81세,중상
4848,2020121700100131,2020년 12월 17일 09시,목요일,전라남도 진도군 의신면,부상신고사고,0,0,0,1,차대사람 - 기타,안전운전불이행,포장 - 건조,맑음,단일로 - 기타,승합,남,58세,상해없음,보행자,여,61세,부상신고
4849,2020121700100167,2020년 12월 17일 10시,목요일,전라남도 여수시 봉산동,중상사고,0,1,0,0,차대사람 - 횡단중,보행자보호의무위반,포장 - 건조,맑음,단일로 - 기타,승용,여,26세,상해없음,보행자,남,76세,중상
4850,2020121700100234,2020년 12월 17일 12시,목요일,전라남도 함평군 함평읍,경상사고,0,0,1,0,차대사람 - 기타,안전운전불이행,포장 - 건조,맑음,단일로 - 기타,승용,남,62세,상해없음,보행자,남,80세,경상
4851,2020121800100141,2020년 12월 18일 10시,금요일,전라남도 고흥군 고흥읍,중상사고,0,1,0,0,차대사람 - 길가장자리구역통행중,안전운전불이행,포장 - 건조,맑음,단일로 - 기타,승용,여,42세,상해없음,보행자,여,70세,중상
4852,2020121800100356,2020년 12월 18일 16시,금요일,전라남도 여수시 신기동,중상사고,0,1,0,0,차대사람 - 횡단중,안전운전불이행,포장 - 건조,맑음,단일로 - 기타,승용,남,32세,상해없음,보행자,남,56세,중상
4853,2020121800100402,2020년 12월 18일 17시,금요일,전라남도 여수시 신기동,사망사고,1,0,0,0,차대사람 - 횡단중,과속,포장 - 건조,맑음,단일로 - 기타,화물,남,63세,상해없음,보행자,여,78세,사망
4854,2020121800100481,2020년 12월 18일 18시,금요일,전라남도 나주시 문평면,경상사고,0,0,1,0,차대사람 - 기타,안전운전불이행,포장 - 건조,맑음,교차로 - 교차로부근,화물,남,55세,상해없음,보행자,남,74세,경상
4855,2020121800100485,2020년 12월 18일 18시,금요일,전라남도 영암군 삼호읍,부상신고사고,0,0,0,1,차대사람 - 기타,안전운전불이행,포장 - 건조,맑음,교차로 - 교차로안,승용,남,56세,상해없음,보행자,남,47세,부상신고
4856,2020121800100676,2020년 12월 18일 22시,금요일,전라남도 여수시 신기동,경상사고,0,0,1,0,차대사람 - 횡단중,안전운전불이행,포장 - 건조,맑음,단일로 - 기타,승용,여,59세,상해없음,보행자,남,62세,경상
4857,2020121900100080,2020년 12월 19일 09시,토요일,전라남도 목포시 죽교동,경상사고,0,0,1,0,차대사람 - 차도통행중,안전운전불이행,포장 - 건조,맑음,기타 - 기타,승용,남,58세,상해없음,보행자,남,36세,경상
4858,2020121900100105,2020년 12월 19일 10시,토요일,전라남도 보성군 벌교읍,경상사고,0,0,1,0,차대사람 - 보도통행중,안전운전불이행,포장 - 건조,맑음,단일로 - 기타,승용,남,67세,상해없음,보행자,여,66세,경상
4859,2020121900100396,2020년 12월 19일 18시,토요일,전라남도 순천시 조례동,경상사고,0,0,2,0,차대사람 - 차도통행중,안전운전불이행,포장 - 건조,맑음,교차로 - 교차로부근,승용,여,45세,상해없음,보행자,여,19세,경상
4860,2020122000100116,2020년 12월 20일 13시,일요일,전라남도 목포시 용당동,경상사고,0,0,1,0,차대사람 - 기타,안전운전불이행,포장 - 건조,맑음,단일로 - 기타,승용,남,47세,상해없음,보행자,남,28세,경상
4861,2020122100100025,2020년 12월 21일 05시,월요일,전라남도 여수시 여서동,경상사고,0,0,1,0,차대사람 - 기타,안전운전불이행,포장 - 건조,맑음,기타 - 기타,승용,남,30세,상해없음,보행자,남,36세,경상
4862,2020122100100577,2020년 12월 21일 20시,월요일,전라남도 고흥군 금산면,경상사고,0,0,1,0,차대사람 - 차도통행중,안전운전불이행,포장 - 건조,흐림,단일로 - 기타,승용,남,61세,상해없음,보행자,남,61세,경상
4863,2020122200100038,2020년 12월 22일 06시,화요일,전라남도 순천시 해룡면,사망사고,1,0,0,0,차대사람 - 횡단중,안전운전불이행,포장 - 건조,맑음,단일로 - 기타,승용,남,63세,상해없음,보행자,남,45세,사망
4864,2020122200100062,2020년 12월 22일 07시,화요일,전라남도 목포시 대양동,경상사고,0,0,1,0,차대사람 - 기타,안전운전불이행,포장 - 건조,맑음,교차로 - 교차로부근,승용,남,55세,상해없음,보행자,여,70세,경상
4865,2020122200100091,2020년 12월 22일 08시,화요일,전라남도 보성군 복내면,경상사고,0,0,1,0,차대사람 - 차도통행중,안전운전불이행,포장 - 건조,맑음,교차로 - 교차로안,이륜,남,71세,상해없음,보행자,여,83세,경상
4866,2020122300100073,2020년 12월 23일 07시,수요일,전라남도 목포시 상동,사망사고,1,0,0,0,차대사람 - 횡단중,보행자보호의무위반,포장 - 건조,맑음,교차로 - 교차로횡단보도내,승용,남,49세,상해없음,보행자,남,55세,사망
4867,2020122300100114,2020년 12월 23일 08시,수요일,전라남도 순천시 연향동,경상사고,0,0,1,0,차대사람 - 기타,안전운전불이행,포장 - 건조,맑음,기타 - 기타,승용,여,47세,상해없음,보행자,남,24세,경상
4868,2020122300100328,2020년 12월 23일 16시,수요일,전라남도 여수시 여서동,중상사고,0,1,0,0,차대사람 - 기타,안전운전불이행,포장 - 건조,맑음,기타 - 기타,승용,남,51세,상해없음,보행자,남,74세,중상
4869,2020122300100454,2020년 12월 23일 18시,수요일,전라남도 영광군 불갑면,사망사고,1,0,0,0,차대사람 - 횡단중,안전운전불이행,포장 - 건조,맑음,교차로 - 교차로안,화물,남,63세,상해없음,보행자,여,79세,사망
4870,2020122300100508,2020년 12월 23일 19시,수요일,전라남도 고흥군 과역면,경상사고,0,0,1,0,차대사람 - 차도통행중,안전운전불이행,포장 - 건조,맑음,단일로 - 기타,기타불명,기타불명,미분류,기타불명,보행자,여,50세,경상
4871,2020122300100546,2020년 12월 23일 20시,수요일,전라남도 여수시 오천동,중상사고,0,1,0,0,차대사람 - 기타,안전운전불이행,포장 - 건조,맑음,단일로 - 기타,승용,남,68세,상해없음,보행자,여,63세,중상
4872,2020122400100091,2020년 12월 24일 08시,목요일,전라남도 강진군 강진읍,중상사고,0,1,0,0,차대사람 - 기타,안전운전불이행,포장 - 건조,맑음,교차로 - 교차로안,승용,남,62세,상해없음,보행자,남,18세,중상
4873,2020122400100354,2020년 12월 24일 16시,목요일,전라남도 순천시 풍덕동,중상사고,0,1,0,0,차대사람 - 기타,안전운전불이행,포장 - 건조,맑음,단일로 - 기타,승용,남,24세,상해없음,보행자,남,66세,중상
4874,2020122400100476,2020년 12월 24일 18시,목요일,전라남도 여수시 교동,중상사고,0,1,0,0,차대사람 - 기타,안전운전불이행,포장 - 건조,맑음,교차로 - 교차로안,승용,여,38세,상해없음,보행자,여,56세,중상
4875,2020122400100477,2020년 12월 24일 18시,목요일,전라남도 화순군 화순읍,중상사고,0,1,0,0,차대사람 - 차도통행중,안전운전불이행,포장 - 건조,맑음,교차로 - 교차로부근,화물,남,71세,상해없음,보행자,남,13세,중상
4876,2020122500100066,2020년 12월 25일 10시,금요일,전라남도 목포시 옥암동,경상사고,0,0,1,0,차대사람 - 기타,기타,포장 - 건조,맑음,기타 - 기타,승용,남,57세,상해없음,보행자,여,79세,경상
4877,2020122500100364,2020년 12월 25일 21시,금요일,전라남도 목포시 옥암동,중상사고,0,1,0,0,차대사람 - 횡단중,보행자보호의무위반,포장 - 건조,맑음,교차로 - 교차로횡단보도내,승용,남,50세,상해없음,보행자,여,43세,중상
4878,2020122600100052,2020년 12월 26일 08시,토요일,전라남도 완도군 금일읍,경상사고,0,0,1,0,차대사람 - 기타,기타,포장 - 건조,맑음,단일로 - 기타,승용,남,27세,상해없음,보행자,남,87세,경상
4879,2020122600100180,2020년 12월 26일 14시,토요일,전라남도 진도군 진도읍,경상사고,0,0,1,0,차대사람 - 기타,안전운전불이행,포장 - 기타,맑음,단일로 - 기타,승용,여,61세,상해없음,보행자,남,56세,경상
4880,2020122700100176,2020년 12월 27일 17시,일요일,전라남도 여수시 둔덕동,사망사고,1,0,0,0,차대사람 - 횡단중,신호위반,포장 - 젖음/습기,비,단일로 - 기타,승용,여,57세,상해없음,보행자,여,61세,사망
4881,2020122700100254,2020년 12월 27일 20시,일요일,전라남도 순천시 서면,경상사고,0,0,1,0,차대사람 - 길가장자리구역통행중,안전운전불이행,포장 - 젖음/습기,비,교차로 - 교차로안,승용,여,41세,상해없음,보행자,남,82세,경상
4882,2020122800100011,2020년 12월 28일 02시,월요일,전라남도 목포시 산정동,중상사고,0,1,0,0,차대사람 - 기타,안전운전불이행,포장 - 기타,맑음,단일로 - 기타,화물,여,45세,상해없음,보행자,남,70세,중상
4883,2020122800100248,2020년 12월 28일 13시,월요일,전라남도 보성군 득량면,경상사고,0,0,1,0,차대사람 - 기타,안전운전불이행,포장 - 건조,맑음,단일로 - 기타,승용,여,76세,상해없음,보행자,여,38세,경상
4884,2020122800100250,2020년 12월 28일 13시,월요일,전라남도 곡성군 입면,중상사고,0,1,0,0,차대사람 - 기타,안전운전불이행,포장 - 건조,맑음,기타 - 기타,승용,여,41세,상해없음,보행자,여,86세,중상
4885,2020122800100251,2020년 12월 28일 13시,월요일,전라남도 무안군 해제면,중상사고,0,1,0,0,차대사람 - 기타,안전운전불이행,포장 - 건조,맑음,기타 - 기타,승용,여,78세,상해없음,보행자,남,57세,중상
4886,2020122800100519,2020년 12월 28일 20시,월요일,전라남도 여수시 웅천동,중상사고,0,1,0,0,차대사람 - 횡단중,보행자보호의무위반,포장 - 건조,맑음,교차로 - 교차로횡단보도내,승용,남,60세,상해없음,보행자,여,47세,중상
4887,2020122900100016,2020년 12월 29일 05시,화요일,전라남도 해남군 산이면,중상사고,0,1,0,0,차대사람 - 기타,안전운전불이행,포장 - 젖음/습기,안개,단일로 - 기타,화물,여,67세,상해없음,보행자,남,75세,중상
4888,2020122900100077,2020년 12월 29일 09시,화요일,전라남도 목포시 상동,경상사고,0,0,1,0,차대사람 - 차도통행중,안전운전불이행,포장 - 건조,맑음,단일로 - 기타,승용,여,30세,상해없음,보행자,남,36세,경상
4889,2020122900100091,2020년 12월 29일 10시,화요일,전라남도 목포시 산정동,경상사고,0,0,1,0,차대사람 - 기타,안전운전불이행,포장 - 건조,맑음,단일로 - 기타,화물,남,60세,상해없음,보행자,남,77세,경상
4890,2020122900100208,2020년 12월 29일 15시,화요일,전라남도 해남군 해남읍,중상사고,0,1,0,0,차대사람 - 횡단중,안전운전불이행,포장 - 건조,맑음,교차로 - 교차로안,화물,남,44세,상해없음,보행자,남,72세,중상
4891,2020122900100234,2020년 12월 29일 16시,화요일,전라남도 여수시 문수동,경상사고,0,0,1,0,차대사람 - 길가장자리구역통행중,안전운전불이행,포장 - 건조,맑음,단일로 - 기타,승용,여,57세,상해없음,보행자,여,52세,경상
4892,2020122900100324,2020년 12월 29일 18시,화요일,전라남도 목포시 상동,중상사고,0,1,0,0,차대사람 - 횡단중,보행자보호의무위반,포장 - 젖음/습기,비,단일로 - 기타,승용,남,60세,상해없음,보행자,여,65세,중상
4893,2020123000100271,2020년 12월 30일 15시,수요일,전라남도 여수시 웅천동,경상사고,0,0,1,0,차대사람 - 횡단중,신호위반,포장 - 건조,맑음,교차로 - 교차로안,승용,여,51세,상해없음,보행자,여,10세,경상
4894,2020123100100344,2020년 12월 31일 17시,목요일,전라남도 순천시 조례동,중상사고,0,1,0,0,차대사람 - 기타,안전운전불이행,포장 - 건조,맑음,단일로 - 기타,승용,여,60세,상해없음,보행자,여,59세,중상
0,2021010100100078,2021년 1월 1일 12시,금요일,전라남도 목포시 용당동,경상사고,0,0,1,0,차대사람 - 기타,안전운전불이행,포장 - 건조,맑음,기타 - 기타,기타불명,기타불명,미분류,기타불명,보행자,여,69세,경상
1,2021010100100199,2021년 1월 1일 19시,금요일,전라남도 진도군 군내면,사망사고,1,0,0,0,차대사람 - 횡단중,안전운전불이행,포장 - 건조,맑음,단일로 - 기타,화물,남,73세,상해없음,보행자,남,66세,사망
2,2021010100100241,2021년 1월 1일 21시,금요일,전라남도 순천시 조례동,사망사고,1,0,0,0,차대사람 - 기타,과속,포장 - 건조,맑음,기타 - 기타,승용,남,54세,상해없음,보행자,남,28세,사망
3,2021010200100187,2021년 1월 2일 14시,토요일,전라남도 담양군 담양읍,경상사고,0,0,1,0,차대사람 - 차도통행중,안전운전불이행,포장 - 젖음/습기,맑음,교차로 - 교차로안,승용,여,66세,상해없음,보행자,남,46세,경상
4,2021010200100222,2021년 1월 2일 15시,토요일,전라남도 목포시 상동,중상사고,0,2,0,0,차대사람 - 횡단중,신호위반,포장 - 건조,맑음,교차로 - 교차로횡단보도내,승용,남,42세,상해없음,보행자,여,65세,중상
5,2021010300100251,2021년 1월 3일 23시,일요일,전라남도 무안군 청계면,사망사고,1,0,0,0,차대사람 - 기타,안전운전불이행,포장 - 건조,기타,기타 - 기타,승용,남,57세,상해없음,보행자,남,81세,사망
6,2021010400100081,2021년 1월 4일 09시,월요일,전라남도 여수시 학동,중상사고,0,1,0,0,차대사람 - 길가장자리구역통행중,안전운전불이행,포장 - 건조,맑음,단일로 - 기타,승용,남,72세,상해없음,보행자,여,83세,중상
7,2021010400100186,2021년 1월 4일 14시,월요일,전라남도 여수시 학동,경상사고,0,0,1,0,차대사람 - 길가장자리구역통행중,안전운전불이행,포장 - 건조,맑음,단일로 - 기타,승용,남,63세,상해없음,보행자,여,65세,경상
8,2021010400100356,2021년 1월 4일 19시,월요일,전라남도 영광군 영광읍,경상사고,0,0,1,0,차대사람 - 횡단중,안전운전불이행,포장 - 건조,맑음,단일로 - 기타,승용,남,60세,상해없음,보행자,여,50세,경상
9,2021010500100021,2021년 1월 5일 06시,화요일,전라남도 나주시 금천면,사망사고,1,0,0,0,차대사람 - 횡단중,안전운전불이행,포장 - 건조,맑음,단일로 - 기타,승용,여,56세,상해없음,보행자,여,79세,사망
10,2021010500100068,2021년 1월 5일 09시,화요일,전라남도 고흥군 고흥읍,중상사고,0,1,0,0,차대사람 - 기타,안전운전불이행,포장 - 건조,맑음,교차로 - 교차로부근,건설기계,남,58세,상해없음,보행자,여,84세,중상
11,2021010500100116,2021년 1월 5일 11시,화요일,전라남도 순천시 조례동,중상사고,0,1,0,0,차대사람 - 차도통행중,안전운전불이행,포장 - 건조,맑음,단일로 - 기타,승용,남,56세,상해없음,보행자,여,20세,중상
12,2021010500100173,2021년 1월 5일 14시,화요일,전라남도 장흥군 장흥읍,중상사고,0,1,0,0,차대사람 - 길가장자리구역통행중,안전운전불이행,포장 - 건조,맑음,단일로 - 기타,화물,남,63세,상해없음,보행자,남,53세,중상
13,2021010500100244,2021년 1월 5일 16시,화요일,전라남도 영암군 시종면,경상사고,0,0,1,0,차대사람 - 횡단중,안전운전불이행,포장 - 건조,맑음,교차로 - 교차로부근,승용,여,34세,상해없음,보행자,남,13세,경상
14,2021010500100280,2021년 1월 5일 17시,화요일,전라남도 여수시 여서동,경상사고,0,0,1,0,차대사람 - 길가장자리구역통행중,안전운전불이행,포장 - 건조,맑음,단일로 - 기타,승용,남,60세,상해없음,보행자,여,36세,경상
15,2021010600100462,2021년 1월 6일 20시,수요일,전라남도 여수시 여서동,중상사고,0,1,0,0,차대사람 - 횡단중,안전운전불이행,포장 - 건조,흐림,단일로 - 기타,승용,남,70세,상해없음,보행자,남,68세,중상
16,2021010600100524,2021년 1월 6일 21시,수요일,전라남도 목포시 산정동,중상사고,0,1,0,0,차대사람 - 기타,신호위반,포장 - 젖음/습기,눈,교차로 - 교차로횡단보도내,승용,남,31세,상해없음,보행자,여,48세,중상
17,2021010700100032,2021년 1월 7일 06시,목요일,전라남도 장흥군 관산읍,경상사고,0,0,1,0,차대사람 - 기타,안전운전불이행,포장 - 서리/결빙,눈,기타 - 기타,승용,여,59세,상해없음,보행자,여,81세,경상
18,2021010900100020,2021년 1월 9일 06시,토요일,전라남도 완도군 고금면,중상사고,0,1,0,0,차대사람 - 기타,안전운전불이행,포장 - 건조,맑음,단일로 - 기타,승합,남,69세,상해없음,보행자,남,67세,중상
19,2021011100100006,2021년 1월 11일 03시,월요일,전라남도 순천시 연향동,사망사고,1,0,0,0,차대사람 - 기타,안전운전불이행,포장 - 건조,맑음,교차로 - 교차로안,승용,남,24세,상해없음,보행자,여,67세,사망
20,2021011100100332,2021년 1월 11일 17시,월요일,전라남도 나주시 봉황면,사망사고,1,0,0,0,차대사람 - 기타,안전운전불이행,포장 - 건조,맑음,교차로 - 교차로부근,승용,여,50세,상해없음,보행자,남,80세,사망
21,2021011100100506,2021년 1월 11일 21시,월요일,전라남도 목포시 용당동,경상사고,0,0,1,0,차대사람 - 횡단중,안전운전불이행,포장 - 적설,맑음,단일로 - 기타,승합,여,49세,상해없음,보행자,남,36세,경상
22,2021011200100261,2021년 1월 12일 15시,화요일,전라남도 여수시 국동,중상사고,0,1,0,0,차대사람 - 길가장자리구역통행중,안전운전불이행,포장 - 건조,맑음,단일로 - 기타,화물,여,52세,상해없음,보행자,남,73세,중상
23,2021011300100020,2021년 1월 13일 04시,수요일,전라남도 광양시 중동,경상사고,0,0,1,0,차대사람 - 차도통행중,교차로운행방법위반,포장 - 건조,맑음,교차로 - 교차로안,화물,남,68세,상해없음,보행자,남,41세,경상
24,2021011300100209,2021년 1월 13일 13시,수요일,전라남도 영광군 영광읍,경상사고,0,0,1,0,차대사람 - 횡단중,보행자보호의무위반,포장 - 건조,맑음,교차로 - 교차로횡단보도내,승용,여,48세,상해없음,보행자,여,40세,경상
25,2021011300100210,2021년 1월 13일 13시,수요일,전라남도 영광군 영광읍,중상사고,0,1,0,0,차대사람 - 횡단중,안전운전불이행,포장 - 건조,맑음,교차로 - 교차로안,승용,남,36세,상해없음,보행자,남,62세,중상
26,2021011300100262,2021년 1월 13일 15시,수요일,전라남도 여수시 선원동,경상사고,0,0,1,0,차대사람 - 횡단중,안전운전불이행,포장 - 건조,맑음,단일로 - 기타,승용,여,33세,상해없음,보행자,남,7세,경상
27,2021011300100415,2021년 1월 13일 19시,수요일,전라남도 목포시 대성동,사망사고,1,0,0,0,차대사람 - 횡단중,안전운전불이행,포장 - 건조,맑음,단일로 - 기타,화물,남,54세,상해없음,보행자,여,60세,사망
28,2021011300100478,2021년 1월 13일 21시,수요일,전라남도 목포시 옥암동,경상사고,0,0,1,0,차대사람 - 기타,안전운전불이행,포장 - 건조,맑음,교차로 - 교차로안,화물,남,56세,상해없음,보행자,남,64세,경상
29,2021011400100200,2021년 1월 14일 11시,목요일,전라남도 순천시 풍덕동,경상사고,0,0,1,0,차대사람 - 기타,안전운전불이행,포장 - 건조,맑음,기타 - 기타,승용,남,52세,상해없음,보행자,여,40세,경상
30,2021011400100255,2021년 1월 14일 13시,목요일,전라남도 나주시 삼영동,경상사고,0,0,1,0,차대사람 - 기타,안전운전불이행,포장 - 건조,맑음,단일로 - 기타,승용,남,50세,상해없음,보행자,남,46세,경상
31,2021011400100399,2021년 1월 14일 17시,목요일,전라남도 목포시 상동,경상사고,0,0,1,0,차대사람 - 횡단중,중앙선침범,포장 - 건조,맑음,단일로 - 기타,이륜,남,25세,상해없음,보행자,남,68세,경상
32,2021011500100159,2021년 1월 15일 11시,금요일,전라남도 곡성군 석곡면,경상사고,0,0,1,0,차대사람 - 기타,안전운전불이행,포장 - 건조,맑음,단일로 - 기타,승용,여,68세,상해없음,보행자,여,74세,경상
33,2021011500100293,2021년 1월 15일 15시,금요일,전라남도 광양시 광양읍,경상사고,0,0,1,0,차대사람 - 기타,안전운전불이행,포장 - 건조,맑음,단일로 - 기타,승용,여,54세,상해없음,보행자,여,55세,경상
34,2021011500100433,2021년 1월 15일 18시,금요일,전라남도 보성군 보성읍,경상사고,0,0,1,0,차대사람 - 길가장자리구역통행중,보행자보호의무위반,포장 - 건조,맑음,단일로 - 기타,승용,여,38세,상해없음,보행자,여,74세,경상
35,2021011600100157,2021년 1월 16일 13시,토요일,전라남도 무안군 일로읍,경상사고,0,0,1,0,차대사람 - 기타,안전운전불이행,포장 - 건조,맑음,단일로 - 기타,화물,남,72세,상해없음,보행자,남,26세,경상
36,2021011600100194,2021년 1월 16일 14시,토요일,전라남도 고흥군 도화면,경상사고,0,0,1,0,차대사람 - 기타,안전운전불이행,포장 - 건조,맑음,단일로 - 기타,화물,남,51세,상해없음,보행자,여,83세,경상
37,2021011600100195,2021년 1월 16일 14시,토요일,전라남도 보성군 벌교읍,사망사고,2,0,0,0,차대사람 - 길가장자리구역통행중,중앙선침범,포장 - 건조,맑음,단일로 - 기타,화물,남,54세,상해없음,보행자,여,74세,사망
38,2021011600100298,2021년 1월 16일 17시,토요일,전라남도 순천시 용당동,경상사고,0,0,1,0,차대사람 - 보도통행중,기타,포장 - 건조,맑음,기타 - 기타,승용,남,38세,상해없음,보행자,남,7세,경상
39,2021011700100065,2021년 1월 17일 11시,일요일,전라남도 목포시 상동,경상사고,0,0,1,0,차대사람 - 차도통행중,안전운전불이행,포장 - 건조,맑음,교차로 - 교차로부근,이륜,남,23세,기타불명,보행자,여,59세,경상
40,2021011700100080,2021년 1월 17일 12시,일요일,전라남도 함평군 해보면,중상사고,0,1,0,0,차대사람 - 기타,안전운전불이행,포장 - 건조,맑음,교차로 - 교차로안,승용,여,56세,상해없음,보행자,여,66세,중상
41,2021011800100273,2021년 1월 18일 17시,월요일,전라남도 여수시 여서동,중상사고,0,1,0,0,차대사람 - 기타,안전운전불이행,포장 - 건조,맑음,기타 - 기타,승용,남,42세,상해없음,보행자,여,22세,중상
42,2021011800100274,2021년 1월 18일 17시,월요일,전라남도 화순군 화순읍,중상사고,0,1,0,0,차대사람 - 기타,안전운전불이행,포장 - 건조,맑음,단일로 - 기타,승용,남,49세,상해없음,보행자,여,72세,중상
43,2021011800100320,2021년 1월 18일 18시,월요일,전라남도 완도군 완도읍,경상사고,0,0,1,0,차대사람 - 기타,신호위반,포장 - 건조,맑음,교차로 - 교차로횡단보도내,승용,남,58세,상해없음,보행자,남,62세,경상
44,2021011900100031,2021년 1월 19일 06시,화요일,전라남도 목포시 연산동,중상사고,0,1,0,0,차대사람 - 기타,안전운전불이행,포장 - 건조,맑음,단일로 - 기타,승합,남,71세,기타불명,보행자,여,65세,중상
45,2021011900100314,2021년 1월 19일 15시,화요일,전라남도 담양군 고서면,경상사고,0,0,1,0,차대사람 - 기타,안전운전불이행,포장 - 건조,맑음,교차로 - 교차로부근,화물,남,71세,상해없음,보행자,남,79세,경상
46,2021011900100347,2021년 1월 19일 16시,화요일,전라남도 광양시 광양읍,중상사고,0,1,0,0,차대사람 - 기타,기타,포장 - 건조,맑음,기타 - 기타,승합,남,63세,기타불명,보행자,여,76세,중상
47,2021011900100383,2021년 1월 19일 17시,화요일,전라남도 여수시 충무동,중상사고,0,1,0,0,차대사람 - 횡단중,보행자보호의무위반,포장 - 건조,맑음,단일로 - 기타,승용,남,40세,상해없음,보행자,남,49세,중상
48,2021011900100529,2021년 1월 19일 20시,화요일,전라남도 영암군 삼호읍,사망사고,1,0,0,0,차대사람 - 보도통행중,신호위반,포장 - 건조,맑음,단일로 - 기타,승용,여,57세,상해없음,보행자,여,56세,사망
49,2021012000100203,2021년 1월 20일 11시,수요일,전라남도 담양군 담양읍,중상사고,0,1,0,0,차대사람 - 기타,기타,포장 - 건조,맑음,교차로 - 교차로안,화물,남,45세,상해없음,보행자,남,63세,중상
50,2021012000100281,2021년 1월 20일 13시,수요일,전라남도 광양시 광양읍,중상사고,0,1,0,0,차대사람 - 횡단중,보행자보호의무위반,포장 - 건조,맑음,교차로 - 교차로횡단보도내,승용,여,55세,상해없음,보행자,여,89세,중상
51,2021012000100424,2021년 1월 20일 17시,수요일,전라남도 순천시 해룡면,경상사고,0,0,1,0,차대사람 - 차도통행중,안전운전불이행,포장 - 건조,맑음,단일로 - 기타,승용,남,32세,상해없음,보행자,남,5세,경상
52,2021012100100052,2021년 1월 21일 07시,목요일,전라남도 보성군 득량면,사망사고,1,0,0,0,차대사람 - 횡단중,안전운전불이행,포장 - 건조,맑음,단일로 - 기타,승용,남,52세,상해없음,보행자,여,75세,사망
53,2021012100100217,2021년 1월 21일 12시,목요일,전라남도 화순군 화순읍,중상사고,0,1,0,0,차대사람 - 기타,안전운전불이행,포장 - 건조,맑음,단일로 - 기타,승용,남,25세,상해없음,보행자,여,82세,중상
54,2021012100100218,2021년 1월 21일 12시,목요일,전라남도 구례군 구례읍,경상사고,0,0,1,0,차대사람 - 기타,안전운전불이행,포장 - 건조,맑음,교차로 - 교차로안,화물,남,45세,상해없음,보행자,여,88세,경상
55,2021012100100417,2021년 1월 21일 18시,목요일,전라남도 장흥군 관산읍,사망사고,1,0,0,0,차대사람 - 길가장자리구역통행중,안전운전불이행,포장 - 젖음/습기,비,단일로 - 기타,화물,남,67세,상해없음,보행자,여,74세,사망
56,2021012100100515,2021년 1월 21일 20시,목요일,전라남도 목포시 죽교동,경상사고,0,0,1,0,차대사람 - 기타,신호위반,포장 - 젖음/습기,비,교차로 - 교차로횡단보도내,이륜,남,42세,상해없음,보행자,남,59세,경상
57,2021012100100517,2021년 1월 21일 20시,목요일,전라남도 순천시 서면,경상사고,0,0,1,0,차대사람 - 기타,안전운전불이행,포장 - 건조,맑음,단일로 - 기타,승용,여,25세,상해없음,보행자,남,73세,경상
58,2021012200100099,2021년 1월 22일 09시,금요일,전라남도 영암군 신북면,경상사고,0,0,1,0,차대사람 - 횡단중,안전운전불이행,포장 - 건조,맑음,교차로 - 교차로부근,화물,남,53세,상해없음,보행자,여,79세,경상
59,2021012200100141,2021년 1월 22일 11시,금요일,전라남도 목포시 상동,경상사고,0,0,1,0,차대사람 - 기타,보행자보호의무위반,포장 - 건조,맑음,단일로 - 기타,승용,여,70세,상해없음,보행자,여,67세,경상
60,2021012200100546,2021년 1월 22일 21시,금요일,전라남도 여수시 신기동,중상사고,0,1,0,0,차대사람 - 횡단중,신호위반,포장 - 건조,맑음,교차로 - 교차로횡단보도내,승용,여,33세,상해없음,보행자,남,57세,중상
61,2021012400100026,2021년 1월 24일 06시,일요일,전라남도 순천시 낙안면,경상사고,0,0,1,0,차대사람 - 횡단중,안전운전불이행,포장 - 건조,맑음,교차로 - 교차로안,화물,남,35세,상해없음,보행자,여,78세,경상
62,2021012400100027,2021년 1월 24일 06시,일요일,전라남도 화순군 도곡면,사망사고,1,0,0,0,차대사람 - 차도통행중,기타,포장 - 젖음/습기,안개,단일로 - 기타,승용,남,38세,상해없음,보행자,남,89세,사망
63,2021012400100041,2021년 1월 24일 08시,일요일,전라남도 순천시 중앙동,중상사고,0,1,0,0,차대사람 - 차도통행중,안전운전불이행,포장 - 건조,맑음,교차로 - 교차로부근,승용,여,58세,상해없음,보행자,여,85세,중상