,사고번호,사고일시,요일,시군구,사고내용,사망자수,중상자수,경상자수,부상신고자수,사고유형,법규위반,노면상태,기상상태,도로형태,가해운전자 차종,가해운전자 성별,가해운전자 연령,가해운전자 상해정도,피해운전자 차종,피해운전자 성별,피해운전자 연령,피해운전자 상해정도
64,2021012400100079,2021년 1월 24일 11시,일요일,전라남도 여수시 신기동,경상사고,0,0,1,0,차대사람 - 기타,안전운전불이행,포장 - 건조,맑음,단일로 - 기타,승용,여,57세,상해없음,보행자,남,52세,경상
65,2021012400100175,2021년 1월 24일 15시,일요일,전라남도 장흥군 장흥읍,경상사고,0,0,1,0,차대사람 - 횡단중,안전운전불이행,포장 - 건조,맑음,단일로 - 기타,승용,여,41세,상해없음,보행자,남,6세,경상
66,2021012500100077,2021년 1월 25일 08시,월요일,전라남도 순천시 연향동,경상사고,0,0,1,0,차대사람 - 기타,안전운전불이행,포장 - 건조,맑음,기타 - 기타,승용,여,38세,상해없음,보행자,여,29세,경상
67,2021012500100507,2021년 1월 25일 20시,월요일,전라남도 순천시 가곡동,부상신고사고,0,0,0,1,차대사람 - 기타,안전운전불이행,포장 - 건조,맑음,단일로 - 기타,승용,남,69세,상해없음,보행자,남,52세,부상신고
68,2021012500100568,2021년 1월 25일 22시,월요일,전라남도 무안군 삼향읍,경상사고,0,0,1,0,차대사람 - 길가장자리구역통행중,안전운전불이행,포장 - 건조,맑음,단일로 - 기타,승용,남,57세,상해없음,보행자,남,54세,경상
69,2021012600100272,2021년 1월 26일 14시,화요일,전라남도 담양군 담양읍,경상사고,0,0,1,0,차대사람 - 기타,안전운전불이행,포장 - 젖음/습기,비,기타 - 기타,화물,남,43세,상해없음,보행자,남,8세,경상
70,2021012600100361,2021년 1월 26일 17시,화요일,전라남도 나주시 대호동,경상사고,0,0,1,0,차대사람 - 기타,안전운전불이행,포장 - 건조,맑음,단일로 - 기타,화물,남,49세,상해없음,보행자,남,17세,경상
71,2021012600100464,2021년 1월 26일 19시,화요일,전라남도 순천시 석현동,중상사고,0,1,0,0,차대사람 - 횡단중,보행자보호의무위반,포장 - 건조,맑음,교차로 - 교차로부근,승용,남,64세,상해없음,보행자,남,54세,중상
72,2021012700100144,2021년 1월 27일 11시,수요일,전라남도 진도군 진도읍,경상사고,0,0,1,0,차대사람 - 길가장자리구역통행중,안전운전불이행,포장 - 건조,맑음,단일로 - 기타,승용,남,58세,상해없음,보행자,여,56세,경상
73,2021012800100129,2021년 1월 28일 10시,목요일,전라남도 광양시 광양읍,경상사고,0,0,1,0,차대사람 - 기타,안전운전불이행,포장 - 건조,맑음,주차장 - 주차장,화물,남,31세,상해없음,보행자,여,69세,경상
74,2021012800100258,2021년 1월 28일 14시,목요일,전라남도 목포시 산정동,경상사고,0,0,1,0,차대사람 - 기타,안전운전불이행,포장 - 건조,맑음,교차로 - 교차로안,화물,남,41세,상해없음,보행자,남,11세,경상
75,2021012800100260,2021년 1월 28일 14시,목요일,전라남도 해남군 옥천면,중상사고,0,1,0,0,차대사람 - 횡단중,안전운전불이행,포장 - 건조,맑음,교차로 - 교차로안,화물,남,63세,상해없음,보행자,남,85세,중상
76,2021012800100289,2021년 1월 28일 15시,목요일,전라남도 순천시 오천동,경상사고,0,0,1,0,차대사람 - 차도통행중,안전운전불이행,포장 - 건조,맑음,단일로 - 기타,승용,여,55세,상해없음,보행자,여,25세,경상
77,2021012800100351,2021년 1월 28일 17시,목요일,전라남도 무안군 무안읍,경상사고,0,0,1,0,차대사람 - 기타,안전운전불이행,포장 - 서리/결빙,눈,교차로 - 교차로안,승용,남,49세,상해없음,보행자,남,69세,경상
78,2021012900100094,2021년 1월 29일 08시,금요일,전라남도 목포시 석현동,경상사고,0,0,2,0,차대사람 - 길가장자리구역통행중,안전운전불이행,포장 - 젖음/습기,맑음,단일로 - 기타,승용,여,35세,상해없음,보행자,여,12세,경상
79,2021012900100345,2021년 1월 29일 16시,금요일,전라남도 목포시 상동,중상사고,0,1,0,0,차대사람 - 기타,신호위반,포장 - 건조,맑음,교차로 - 교차로안,화물,남,43세,상해없음,보행자,여,75세,중상
80,2021012900100346,2021년 1월 29일 16시,금요일,전라남도 영광군 영광읍,경상사고,0,0,1,0,차대사람 - 길가장자리구역통행중,안전운전불이행,포장 - 건조,맑음,단일로 - 기타,승용,여,72세,상해없음,보행자,여,54세,경상
81,2021012900100430,2021년 1월 29일 18시,금요일,전라남도 목포시 상동,중상사고,0,1,0,0,차대사람 - 횡단중,보행자보호의무위반,포장 - 건조,맑음,교차로 - 교차로횡단보도내,화물,남,65세,상해없음,보행자,남,70세,중상
82,2021012900100557,2021년 1월 29일 21시,금요일,전라남도 여수시 여서동,경상사고,0,0,1,0,차대사람 - 횡단중,안전운전불이행,포장 - 건조,맑음,단일로 - 기타,승용,남,29세,상해없음,보행자,여,20세,경상
83,2021013000100039,2021년 1월 30일 06시,토요일,전라남도 여수시 여서동,중상사고,0,1,0,0,차대사람 - 횡단중,신호위반,포장 - 건조,맑음,단일로 - 기타,승합,남,53세,상해없음,보행자,남,33세,중상
84,2021013000100190,2021년 1월 30일 13시,토요일,전라남도 목포시 산정동,중상사고,0,1,0,0,차대사람 - 차도통행중,중앙선침범,포장 - 건조,맑음,기타 - 기타,승용,남,56세,상해없음,보행자,여,73세,중상
85,2021020100100149,2021년 2월 1일 11시,월요일,전라남도 여수시 봉산동,경상사고,0,0,1,0,차대사람 - 길가장자리구역통행중,안전운전불이행,포장 - 건조,맑음,단일로 - 기타,승용,여,59세,상해없음,보행자,여,60세,경상
86,2021020100100204,2021년 2월 1일 13시,월요일,전라남도 순천시 조례동,경상사고,0,0,1,0,차대사람 - 차도통행중,안전운전불이행,포장 - 건조,맑음,교차로 - 교차로부근,원동기,남,55세,상해없음,보행자,여,50세,경상
87,2021020100100250,2021년 2월 1일 15시,월요일,전라남도 장흥군 장흥읍,경상사고,0,0,1,0,차대사람 - 길가장자리구역통행중,안전운전불이행,포장 - 건조,맑음,단일로 - 기타,승용,여,56세,상해없음,보행자,남,14세,경상
88,2021020100100443,2021년 2월 1일 20시,월요일,전라남도 여수시 선원동,경상사고,0,0,1,0,차대사람 - 기타,안전운전불이행,포장 - 건조,맑음,단일로 - 기타,승용,남,36세,상해없음,보행자,남,51세,경상
89,2021020200100111,2021년 2월 2일 10시,화요일,전라남도 목포시 남교동,중상사고,0,1,0,0,차대사람 - 기타,안전운전불이행,포장 - 건조,맑음,교차로 - 교차로부근,승용,남,39세,기타불명,보행자,여,72세,중상
90,2021020200100296,2021년 2월 2일 16시,화요일,전라남도 목포시 산정동,경상사고,0,0,1,0,차대사람 - 기타,안전운전불이행,포장 - 건조,맑음,단일로 - 기타,화물,여,52세,상해없음,보행자,남,3세,경상
91,2021020200100471,2021년 2월 2일 21시,화요일,전라남도 장흥군 대덕읍,경상사고,0,0,1,0,차대사람 - 기타,안전운전불이행,포장 - 건조,맑음,교차로 - 교차로부근,화물,남,44세,상해없음,보행자,여,72세,경상
92,2021020300100458,2021년 2월 3일 19시,수요일,전라남도 여수시 공화동,중상사고,0,1,0,0,차대사람 - 횡단중,안전운전불이행,포장 - 건조,맑음,교차로 - 교차로부근,승합,남,50세,상해없음,보행자,남,74세,중상
93,2021020400100031,2021년 2월 4일 06시,목요일,전라남도 목포시 호남동,중상사고,0,1,0,0,차대사람 - 횡단중,안전운전불이행,포장 - 건조,맑음,교차로 - 교차로횡단보도내,승용,남,65세,상해없음,보행자,여,75세,중상
94,2021020400100202,2021년 2월 4일 11시,목요일,전라남도 여수시 남산동,중상사고,0,1,0,0,차대사람 - 기타,안전운전불이행,포장 - 건조,맑음,단일로 - 기타,승용,남,76세,상해없음,보행자,여,56세,중상
95,2021020400100280,2021년 2월 4일 13시,목요일,전라남도 고흥군 고흥읍,중상사고,0,1,0,0,차대사람 - 기타,안전운전불이행,포장 - 건조,맑음,단일로 - 기타,승용,남,81세,상해없음,보행자,여,89세,중상
96,2021020400100314,2021년 2월 4일 14시,목요일,전라남도 순천시 생목동,중상사고,0,1,0,0,차대사람 - 기타,안전운전불이행,포장 - 건조,맑음,교차로 - 교차로안,승용,남,60세,상해없음,보행자,남,89세,중상
97,2021020500100558,2021년 2월 5일 20시,금요일,전라남도 여수시 봉산동,중상사고,0,1,0,0,차대사람 - 횡단중,안전운전불이행,포장 - 건조,맑음,단일로 - 기타,이륜,남,28세,상해없음,보행자,남,56세,중상
98,2021020600100471,2021년 2월 6일 21시,토요일,전라남도 목포시 산정동,경상사고,0,0,1,0,차대사람 - 기타,중앙선침범,포장 - 건조,맑음,교차로 - 교차로부근,승용,남,34세,상해없음,보행자,남,38세,경상
99,2021020600100473,2021년 2월 6일 21시,토요일,전라남도 광양시 중동,중상사고,0,1,0,0,차대사람 - 횡단중,안전운전불이행,포장 - 건조,맑음,단일로 - 기타,승용,남,68세,상해없음,보행자,여,54세,중상
100,2021020800100126,2021년 2월 8일 09시,월요일,전라남도 진도군 진도읍,중상사고,0,1,0,0,차대사람 - 기타,안전운전불이행,포장 - 건조,맑음,단일로 - 기타,승용,여,51세,상해없음,보행자,여,82세,중상
101,2021020800100276,2021년 2월 8일 13시,월요일,전라남도 목포시 상동,중상사고,0,1,0,0,차대사람 - 기타,안전운전불이행,포장 - 건조,맑음,교차로 - 교차로부근,승합,남,50세,상해없음,보행자,남,60세,중상
102,2021020800100348,2021년 2월 8일 15시,월요일,전라남도 목포시 상동,부상신고사고,0,0,0,1,차대사람 - 길가장자리구역통행중,안전운전불이행,포장 - 건조,맑음,단일로 - 기타,화물,남,53세,상해없음,보행자,여,57세,부상신고
103,2021020800100441,2021년 2월 8일 17시,월요일,전라남도 순천시 해룡면,중상사고,0,1,0,0,차대사람 - 횡단중,안전운전불이행,포장 - 건조,맑음,단일로 - 기타,승용,남,45세,상해없음,보행자,여,20세,중상
104,2021020900100458,2021년 2월 9일 17시,화요일,전라남도 담양군 담양읍,경상사고,0,0,1,0,차대사람 - 차도통행중,안전운전불이행,포장 - 건조,맑음,단일로 - 기타,승용,여,33세,상해없음,보행자,남,17세,경상
105,2021020900100615,2021년 2월 9일 20시,화요일,전라남도 순천시 조례동,경상사고,0,0,1,0,차대사람 - 차도통행중,안전운전불이행,포장 - 건조,맑음,교차로 - 교차로안,승용,남,27세,상해없음,보행자,남,56세,경상
106,2021020900100717,2021년 2월 9일 22시,화요일,전라남도 여수시 학동,경상사고,0,0,1,0,차대사람 - 길가장자리구역통행중,안전운전불이행,포장 - 건조,맑음,교차로 - 교차로안,승용,남,19세,상해없음,보행자,여,20세,경상
107,2021021000100155,2021년 2월 10일 10시,수요일,전라남도 순천시 조례동,부상신고사고,0,0,0,1,차대사람 - 보도통행중,보행자보호의무위반,포장 - 건조,맑음,기타 - 기타,승용,여,46세,상해없음,보행자,여,78세,부상신고
108,2021021000100156,2021년 2월 10일 10시,수요일,전라남도 장흥군 장흥읍,중상사고,0,1,0,0,차대사람 - 횡단중,안전운전불이행,포장 - 건조,맑음,교차로 - 교차로부근,화물,남,67세,상해없음,보행자,남,62세,중상
109,2021021000100237,2021년 2월 10일 12시,수요일,전라남도 장흥군 장흥읍,경상사고,0,0,2,0,차대사람 - 기타,안전운전불이행,포장 - 건조,맑음,교차로 - 교차로안,승용,남,73세,상해없음,보행자,여,87세,경상
110,2021021000100265,2021년 2월 10일 13시,수요일,전라남도 고흥군 도양읍,중상사고,0,1,0,0,차대사람 - 기타,안전운전불이행,포장 - 건조,맑음,교차로 - 교차로부근,화물,남,73세,상해없음,보행자,남,67세,중상
111,2021021000100357,2021년 2월 10일 15시,수요일,전라남도 화순군 도암면,중상사고,0,1,0,0,차대사람 - 기타,안전운전불이행,포장 - 건조,맑음,주차장 - 주차장,화물,여,63세,상해없음,보행자,여,76세,중상
112,2021021000100399,2021년 2월 10일 16시,수요일,전라남도 목포시 용당동,중상사고,0,1,0,0,차대사람 - 기타,신호위반,포장 - 건조,맑음,단일로 - 기타,승용,남,35세,상해없음,보행자,여,55세,중상
113,2021021000100644,2021년 2월 10일 20시,수요일,전라남도 순천시 조례동,경상사고,0,0,2,0,차대사람 - 횡단중,안전운전불이행,포장 - 건조,맑음,단일로 - 기타,승용,여,25세,상해없음,보행자,남,39세,경상
114,2021021000100645,2021년 2월 10일 20시,수요일,전라남도 순천시 연향동,경상사고,0,0,1,0,차대사람 - 보도통행중,보행자보호의무위반,포장 - 건조,맑음,교차로 - 교차로안,승용,남,68세,상해없음,보행자,여,17세,경상
115,2021021100100166,2021년 2월 11일 14시,목요일,전라남도 완도군 완도읍,경상사고,0,0,1,0,차대사람 - 기타,안전운전불이행,포장 - 건조,맑음,기타 - 기타,승용,남,37세,상해없음,보행자,여,43세,경상
116,2021021300100164,2021년 2월 13일 15시,토요일,전라남도 목포시 상동,중상사고,0,1,0,0,차대사람 - 기타,안전운전불이행,포장 - 건조,맑음,기타 - 기타,화물,남,58세,상해없음,보행자,남,55세,중상
117,2021021400100113,2021년 2월 14일 14시,일요일,전라남도 구례군 문척면,경상사고,0,0,1,0,차대사람 - 기타,안전운전불이행,포장 - 건조,맑음,주차장 - 주차장,승용,남,57세,상해없음,보행자,남,50세,경상
118,2021021400100232,2021년 2월 14일 19시,일요일,전라남도 순천시 서면,중상사고,0,1,1,0,차대사람 - 기타,신호위반,포장 - 젖음/습기,비,교차로 - 교차로횡단보도내,이륜,남,46세,상해없음,보행자,남,20세,경상
119,2021021400100293,2021년 2월 14일 21시,일요일,전라남도 나주시 남평읍,경상사고,0,0,1,0,차대사람 - 길가장자리구역통행중,안전운전불이행,포장 - 건조,맑음,단일로 - 기타,승용,남,24세,상해없음,보행자,남,59세,경상
120,2021021500100058,2021년 2월 15일 08시,월요일,전라남도 나주시 노안면,중상사고,0,1,0,0,차대사람 - 횡단중,안전운전불이행,포장 - 젖음/습기,흐림,교차로 - 교차로횡단보도내,승용,남,27세,상해없음,보행자,남,84세,중상
121,2021021500100077,2021년 2월 15일 09시,월요일,전라남도 곡성군 곡성읍,중상사고,0,1,0,0,차대사람 - 차도통행중,안전운전불이행,포장 - 젖음/습기,비,교차로 - 교차로안,승용,남,62세,상해없음,보행자,여,80세,중상
122,2021021500100105,2021년 2월 15일 10시,월요일,전라남도 나주시 빛가람동,중상사고,0,1,0,0,차대사람 - 횡단중,신호위반,포장 - 건조,맑음,교차로 - 교차로안,승용,남,63세,상해없음,보행자,여,57세,중상
123,2021021500100126,2021년 2월 15일 11시,월요일,전라남도 완도군 완도읍,중상사고,0,1,0,0,차대사람 - 차도통행중,안전운전불이행,포장 - 건조,맑음,단일로 - 기타,승용,여,64세,상해없음,보행자,여,74세,중상
124,2021021500100149,2021년 2월 15일 12시,월요일,전라남도 여수시 문수동,중상사고,0,1,0,0,차대사람 - 차도통행중,안전운전불이행,포장 - 건조,맑음,기타 - 기타,승용,여,65세,상해없음,보행자,여,75세,중상
125,2021021600100121,2021년 2월 16일 10시,화요일,전라남도 영암군 금정면,중상사고,0,1,0,0,차대사람 - 차도통행중,안전운전불이행,포장 - 건조,맑음,교차로 - 교차로안,승용,여,46세,상해없음,보행자,여,50세,중상
126,2021021600100122,2021년 2월 16일 10시,화요일,전라남도 무안군 일로읍,경상사고,0,0,1,0,차대사람 - 횡단중,안전운전불이행,포장 - 건조,맑음,단일로 - 기타,승용,여,64세,상해없음,보행자,여,69세,경상
127,2021021700100084,2021년 2월 17일 08시,수요일,전라남도 여수시 여서동,경상사고,0,0,1,0,차대사람 - 횡단중,신호위반,포장 - 서리/결빙,눈,단일로 - 기타,승용,여,33세,상해없음,보행자,여,47세,경상
128,2021021700100118,2021년 2월 17일 09시,수요일,전라남도 목포시 옥암동,경상사고,0,0,1,0,차대사람 - 횡단중,보행자보호의무위반,포장 - 젖음/습기,눈,교차로 - 교차로횡단보도내,승용,남,67세,상해없음,보행자,남,71세,경상
129,2021021700100202,2021년 2월 17일 12시,수요일,전라남도 광양시 광양읍,경상사고,0,0,1,0,차대사람 - 횡단중,보행자보호의무위반,포장 - 젖음/습기,눈,단일로 - 기타,화물,남,49세,상해없음,보행자,남,12세,경상
130,2021021800100122,2021년 2월 18일 10시,목요일,전라남도 보성군 벌교읍,경상사고,0,0,1,0,차대사람 - 차도통행중,안전운전불이행,포장 - 건조,맑음,단일로 - 기타,승용,여,69세,상해없음,보행자,여,81세,경상
131,2021021800100363,2021년 2월 18일 17시,목요일,전라남도 목포시 옥암동,경상사고,0,0,1,0,차대사람 - 기타,안전운전불이행,비포장 - 젖음/습기,비,교차로 - 교차로안,승용,남,45세,상해없음,보행자,여,14세,경상
132,2021021900100084,2021년 2월 19일 08시,금요일,전라남도 순천시 연향동,중상사고,0,1,0,0,차대사람 - 기타,안전운전불이행,포장 - 건조,맑음,단일로 - 기타,승용,남,50세,상해없음,보행자,남,53세,중상
133,2021021900100121,2021년 2월 19일 09시,금요일,전라남도 함평군 해보면,경상사고,0,0,1,0,차대사람 - 차도통행중,안전운전불이행,포장 - 건조,맑음,교차로 - 교차로부근,승용,남,80세,상해없음,보행자,여,75세,경상
134,2021021900100190,2021년 2월 19일 11시,금요일,전라남도 장흥군 장흥읍,중상사고,0,1,0,0,차대사람 - 횡단중,보행자보호의무위반,포장 - 건조,맑음,교차로 - 교차로안,승용,남,52세,상해없음,보행자,여,85세,중상
135,2021021900100235,2021년 2월 19일 12시,금요일,전라남도 여수시 미평동,중상사고,0,1,0,0,차대사람 - 기타,안전운전불이행,포장 - 건조,맑음,단일로 - 기타,승용,여,61세,상해없음,보행자,여,62세,중상
136,2021021900100359,2021년 2월 19일 15시,금요일,전라남도 광양시 중동,중상사고,0,2,0,0,차대사람 - 차도통행중,안전운전불이행,포장 - 건조,맑음,교차로 - 교차로안,승용,여,52세,상해없음,보행자,여,47세,중상
137,2021021900100417,2021년 2월 19일 16시,금요일,전라남도 나주시 산포면,경상사고,0,0,1,0,차대사람 - 기타,안전운전불이행,포장 - 건조,맑음,단일로 - 기타,화물,남,68세,상해없음,보행자,여,86세,경상
138,2021021900100649,2021년 2월 19일 21시,금요일,전라남도 여수시 문수동,중상사고,0,1,0,0,차대사람 - 길가장자리구역통행중,안전운전불이행,포장 - 건조,맑음,단일로 - 기타,승용,여,51세,상해없음,보행자,남,49세,중상
139,2021021900100731,2021년 2월 19일 23시,금요일,전라남도 광양시 마동,경상사고,0,0,1,0,차대사람 - 횡단중,보행자보호의무위반,포장 - 건조,맑음,교차로 - 교차로횡단보도내,승용,여,63세,상해없음,보행자,여,26세,경상
140,2021022000100463,2021년 2월 20일 20시,토요일,전라남도 여수시 여서동,중상사고,0,1,0,0,차대사람 - 횡단중,안전운전불이행,포장 - 건조,맑음,단일로 - 기타,승용,남,74세,상해없음,보행자,남,53세,중상
141,2021022000100550,2021년 2월 20일 23시,토요일,전라남도 해남군 문내면,중상사고,0,2,0,0,차대사람 - 기타,안전운전불이행,포장 - 건조,기타,기타 - 기타,화물,남,42세,상해없음,보행자,남,56세,중상
142,2021022100100336,2021년 2월 21일 19시,일요일,전라남도 순천시 매곡동,경상사고,0,0,1,0,차대사람 - 차도통행중,안전운전불이행,포장 - 건조,맑음,교차로 - 교차로안,화물,남,65세,상해없음,보행자,여,61세,경상
143,2021022200100328,2021년 2월 22일 15시,월요일,전라남도 여수시 돌산읍,경상사고,0,0,1,0,차대사람 - 횡단중,안전운전불이행,포장 - 건조,맑음,교차로 - 교차로안,화물,남,47세,상해없음,보행자,여,80세,경상
144,2021022300100041,2021년 2월 23일 06시,화요일,전라남도 목포시 상동,중상사고,0,2,0,0,차대사람 - 기타,신호위반,포장 - 건조,맑음,교차로 - 교차로안,승용,여,60세,상해없음,보행자,여,58세,중상
145,2021022300100137,2021년 2월 23일 10시,화요일,전라남도 여수시 학동,경상사고,0,0,1,0,차대사람 - 기타,안전운전불이행,포장 - 건조,맑음,교차로 - 교차로안,승용,남,24세,상해없음,보행자,여,38세,경상
146,2021022300100167,2021년 2월 23일 11시,화요일,전라남도 영광군 영광읍,중상사고,0,1,0,0,차대사람 - 횡단중,과속,포장 - 건조,맑음,단일로 - 기타,승용,남,22세,상해없음,보행자,여,62세,중상
147,2021022300100169,2021년 2월 23일 11시,화요일,전라남도 완도군 노화읍,경상사고,0,0,1,0,차대사람 - 기타,안전운전불이행,비포장 - 건조,맑음,기타 - 기타,건설기계,남,47세,상해없음,보행자,남,49세,경상
148,2021022300100389,2021년 2월 23일 17시,화요일,전라남도 순천시 매곡동,경상사고,0,0,1,0,차대사람 - 횡단중,안전운전불이행,포장 - 건조,맑음,단일로 - 기타,화물,남,60세,상해없음,보행자,남,23세,경상
149,2021022400100419,2021년 2월 24일 19시,수요일,전라남도 여수시 돌산읍,중상사고,0,1,0,0,차대사람 - 횡단중,안전운전불이행,포장 - 건조,맑음,단일로 - 기타,화물,남,50세,상해없음,보행자,남,70세,중상
150,2021022500100051,2021년 2월 25일 06시,목요일,전라남도 목포시 용당동,중상사고,0,1,0,0,차대사람 - 횡단중,안전운전불이행,포장 - 건조,맑음,교차로 - 교차로부근,승용,여,59세,상해없음,보행자,여,77세,중상
151,2021022500100052,2021년 2월 25일 06시,목요일,전라남도 순천시 동외동,사망사고,1,0,0,0,차대사람 - 횡단중,보행자보호의무위반,포장 - 건조,흐림,단일로 - 기타,승용,남,44세,상해없음,보행자,남,76세,사망
152,2021022500100107,2021년 2월 25일 09시,목요일,전라남도 함평군 신광면,중상사고,0,1,0,0,차대사람 - 기타,기타,포장 - 젖음/습기,비,기타 - 기타,승합,남,61세,상해없음,보행자,여,79세,중상
153,2021022500100119,2021년 2월 25일 10시,목요일,전라남도 순천시 풍덕동,중상사고,0,1,0,0,차대사람 - 횡단중,안전운전불이행,포장 - 건조,맑음,교차로 - 교차로횡단보도내,화물,남,73세,상해없음,보행자,여,74세,중상
154,2021022500100222,2021년 2월 25일 14시,목요일,전라남도 여수시 문수동,경상사고,0,0,1,0,차대사람 - 횡단중,보행자보호의무위반,포장 - 젖음/습기,흐림,교차로 - 교차로부근,승용,여,68세,상해없음,보행자,여,60세,경상
155,2021022500100364,2021년 2월 25일 18시,목요일,전라남도 영암군 삼호읍,경상사고,0,0,2,0,차대사람 - 횡단중,안전운전불이행,포장 - 젖음/습기,비,단일로 - 기타,승용,여,72세,상해없음,보행자,남,46세,경상
156,2021022500100448,2021년 2월 25일 20시,목요일,전라남도 순천시 조례동,경상사고,0,0,1,0,차대사람 - 기타,안전운전불이행,포장 - 건조,맑음,기타 - 기타,승용,여,39세,상해없음,보행자,남,56세,경상
157,2021022500100474,2021년 2월 25일 21시,목요일,전라남도 목포시 산정동,중상사고,0,1,0,0,차대사람 - 기타,안전운전불이행,포장 - 젖음/습기,비,기타 - 기타,화물,남,57세,상해없음,보행자,남,51세,중상
158,2021022500100525,2021년 2월 25일 23시,목요일,전라남도 목포시 석현동,중상사고,0,1,0,0,차대사람 - 기타,안전운전불이행,포장 - 젖음/습기,비,단일로 - 기타,승용,남,23세,상해없음,보행자,남,59세,중상
159,2021022600100112,2021년 2월 26일 09시,금요일,전라남도 여수시 학동,경상사고,0,0,1,0,차대사람 - 횡단중,안전운전불이행,포장 - 건조,맑음,교차로 - 교차로안,승용,남,40세,상해없음,보행자,여,58세,경상
160,2021022600100115,2021년 2월 26일 09시,금요일,전라남도 해남군 해남읍,중상사고,0,1,0,0,차대사람 - 기타,안전운전불이행,포장 - 건조,맑음,기타 - 기타,화물,남,66세,상해없음,보행자,남,80세,중상
161,2021022600100143,2021년 2월 26일 10시,금요일,전라남도 영광군 법성면,중상사고,0,1,0,0,차대사람 - 횡단중,보행자보호의무위반,포장 - 건조,맑음,단일로 - 기타,화물,남,72세,상해없음,보행자,여,82세,중상
162,2021022600100208,2021년 2월 26일 12시,금요일,전라남도 여수시 돌산읍,중상사고,0,1,0,0,차대사람 - 기타,기타,포장 - 건조,맑음,교차로 - 교차로부근,승합,남,53세,상해없음,보행자,여,92세,중상
163,2021022600100436,2021년 2월 26일 18시,금요일,전라남도 목포시 옥암동,경상사고,0,0,1,0,차대사람 - 기타,보행자보호의무위반,포장 - 건조,맑음,교차로 - 교차로부근,승용,여,46세,상해없음,보행자,남,10세,경상
164,2021022600100438,2021년 2월 26일 18시,금요일,전라남도 순천시 조례동,경상사고,0,0,1,0,차대사람 - 기타,안전운전불이행,포장 - 건조,맑음,단일로 - 기타,기타불명,기타불명,미분류,기타불명,보행자,남,25세,경상
165,2021022700100302,2021년 2월 27일 15시,토요일,전라남도 화순군 화순읍,중상사고,0,1,0,0,차대사람 - 보도통행중,보행자보호의무위반,포장 - 건조,맑음,교차로 - 교차로횡단보도내,승용,여,38세,상해없음,보행자,여,56세,중상
166,2021022700100356,2021년 2월 27일 17시,토요일,전라남도 여수시 국동,경상사고,0,0,1,0,차대사람 - 기타,안전운전불이행,포장 - 건조,맑음,단일로 - 기타,승용,여,25세,상해없음,보행자,남,37세,경상
167,2021022700100435,2021년 2월 27일 19시,토요일,전라남도 곡성군 죽곡면,중상사고,0,1,1,0,차대사람 - 횡단중,안전운전불이행,포장 - 건조,맑음,교차로 - 교차로안,화물,여,55세,경상,보행자,남,15세,중상
168,2021022800100306,2021년 2월 28일 19시,일요일,전라남도 무안군 해제면,중상사고,0,1,0,0,차대사람 - 기타,안전운전불이행,포장 - 건조,기타,단일로 - 교량,승용,남,60세,상해없음,보행자,남,48세,중상
169,2021030100100032,2021년 3월 1일 05시,월요일,전라남도 목포시 호남동,중상사고,0,1,0,0,차대사람 - 횡단중,안전운전불이행,포장 - 젖음/습기,비,기타 - 기타,승용,남,74세,상해없음,보행자,여,57세,중상
170,2021030100100044,2021년 3월 1일 07시,월요일,전라남도 순천시 해룡면,중상사고,0,1,0,0,차대사람 - 기타,안전운전불이행,포장 - 건조,맑음,교차로 - 교차로안,화물,남,48세,상해없음,보행자,여,60세,중상
171,2021030100100148,2021년 3월 1일 14시,월요일,전라남도 여수시 봉산동,경상사고,0,0,1,0,차대사람 - 횡단중,보행자보호의무위반,포장 - 젖음/습기,비,단일로 - 기타,승용,남,49세,상해없음,보행자,여,65세,경상
172,2021030100100175,2021년 3월 1일 15시,월요일,전라남도 순천시 풍덕동,경상사고,0,0,1,0,차대사람 - 횡단중,신호위반,포장 - 젖음/습기,비,교차로 - 교차로횡단보도내,승용,여,35세,상해없음,보행자,남,19세,경상
173,2021030100100288,2021년 3월 1일 18시,월요일,전라남도 고흥군 고흥읍,경상사고,0,0,1,0,차대사람 - 기타,안전운전불이행,포장 - 젖음/습기,비,주차장 - 주차장,승용,남,78세,상해없음,보행자,남,51세,경상
174,2021030100100339,2021년 3월 1일 19시,월요일,전라남도 여수시 여서동,경상사고,0,0,1,0,차대사람 - 길가장자리구역통행중,안전운전불이행,포장 - 젖음/습기,흐림,단일로 - 기타,승용,남,56세,상해없음,보행자,남,51세,경상
175,2021030100100373,2021년 3월 1일 20시,월요일,전라남도 순천시 조곡동,경상사고,0,0,1,0,차대사람 - 차도통행중,안전운전불이행,포장 - 건조,맑음,기타 - 기타,승용,남,29세,상해없음,보행자,남,56세,경상
176,2021030200100020,2021년 3월 2일 04시,화요일,전라남도 여수시 둔덕동,사망사고,1,0,0,0,차대사람 - 차도통행중,안전운전불이행,포장 - 건조,맑음,단일로 - 기타,화물,여,59세,상해없음,보행자,여,81세,사망
177,2021030200100165,2021년 3월 2일 11시,화요일,전라남도 여수시 학동,경상사고,0,0,1,0,차대사람 - 길가장자리구역통행중,안전운전불이행,포장 - 건조,맑음,기타 - 기타,승용,여,54세,상해없음,보행자,여,51세,경상