,사고번호,사고일시,요일,시군구,사고내용,사망자수,중상자수,경상자수,부상신고자수,사고유형,법규위반,노면상태,기상상태,도로형태,가해운전자 차종,가해운전자 성별,가해운전자 연령,가해운전자 상해정도,피해운전자 차종,피해운전자 성별,피해운전자 연령,피해운전자 상해정도
178,2021030200100219,2021년 3월 2일 13시,화요일,전라남도 순천시 조곡동,경상사고,0,0,1,0,차대사람 - 기타,안전운전불이행,포장 - 건조,맑음,단일로 - 기타,건설기계,남,55세,상해없음,보행자,여,86세,경상
179,2021030200100220,2021년 3월 2일 13시,화요일,전라남도 나주시 산포면,경상사고,0,0,1,0,차대사람 - 기타,안전운전불이행,포장 - 건조,맑음,단일로 - 기타,화물,남,36세,상해없음,보행자,남,62세,경상
180,2021030200100314,2021년 3월 2일 16시,화요일,전라남도 구례군 산동면,중상사고,0,1,0,0,차대사람 - 횡단중,안전운전불이행,포장 - 건조,맑음,단일로 - 기타,승합,남,49세,상해없음,보행자,여,67세,중상
181,2021030200100390,2021년 3월 2일 18시,화요일,전라남도 화순군 화순읍,중상사고,0,1,0,0,차대사람 - 횡단중,안전운전불이행,포장 - 건조,맑음,단일로 - 기타,승용,남,52세,상해없음,보행자,남,19세,중상
182,2021030200100508,2021년 3월 2일 22시,화요일,전라남도 순천시 해룡면,경상사고,0,0,1,0,차대사람 - 기타,안전운전불이행,포장 - 건조,맑음,기타 - 기타,자전거,남,47세,상해없음,보행자,여,48세,경상
183,2021030300100129,2021년 3월 3일 09시,수요일,전라남도 신안군 자은면,경상사고,0,0,1,0,차대사람 - 기타,안전운전불이행,포장 - 기타,맑음,단일로 - 기타,승용,남,77세,상해없음,보행자,남,60세,경상
184,2021030300100183,2021년 3월 3일 11시,수요일,전라남도 순천시 연향동,경상사고,0,0,1,0,차대사람 - 기타,안전운전불이행,포장 - 건조,맑음,단일로 - 기타,승용,남,46세,상해없음,보행자,남,30세,경상
185,2021030300100348,2021년 3월 3일 16시,수요일,전라남도 여수시 학동,중상사고,0,1,0,0,차대사람 - 차도통행중,안전운전불이행,포장 - 건조,맑음,단일로 - 기타,승용,여,27세,상해없음,보행자,여,79세,중상
186,2021030400100346,2021년 3월 4일 18시,목요일,전라남도 목포시 대성동,경상사고,0,0,1,0,차대사람 - 기타,안전운전불이행,포장 - 건조,맑음,교차로 - 교차로안,승용,여,49세,상해없음,보행자,여,63세,경상
187,2021030400100463,2021년 3월 4일 21시,목요일,전라남도 여수시 문수동,경상사고,0,0,1,0,차대사람 - 기타,안전운전불이행,포장 - 젖음/습기,비,교차로 - 교차로안,승용,남,33세,상해없음,보행자,여,25세,경상
188,2021030500100172,2021년 3월 5일 10시,금요일,전라남도 진도군 진도읍,사망사고,1,0,0,0,차대사람 - 횡단중,안전운전불이행,포장 - 건조,맑음,단일로 - 기타,화물,남,56세,상해없음,보행자,여,85세,사망
189,2021030500100200,2021년 3월 5일 11시,금요일,전라남도 목포시 용당동,경상사고,0,0,1,0,차대사람 - 기타,안전운전불이행,포장 - 건조,맑음,단일로 - 기타,화물,여,62세,상해없음,보행자,여,69세,경상
190,2021030500100400,2021년 3월 5일 17시,금요일,전라남도 강진군 강진읍,중상사고,0,1,0,0,차대사람 - 기타,안전운전불이행,포장 - 건조,맑음,교차로 - 교차로안,승용,남,41세,상해없음,보행자,여,84세,중상
191,2021030500100581,2021년 3월 5일 22시,금요일,전라남도 화순군 화순읍,경상사고,0,0,1,0,차대사람 - 횡단중,보행자보호의무위반,포장 - 건조,맑음,단일로 - 기타,승용,여,49세,상해없음,보행자,남,18세,경상
192,2021030600100362,2021년 3월 6일 18시,토요일,전라남도 광양시 중동,경상사고,0,0,1,0,차대사람 - 기타,안전운전불이행,포장 - 건조,맑음,기타 - 기타,개인형이동수단(PM),남,17세,상해없음,보행자,남,27세,경상
193,2021030700100061,2021년 3월 7일 10시,일요일,전라남도 구례군 문척면,경상사고,0,0,1,0,차대사람 - 기타,안전운전불이행,포장 - 건조,맑음,단일로 - 기타,승용,남,54세,상해없음,보행자,남,67세,경상
194,2021030700100306,2021년 3월 7일 19시,일요일,전라남도 장흥군 장흥읍,경상사고,0,0,1,0,차대사람 - 기타,안전운전불이행,포장 - 건조,흐림,단일로 - 기타,승용,남,65세,상해없음,보행자,남,45세,경상
195,2021030700100386,2021년 3월 7일 23시,일요일,전라남도 목포시 용당동,경상사고,0,0,1,0,차대사람 - 차도통행중,안전운전불이행,포장 - 건조,맑음,단일로 - 기타,이륜,남,17세,상해없음,보행자,남,51세,경상
196,2021030800100107,2021년 3월 8일 08시,월요일,전라남도 광양시 광양읍,경상사고,0,0,1,0,차대사람 - 길가장자리구역통행중,안전운전불이행,포장 - 건조,맑음,단일로 - 기타,승용,남,43세,상해없음,보행자,여,12세,경상
197,2021030800100232,2021년 3월 8일 12시,월요일,전라남도 해남군 황산면,중상사고,0,1,0,0,차대사람 - 횡단중,안전운전불이행,포장 - 건조,맑음,단일로 - 기타,화물,남,75세,상해없음,보행자,여,61세,중상
198,2021030800100327,2021년 3월 8일 15시,월요일,전라남도 장흥군 장흥읍,중상사고,0,1,1,0,차대사람 - 길가장자리구역통행중,안전운전불이행,포장 - 건조,맑음,단일로 - 기타,승용,남,71세,상해없음,보행자,여,22세,경상
199,2021030800100369,2021년 3월 8일 16시,월요일,전라남도 여수시 여서동,중상사고,0,1,0,0,차대사람 - 보도통행중,보행자보호의무위반,포장 - 건조,맑음,단일로 - 기타,승용,남,68세,상해없음,보행자,남,10세,중상
200,2021030800100451,2021년 3월 8일 18시,월요일,전라남도 해남군 화원면,중상사고,0,1,0,0,차대사람 - 기타,안전운전불이행,포장 - 건조,맑음,교차로 - 교차로안,승용,남,42세,기타불명,보행자,여,81세,중상
201,2021030800100595,2021년 3월 8일 23시,월요일,전라남도 목포시 상동,중상사고,0,1,0,0,차대사람 - 횡단중,보행자보호의무위반,포장 - 건조,맑음,단일로 - 기타,이륜,남,26세,상해없음,보행자,여,52세,중상
202,2021030900100161,2021년 3월 9일 11시,화요일,전라남도 목포시 용당동,경상사고,0,0,1,0,차대사람 - 기타,안전운전불이행,포장 - 건조,맑음,단일로 - 기타,화물,남,35세,상해없음,보행자,남,64세,경상
203,2021030900100163,2021년 3월 9일 11시,화요일,전라남도 광양시 광양읍,부상신고사고,0,0,0,1,차대사람 - 기타,안전운전불이행,포장 - 건조,맑음,기타 - 기타,기타불명,기타불명,미분류,기타불명,보행자,여,35세,부상신고
204,2021031000100016,2021년 3월 10일 01시,수요일,전라남도 담양군 창평면,중상사고,0,1,0,0,차대사람 - 횡단중,보행자보호의무위반,포장 - 건조,맑음,교차로 - 교차로횡단보도내,화물,남,71세,상해없음,보행자,남,86세,중상
205,2021031000100047,2021년 3월 10일 06시,수요일,전라남도 여수시 학동,중상사고,0,2,0,0,차대사람 - 횡단중,신호위반,포장 - 건조,맑음,교차로 - 교차로횡단보도내,승용,남,68세,상해없음,보행자,여,63세,중상
206,2021031100100115,2021년 3월 11일 09시,목요일,전라남도 광양시 광양읍,중상사고,0,1,0,0,차대사람 - 횡단중,보행자보호의무위반,포장 - 건조,맑음,교차로 - 교차로횡단보도내,승용,남,61세,상해없음,보행자,남,81세,중상
207,2021031100100359,2021년 3월 11일 17시,목요일,전라남도 여수시 서교동,경상사고,0,0,1,0,차대사람 - 길가장자리구역통행중,안전운전불이행,포장 - 건조,맑음,단일로 - 기타,승용,남,69세,상해없음,보행자,여,17세,경상
208,2021031200100194,2021년 3월 12일 12시,금요일,전라남도 목포시 상동,경상사고,0,0,1,0,차대사람 - 보도통행중,기타,포장 - 건조,맑음,기타 - 기타,화물,남,58세,상해없음,보행자,남,22세,경상
209,2021031200100332,2021년 3월 12일 16시,금요일,전라남도 목포시 상동,경상사고,0,0,1,0,차대사람 - 횡단중,안전운전불이행,포장 - 건조,맑음,기타 - 기타,승용,남,31세,상해없음,보행자,남,13세,경상
210,2021031200100471,2021년 3월 12일 19시,금요일,전라남도 무안군 삼향읍,경상사고,0,0,1,0,차대사람 - 기타,안전운전불이행,포장 - 건조,맑음,기타 - 기타,개인형이동수단(PM),남,12세,상해없음,보행자,남,25세,경상
211,2021031200100521,2021년 3월 12일 20시,금요일,전라남도 순천시 동외동,중상사고,0,1,0,0,차대사람 - 횡단중,안전운전불이행,포장 - 젖음/습기,비,단일로 - 기타,승용,여,57세,상해없음,보행자,남,70세,중상
212,2021031300100022,2021년 3월 13일 01시,토요일,전라남도 순천시 조례동,중상사고,0,1,0,0,차대사람 - 횡단중,안전운전불이행,포장 - 건조,맑음,단일로 - 기타,승용,여,58세,상해없음,보행자,남,24세,중상
213,2021031300100057,2021년 3월 13일 07시,토요일,전라남도 순천시 해룡면,경상사고,0,0,1,0,차대사람 - 횡단중,신호위반,포장 - 건조,맑음,교차로 - 교차로횡단보도내,화물,남,53세,상해없음,보행자,남,54세,경상
214,2021031300100196,2021년 3월 13일 12시,토요일,전라남도 장흥군 장흥읍,중상사고,0,1,0,0,차대사람 - 횡단중,보행자보호의무위반,포장 - 건조,맑음,교차로 - 교차로부근,화물,남,41세,상해없음,보행자,남,55세,중상
215,2021031300100199,2021년 3월 13일 12시,토요일,전라남도 완도군 완도읍,중상사고,0,1,0,0,차대사람 - 횡단중,안전운전불이행,포장 - 건조,맑음,단일로 - 기타,승용,여,61세,상해없음,보행자,남,3세,중상
216,2021031300100246,2021년 3월 13일 13시,토요일,전라남도 완도군 완도읍,중상사고,0,1,0,0,차대사람 - 횡단중,보행자보호의무위반,포장 - 건조,맑음,단일로 - 기타,화물,남,71세,상해없음,보행자,남,60세,중상
217,2021031300100309,2021년 3월 13일 15시,토요일,전라남도 구례군 광의면,경상사고,0,0,1,0,차대사람 - 기타,안전운전불이행,포장 - 건조,맑음,주차장 - 주차장,승용,여,29세,상해없음,보행자,남,52세,경상
218,2021031300100337,2021년 3월 13일 16시,토요일,전라남도 목포시 산정동,경상사고,0,0,1,0,차대사람 - 기타,안전운전불이행,포장 - 건조,맑음,단일로 - 기타,승용,여,57세,기타불명,보행자,여,7세,경상
219,2021031400100145,2021년 3월 14일 13시,일요일,전라남도 광양시 광양읍,중상사고,0,1,0,0,차대사람 - 횡단중,안전운전불이행,포장 - 건조,맑음,기타 - 기타,승합,남,42세,상해없음,보행자,남,10세,중상
220,2021031500100086,2021년 3월 15일 08시,월요일,전라남도 순천시 조례동,경상사고,0,0,1,0,차대사람 - 횡단중,보행자보호의무위반,포장 - 건조,맑음,교차로 - 교차로안,승용,여,69세,상해없음,보행자,남,22세,경상
221,2021031500100186,2021년 3월 15일 11시,월요일,전라남도 나주시 노안면,중상사고,0,1,0,0,차대사람 - 기타,안전운전불이행,포장 - 건조,맑음,기타 - 기타,화물,남,55세,상해없음,보행자,여,54세,중상
222,2021031500100236,2021년 3월 15일 13시,월요일,전라남도 광양시 광양읍,중상사고,0,1,0,0,차대사람 - 횡단중,안전운전불이행,포장 - 건조,맑음,단일로 - 기타,이륜,남,31세,상해없음,보행자,남,57세,중상
223,2021031500100378,2021년 3월 15일 17시,월요일,전라남도 함평군 손불면,경상사고,0,0,1,0,차대사람 - 기타,안전운전불이행,포장 - 건조,맑음,단일로 - 기타,화물,남,63세,상해없음,보행자,남,38세,경상
224,2021031600100114,2021년 3월 16일 08시,화요일,전라남도 화순군 화순읍,경상사고,0,0,1,0,차대사람 - 보도통행중,보행자보호의무위반,포장 - 젖음/습기,흐림,교차로 - 교차로부근,자전거,남,13세,상해없음,보행자,여,82세,경상
225,2021031600100241,2021년 3월 16일 12시,화요일,전라남도 나주시 금성동,중상사고,0,1,0,0,차대사람 - 보도통행중,안전운전불이행,포장 - 건조,맑음,단일로 - 기타,승용,남,58세,상해없음,보행자,남,84세,중상
226,2021031600100337,2021년 3월 16일 15시,화요일,전라남도 고흥군 도양읍,경상사고,0,0,1,0,차대사람 - 기타,안전운전불이행,포장 - 건조,맑음,교차로 - 교차로부근,승용,여,59세,상해없음,보행자,남,59세,경상
227,2021031600100370,2021년 3월 16일 16시,화요일,전라남도 여수시 문수동,경상사고,0,0,1,0,차대사람 - 횡단중,보행자보호의무위반,포장 - 건조,맑음,교차로 - 교차로안,승용,여,50세,상해없음,보행자,여,45세,경상
228,2021031700100306,2021년 3월 17일 15시,수요일,전라남도 여수시 학동,중상사고,0,1,1,0,차대사람 - 길가장자리구역통행중,안전운전불이행,포장 - 건조,맑음,교차로 - 교차로부근,승용,남,76세,상해없음,보행자,여,57세,경상
229,2021031700100428,2021년 3월 17일 18시,수요일,전라남도 목포시 옥암동,경상사고,0,0,1,0,차대사람 - 횡단중,보행자보호의무위반,포장 - 건조,맑음,교차로 - 교차로횡단보도내,승용,남,52세,상해없음,보행자,남,21세,경상
230,2021031700100505,2021년 3월 17일 20시,수요일,전라남도 무안군 무안읍,경상사고,0,0,1,0,차대사람 - 기타,안전운전불이행,포장 - 건조,맑음,단일로 - 기타,승용,여,32세,상해없음,보행자,여,78세,경상
231,2021031800100202,2021년 3월 18일 12시,목요일,전라남도 순천시 매곡동,중상사고,0,1,0,0,차대사람 - 횡단중,보행자보호의무위반,포장 - 건조,맑음,교차로 - 교차로횡단보도내,승용,여,66세,상해없음,보행자,여,69세,중상
232,2021031800100231,2021년 3월 18일 13시,목요일,전라남도 영암군 영암읍,경상사고,0,0,1,0,차대사람 - 기타,안전운전불이행,포장 - 건조,맑음,단일로 - 기타,승합,여,30세,상해없음,보행자,남,68세,경상
233,2021031800100266,2021년 3월 18일 14시,목요일,전라남도 목포시 산정동,경상사고,0,0,1,0,차대사람 - 기타,안전운전불이행,포장 - 건조,맑음,교차로 - 교차로안,승용,남,89세,상해없음,보행자,남,69세,경상
234,2021031800100268,2021년 3월 18일 14시,목요일,전라남도 진도군 고군면,중상사고,0,1,0,0,차대사람 - 기타,안전운전불이행,포장 - 건조,맑음,교차로 - 교차로안,승용,남,85세,상해없음,보행자,여,81세,중상
235,2021031800100368,2021년 3월 18일 17시,목요일,전라남도 여수시 봉계동,중상사고,0,1,0,0,차대사람 - 횡단중,보행자보호의무위반,포장 - 건조,맑음,단일로 - 기타,승용,여,35세,상해없음,보행자,여,10세,중상
236,2021031800100400,2021년 3월 18일 18시,목요일,전라남도 영암군 도포면,경상사고,0,0,1,0,차대사람 - 보도통행중,안전운전불이행,포장 - 건조,맑음,단일로 - 기타,농기계,남,61세,상해없음,보행자,남,71세,경상
237,2021031800100436,2021년 3월 18일 19시,목요일,전라남도 함평군 손불면,중상사고,0,1,0,0,차대사람 - 횡단중,안전운전불이행,포장 - 건조,맑음,단일로 - 기타,승용,여,35세,상해없음,보행자,남,78세,중상
238,2021031800100478,2021년 3월 18일 21시,목요일,전라남도 광양시 금호동,중상사고,0,1,0,0,차대사람 - 기타,보행자보호의무위반,포장 - 건조,기타,교차로 - 교차로안,승용,여,33세,상해없음,보행자,남,48세,중상
239,2021031900100033,2021년 3월 19일 05시,금요일,전라남도 순천시 덕암동,경상사고,0,0,1,0,차대사람 - 횡단중,신호위반,포장 - 건조,맑음,단일로 - 기타,승용,여,68세,상해없음,보행자,남,54세,경상
240,2021031900100256,2021년 3월 19일 13시,금요일,전라남도 해남군 황산면,경상사고,0,0,1,0,차대사람 - 횡단중,기타,포장 - 건조,맑음,교차로 - 교차로안,승용,남,81세,상해없음,보행자,여,80세,경상
241,2021031900100627,2021년 3월 19일 22시,금요일,전라남도 나주시 빛가람동,경상사고,0,0,1,0,차대사람 - 기타,안전운전불이행,포장 - 건조,맑음,기타 - 기타,승용,여,52세,상해없음,보행자,남,34세,경상
242,2021032000100205,2021년 3월 20일 13시,토요일,전라남도 여수시 선원동,중상사고,0,1,0,0,차대사람 - 기타,안전운전불이행,포장 - 건조,맑음,단일로 - 기타,이륜,남,42세,상해없음,보행자,여,68세,중상
243,2021032000100367,2021년 3월 20일 18시,토요일,전라남도 여수시 미평동,경상사고,0,0,1,0,차대사람 - 횡단중,보행자보호의무위반,포장 - 건조,맑음,교차로 - 교차로부근,승용,남,53세,상해없음,보행자,여,9세,경상
244,2021032000100438,2021년 3월 20일 20시,토요일,전라남도 광양시 중동,경상사고,0,0,1,0,차대사람 - 보도통행중,안전운전불이행,포장 - 건조,맑음,기타 - 기타,자전거,여,14세,상해없음,보행자,여,62세,경상
245,2021032100100113,2021년 3월 21일 12시,일요일,전라남도 구례군 구례읍,경상사고,0,0,1,0,차대사람 - 기타,안전운전불이행,포장 - 건조,맑음,단일로 - 기타,승용,여,59세,상해없음,보행자,남,45세,경상
246,2021032100100216,2021년 3월 21일 15시,일요일,전라남도 광양시 광영동,사망사고,1,0,0,0,차대사람 - 기타,안전운전불이행,포장 - 건조,맑음,교차로 - 교차로부근,승용,여,65세,상해없음,보행자,남,87세,사망
247,2021032200100325,2021년 3월 22일 15시,월요일,전라남도 신안군 압해읍,경상사고,0,0,1,0,차대사람 - 기타,안전운전불이행,포장 - 건조,맑음,단일로 - 기타,승용,여,37세,상해없음,보행자,여,57세,경상
248,2021032200100407,2021년 3월 22일 17시,월요일,전라남도 해남군 해남읍,중상사고,0,1,0,0,차대사람 - 횡단중,안전운전불이행,포장 - 건조,맑음,교차로 - 교차로부근,승용,남,57세,상해없음,보행자,남,10세,중상
249,2021032300100132,2021년 3월 23일 10시,화요일,전라남도 목포시 상동,사망사고,1,0,0,0,차대사람 - 횡단중,보행자보호의무위반,포장 - 건조,맑음,교차로 - 교차로횡단보도내,승용,남,49세,상해없음,보행자,남,77세,사망
250,2021032300100134,2021년 3월 23일 10시,화요일,전라남도 여수시 선원동,중상사고,0,1,0,0,차대사람 - 횡단중,안전운전불이행,포장 - 건조,맑음,교차로 - 교차로부근,승용,남,61세,상해없음,보행자,여,65세,중상
251,2021032300100225,2021년 3월 23일 13시,화요일,전라남도 목포시 상동,경상사고,0,0,1,0,차대사람 - 횡단중,보행자보호의무위반,포장 - 건조,맑음,교차로 - 교차로횡단보도내,승용,여,25세,상해없음,보행자,여,69세,경상
252,2021032300100226,2021년 3월 23일 13시,화요일,전라남도 영광군 영광읍,경상사고,0,0,1,0,차대사람 - 횡단중,보행자보호의무위반,포장 - 건조,맑음,교차로 - 교차로횡단보도내,화물,남,55세,상해없음,보행자,여,69세,경상
253,2021032300100228,2021년 3월 23일 13시,화요일,전라남도 진도군 진도읍,중상사고,0,1,0,0,차대사람 - 차도통행중,안전운전불이행,포장 - 건조,맑음,교차로 - 교차로안,승용,여,51세,상해없음,보행자,여,45세,중상
254,2021032300100347,2021년 3월 23일 16시,화요일,전라남도 해남군 북일면,중상사고,0,2,0,0,차대사람 - 횡단중,안전운전불이행,포장 - 건조,맑음,단일로 - 기타,이륜,남,81세,중상,보행자,여,71세,중상
255,2021032300100525,2021년 3월 23일 21시,화요일,전라남도 여수시 여서동,중상사고,0,1,0,0,차대사람 - 기타,안전운전불이행,포장 - 건조,맑음,주차장 - 주차장,개인형이동수단(PM),여,17세,상해없음,보행자,남,69세,중상
256,2021032400100387,2021년 3월 24일 17시,수요일,전라남도 장흥군 대덕읍,경상사고,0,0,1,0,차대사람 - 기타,안전운전불이행,포장 - 건조,맑음,단일로 - 기타,승용,여,31세,상해없음,보행자,남,4세,경상
257,2021032400100431,2021년 3월 24일 18시,수요일,전라남도 여수시 여서동,경상사고,0,0,1,0,차대사람 - 차도통행중,안전운전불이행,포장 - 건조,맑음,교차로 - 교차로안,화물,남,51세,상해없음,보행자,여,66세,경상
258,2021032400100474,2021년 3월 24일 19시,수요일,전라남도 영광군 영광읍,중상사고,0,1,0,0,차대사람 - 차도통행중,안전운전불이행,포장 - 건조,맑음,단일로 - 기타,화물,남,37세,상해없음,보행자,여,58세,중상
259,2021032500100211,2021년 3월 25일 12시,목요일,전라남도 광양시 광양읍,중상사고,0,1,0,0,차대사람 - 차도통행중,안전운전불이행,포장 - 건조,맑음,교차로 - 교차로안,화물,남,48세,상해없음,보행자,남,66세,중상
260,2021032600100040,2021년 3월 26일 06시,금요일,전라남도 목포시 용해동,사망사고,1,0,0,0,차대사람 - 횡단중,신호위반,포장 - 건조,기타,교차로 - 교차로부근,승용,남,46세,상해없음,보행자,남,88세,사망
261,2021032600100134,2021년 3월 26일 09시,금요일,전라남도 고흥군 동강면,경상사고,0,0,1,0,차대사람 - 차도통행중,안전운전불이행,포장 - 건조,맑음,단일로 - 기타,화물,남,69세,상해없음,보행자,여,91세,경상
262,2021032600100330,2021년 3월 26일 15시,금요일,전라남도 여수시 선원동,경상사고,0,0,1,0,차대사람 - 횡단중,신호위반,포장 - 건조,맑음,교차로 - 교차로안,승용,여,66세,상해없음,보행자,남,9세,경상
263,2021032600100331,2021년 3월 26일 15시,금요일,전라남도 여수시 여서동,중상사고,0,1,0,0,차대사람 - 기타,안전운전불이행,포장 - 건조,맑음,단일로 - 기타,승합,남,63세,상해없음,보행자,여,59세,중상
264,2021032600100469,2021년 3월 26일 18시,금요일,전라남도 여수시 여서동,경상사고,0,0,1,0,차대사람 - 횡단중,안전운전불이행,포장 - 건조,맑음,단일로 - 기타,이륜,남,22세,상해없음,보행자,남,17세,경상
265,2021032600100470,2021년 3월 26일 18시,금요일,전라남도 순천시 중앙동,중상사고,0,1,0,0,차대사람 - 횡단중,안전운전불이행,포장 - 건조,맑음,교차로 - 교차로안,승용,여,53세,상해없음,보행자,여,15세,중상
266,2021032600100557,2021년 3월 26일 20시,금요일,전라남도 순천시 연향동,경상사고,0,0,1,0,차대사람 - 횡단중,안전운전불이행,포장 - 건조,맑음,기타 - 기타,승용,남,23세,상해없음,보행자,남,25세,경상
267,2021032700100152,2021년 3월 27일 11시,토요일,전라남도 강진군 강진읍,경상사고,0,0,1,0,차대사람 - 기타,안전운전불이행,포장 - 젖음/습기,비,단일로 - 기타,화물,남,76세,상해없음,보행자,남,74세,경상
268,2021032700100594,2021년 3월 27일 21시,토요일,전라남도 여수시 신기동,중상사고,0,1,0,0,차대사람 - 횡단중,신호위반,포장 - 젖음/습기,비,교차로 - 교차로부근,승용,남,60세,상해없음,보행자,여,74세,중상
269,2021032800100069,2021년 3월 28일 05시,일요일,전라남도 여수시 문수동,사망사고,1,0,0,0,차대사람 - 기타,안전운전불이행,포장 - 젖음/습기,흐림,교차로 - 교차로안,승용,남,64세,상해없음,보행자,남,47세,사망
270,2021032900100106,2021년 3월 29일 08시,월요일,전라남도 목포시 상동,경상사고,0,0,1,0,차대사람 - 기타,안전운전불이행,포장 - 건조,맑음,단일로 - 기타,승용,여,23세,상해없음,보행자,남,11세,경상
271,2021032900100107,2021년 3월 29일 08시,월요일,전라남도 여수시 소호동,중상사고,0,1,0,0,차대사람 - 횡단중,보행자보호의무위반,포장 - 건조,맑음,교차로 - 교차로횡단보도내,승용,여,65세,상해없음,보행자,여,81세,중상
272,2021032900100142,2021년 3월 29일 09시,월요일,전라남도 여수시 중흥동,경상사고,0,0,1,0,차대사람 - 기타,안전운전불이행,포장 - 건조,맑음,단일로 - 기타,화물,남,56세,상해없음,보행자,남,49세,경상
273,2021033000100009,2021년 3월 30일 00시,화요일,전라남도 해남군 문내면,부상신고사고,0,0,0,1,차대사람 - 횡단중,불법유턴,포장 - 건조,맑음,단일로 - 기타,승용,남,19세,상해없음,보행자,남,23세,부상신고
274,2021033000100426,2021년 3월 30일 17시,화요일,전라남도 목포시 산정동,중상사고,0,1,0,0,차대사람 - 횡단중,신호위반,포장 - 건조,맑음,교차로 - 교차로안,승용,남,55세,상해없음,보행자,여,59세,중상
275,2021033000100481,2021년 3월 30일 18시,화요일,전라남도 여수시 문수동,중상사고,0,1,0,0,차대사람 - 차도통행중,안전운전불이행,포장 - 건조,맑음,교차로 - 교차로안,승용,여,24세,기타불명,보행자,여,25세,중상
276,2021033100100036,2021년 3월 31일 05시,수요일,전라남도 여수시 봉산동,중상사고,0,1,0,0,차대사람 - 횡단중,안전운전불이행,포장 - 건조,맑음,교차로 - 교차로횡단보도내,이륜,남,40세,기타불명,보행자,여,80세,중상
277,2021033100100256,2021년 3월 31일 13시,수요일,전라남도 영광군 묘량면,경상사고,0,0,1,0,차대사람 - 기타,안전운전불이행,포장 - 건조,맑음,단일로 - 기타,승용,남,33세,상해없음,보행자,남,53세,경상
278,2021033100100331,2021년 3월 31일 15시,수요일,전라남도 해남군 송지면,중상사고,0,1,0,0,차대사람 - 기타,안전운전불이행,포장 - 건조,맑음,기타 - 기타,화물,남,57세,상해없음,보행자,여,76세,중상
279,2021033100100537,2021년 3월 31일 20시,수요일,전라남도 광양시 중동,경상사고,0,0,1,0,차대사람 - 기타,안전운전불이행,포장 - 건조,맑음,교차로 - 교차로안,승용,여,44세,상해없음,보행자,남,52세,경상
280,2021040100100047,2021년 4월 1일 06시,목요일,전라남도 보성군 벌교읍,경상사고,0,0,1,0,차대사람 - 횡단중,안전운전불이행,포장 - 건조,맑음,교차로 - 교차로부근,승합,남,57세,상해없음,보행자,여,48세,경상
281,2021040100100527,2021년 4월 1일 19시,목요일,전라남도 장흥군 장흥읍,경상사고,0,0,1,0,차대사람 - 차도통행중,안전운전불이행,포장 - 건조,맑음,교차로 - 교차로안,화물,남,52세,상해없음,보행자,여,71세,경상
282,2021040100100562,2021년 4월 1일 20시,목요일,전라남도 순천시 해룡면,경상사고,0,0,1,0,차대사람 - 기타,안전운전불이행,포장 - 건조,맑음,단일로 - 기타,승용,남,21세,상해없음,보행자,남,24세,경상
283,2021040100100564,2021년 4월 1일 20시,목요일,전라남도 고흥군 금산면,중상사고,0,1,0,0,차대사람 - 기타,안전운전불이행,포장 - 젖음/습기,흐림,단일로 - 기타,승용,남,47세,상해없음,보행자,남,62세,중상
284,2021040100100616,2021년 4월 1일 22시,목요일,전라남도 순천시 해룡면,경상사고,0,0,1,0,차대사람 - 기타,안전운전불이행,포장 - 건조,맑음,교차로 - 교차로부근,이륜,남,17세,상해없음,보행자,남,48세,경상
285,2021040200100268,2021년 4월 2일 13시,금요일,전라남도 여수시 문수동,경상사고,0,0,1,0,차대사람 - 횡단중,보행자보호의무위반,포장 - 건조,맑음,교차로 - 교차로횡단보도내,승용,남,63세,상해없음,보행자,여,42세,경상
286,2021040200100377,2021년 4월 2일 16시,금요일,전라남도 광양시 중동,중상사고,0,1,0,0,차대사람 - 횡단중,보행자보호의무위반,포장 - 건조,맑음,교차로 - 교차로안,승용,남,31세,상해없음,보행자,여,60세,중상
287,2021040200100590,2021년 4월 2일 21시,금요일,전라남도 여수시 소라면,사망사고,1,0,0,0,차대사람 - 차도통행중,안전운전불이행,포장 - 건조,맑음,단일로 - 기타,승용,남,39세,상해없음,보행자,남,55세,사망
288,2021040200100592,2021년 4월 2일 21시,금요일,전라남도 무안군 청계면,중상사고,0,1,0,0,차대사람 - 기타,안전운전불이행,포장 - 건조,기타,교차로 - 교차로안,승용,남,51세,상해없음,보행자,여,22세,중상
289,2021040300100381,2021년 4월 3일 17시,토요일,전라남도 여수시 신기동,경상사고,0,0,1,0,차대사람 - 길가장자리구역통행중,안전운전불이행,포장 - 젖음/습기,비,단일로 - 기타,승용,여,53세,상해없음,보행자,여,37세,경상
290,2021040300100453,2021년 4월 3일 19시,토요일,전라남도 여수시 서교동,경상사고,0,0,1,0,차대사람 - 횡단중,안전운전불이행,포장 - 젖음/습기,비,단일로 - 기타,이륜,남,62세,상해없음,보행자,남,58세,경상