,사고번호,사고일시,요일,시군구,사고내용,사망자수,중상자수,경상자수,부상신고자수,사고유형,법규위반,노면상태,기상상태,도로형태,가해운전자 차종,가해운전자 성별,가해운전자 연령,가해운전자 상해정도,피해운전자 차종,피해운전자 성별,피해운전자 연령,피해운전자 상해정도
519,2021061000100387,2021년 6월 10일 16시,목요일,전라남도 순천시 풍덕동,경상사고,0,0,1,0,차대사람 - 기타,안전운전불이행,포장 - 건조,맑음,기타 - 기타,승용,여,38세,상해없음,보행자,남,7세,경상
520,2021061000100485,2021년 6월 10일 18시,목요일,전라남도 강진군 강진읍,부상신고사고,0,0,0,1,차대사람 - 횡단중,안전운전불이행,포장 - 젖음/습기,흐림,단일로 - 기타,승용,여,47세,상해없음,보행자,여,3세,부상신고
521,2021061100100417,2021년 6월 11일 17시,금요일,전라남도 해남군 해남읍,경상사고,0,0,1,0,차대사람 - 차도통행중,안전운전불이행,포장 - 건조,맑음,기타 - 기타,화물,남,87세,상해없음,보행자,남,5세,경상
522,2021061100100468,2021년 6월 11일 18시,금요일,전라남도 여수시 교동,경상사고,0,0,1,0,차대사람 - 기타,안전운전불이행,포장 - 건조,맑음,단일로 - 기타,승용,남,75세,상해없음,보행자,여,16세,경상
523,2021061100100518,2021년 6월 11일 19시,금요일,전라남도 무안군 청계면,중상사고,0,1,0,0,차대사람 - 횡단중,안전운전불이행,포장 - 건조,맑음,교차로 - 교차로안,화물,남,70세,상해없음,보행자,여,79세,중상
524,2021061200100487,2021년 6월 12일 18시,토요일,전라남도 여수시 문수동,경상사고,0,0,1,0,차대사람 - 차도통행중,안전운전불이행,포장 - 건조,맑음,단일로 - 기타,승용,남,48세,상해없음,보행자,남,30세,경상
525,2021061300100421,2021년 6월 13일 20시,일요일,전라남도 순천시 서면,중상사고,0,1,0,0,차대사람 - 보도통행중,안전운전불이행,포장 - 건조,맑음,기타 - 기타,승용,남,47세,상해없음,보행자,여,71세,중상
526,2021061400100274,2021년 6월 14일 13시,월요일,전라남도 여수시 교동,경상사고,0,0,1,0,차대사람 - 차도통행중,안전운전불이행,포장 - 건조,맑음,단일로 - 기타,승용,남,71세,상해없음,보행자,여,59세,경상
527,2021061400100355,2021년 6월 14일 15시,월요일,전라남도 여수시 문수동,경상사고,0,0,1,0,차대사람 - 차도통행중,안전운전불이행,포장 - 건조,맑음,단일로 - 기타,승용,여,25세,상해없음,보행자,남,62세,경상
528,2021061400100579,2021년 6월 14일 22시,월요일,전라남도 무안군 해제면,경상사고,0,0,1,0,차대사람 - 기타,안전운전불이행,포장 - 건조,맑음,기타 - 기타,승합,기타불명,미분류,기타불명,보행자,남,47세,경상
529,2021061500100109,2021년 6월 15일 09시,화요일,전라남도 영암군 학산면,경상사고,0,0,1,0,차대사람 - 기타,안전운전불이행,포장 - 젖음/습기,비,단일로 - 기타,승용,여,54세,기타불명,보행자,여,76세,경상
530,2021061500100176,2021년 6월 15일 11시,화요일,전라남도 목포시 산정동,경상사고,0,0,1,0,차대사람 - 차도통행중,안전운전불이행,포장 - 젖음/습기,비,단일로 - 기타,승용,남,26세,상해없음,보행자,남,67세,경상
531,2021061600100028,2021년 6월 16일 04시,수요일,전라남도 순천시 인제동,중상사고,0,1,0,0,차대사람 - 횡단중,안전운전불이행,포장 - 건조,맑음,교차로 - 교차로부근,승용,남,61세,상해없음,보행자,여,69세,중상
532,2021061600100104,2021년 6월 16일 08시,수요일,전라남도 순천시 조례동,중상사고,0,1,0,0,차대사람 - 횡단중,교차로운행방법위반,포장 - 건조,맑음,교차로 - 교차로안,승용,여,38세,상해없음,보행자,남,56세,중상
533,2021061600100106,2021년 6월 16일 08시,수요일,전라남도 나주시 송월동,경상사고,0,0,1,0,차대사람 - 횡단중,안전운전불이행,포장 - 건조,맑음,교차로 - 교차로안,승용,남,58세,상해없음,보행자,남,76세,경상
534,2021061600100305,2021년 6월 16일 14시,수요일,전라남도 나주시 빛가람동,경상사고,0,0,1,0,차대사람 - 보도통행중,안전운전불이행,포장 - 건조,맑음,단일로 - 기타,자전거,남,13세,상해없음,보행자,남,7세,경상
535,2021061600100476,2021년 6월 16일 18시,수요일,전라남도 순천시 연향동,경상사고,0,0,1,0,차대사람 - 횡단중,중앙선침범,포장 - 건조,맑음,단일로 - 터널,승용,여,40세,상해없음,보행자,남,6세,경상
536,2021061700100489,2021년 6월 17일 20시,목요일,전라남도 여수시 교동,중상사고,0,1,0,0,차대사람 - 횡단중,보행자보호의무위반,포장 - 젖음/습기,흐림,교차로 - 교차로횡단보도내,승용,남,39세,상해없음,보행자,여,45세,중상
537,2021061800100145,2021년 6월 18일 10시,금요일,전라남도 여수시 충무동,중상사고,0,1,0,0,차대사람 - 횡단중,보행자보호의무위반,포장 - 젖음/습기,흐림,교차로 - 교차로부근,승용,여,58세,상해없음,보행자,남,73세,중상
538,2021061800100175,2021년 6월 18일 11시,금요일,전라남도 여수시 학동,경상사고,0,0,1,0,차대사람 - 기타,안전운전불이행,포장 - 건조,맑음,단일로 - 기타,승용,남,48세,상해없음,보행자,남,72세,경상
539,2021061800100235,2021년 6월 18일 13시,금요일,전라남도 화순군 화순읍,중상사고,0,1,0,0,차대사람 - 횡단중,안전운전불이행,포장 - 젖음/습기,흐림,단일로 - 기타,승용,남,76세,상해없음,보행자,남,62세,중상
540,2021061800100561,2021년 6월 18일 22시,금요일,전라남도 화순군 화순읍,경상사고,0,0,1,0,차대사람 - 보도통행중,안전운전불이행,포장 - 건조,맑음,교차로 - 교차로횡단보도내,승용,여,40세,상해없음,보행자,여,45세,경상
541,2021061900100311,2021년 6월 19일 14시,토요일,전라남도 곡성군 곡성읍,중상사고,0,1,0,0,차대사람 - 기타,안전운전불이행,포장 - 건조,맑음,단일로 - 기타,승용,여,28세,상해없음,보행자,남,39세,중상
542,2021061900100359,2021년 6월 19일 15시,토요일,전라남도 담양군 담양읍,경상사고,0,0,1,0,차대사람 - 횡단중,안전운전불이행,포장 - 건조,맑음,교차로 - 교차로안,승용,남,83세,상해없음,보행자,남,88세,경상
543,2021062000100187,2021년 6월 20일 13시,일요일,전라남도 순천시 조례동,경상사고,0,0,2,0,차대사람 - 횡단중,보행자보호의무위반,포장 - 건조,맑음,단일로 - 기타,이륜,남,27세,상해없음,보행자,여,66세,경상
544,2021062100100592,2021년 6월 21일 20시,월요일,전라남도 순천시 조례동,경상사고,0,0,1,0,차대사람 - 차도통행중,안전운전불이행,포장 - 건조,맑음,기타 - 기타,승용,남,26세,상해없음,보행자,여,65세,경상
545,2021062200100097,2021년 6월 22일 08시,화요일,전라남도 목포시 대성동,경상사고,0,0,1,0,차대사람 - 기타,안전운전불이행,포장 - 건조,맑음,교차로 - 교차로부근,승용,여,55세,상해없음,보행자,여,80세,경상
546,2021062200100098,2021년 6월 22일 08시,화요일,전라남도 보성군 보성읍,중상사고,0,1,0,0,차대사람 - 차도통행중,보행자보호의무위반,포장 - 건조,맑음,단일로 - 기타,승용,여,45세,상해없음,보행자,여,14세,중상
547,2021062200100132,2021년 6월 22일 09시,화요일,전라남도 함평군 함평읍,중상사고,0,1,0,0,차대사람 - 횡단중,안전운전불이행,포장 - 건조,맑음,교차로 - 교차로안,화물,남,59세,상해없음,보행자,여,67세,중상
548,2021062200100202,2021년 6월 22일 11시,화요일,전라남도 무안군 삼향읍,경상사고,0,0,1,0,차대사람 - 보도통행중,보행자보호의무위반,포장 - 건조,맑음,기타 - 기타,승용,남,37세,상해없음,보행자,여,21세,경상
549,2021062200100341,2021년 6월 22일 15시,화요일,전라남도 목포시 호남동,중상사고,0,1,0,0,차대사람 - 기타,안전운전불이행,포장 - 건조,맑음,단일로 - 기타,승용,남,62세,상해없음,보행자,여,4세,중상
550,2021062200100343,2021년 6월 22일 15시,화요일,전라남도 순천시 연향동,경상사고,0,0,1,0,차대사람 - 기타,안전운전불이행,포장 - 건조,맑음,단일로 - 기타,승용,여,45세,상해없음,보행자,남,30세,경상
551,2021062200100457,2021년 6월 22일 18시,화요일,전라남도 순천시 연향동,중상사고,0,1,0,0,차대사람 - 차도통행중,과속,포장 - 건조,맑음,교차로 - 교차로횡단보도내,승용,남,24세,상해없음,보행자,여,29세,중상
552,2021062200100484,2021년 6월 22일 19시,화요일,전라남도 순천시 해룡면,경상사고,0,0,1,0,차대사람 - 기타,안전운전불이행,포장 - 건조,맑음,단일로 - 기타,승용,남,62세,상해없음,보행자,여,51세,경상
553,2021062300100079,2021년 6월 23일 08시,수요일,전라남도 장흥군 장흥읍,경상사고,0,0,1,0,차대사람 - 기타,안전운전불이행,포장 - 건조,맑음,단일로 - 기타,승용,여,27세,상해없음,보행자,남,23세,경상
554,2021062300100537,2021년 6월 23일 22시,수요일,전라남도 광양시 중동,경상사고,0,0,1,0,차대사람 - 차도통행중,안전운전불이행,포장 - 건조,맑음,교차로 - 교차로부근,승용,남,60세,상해없음,보행자,남,52세,경상
555,2021062400100638,2021년 6월 24일 22시,목요일,전라남도 해남군 해남읍,중상사고,0,1,0,0,차대사람 - 기타,안전운전불이행,포장 - 건조,맑음,단일로 - 기타,승용,남,54세,상해없음,보행자,여,14세,중상
556,2021062500100041,2021년 6월 25일 06시,금요일,전라남도 무안군 현경면,중상사고,0,1,0,0,차대사람 - 기타,안전운전불이행,포장 - 건조,맑음,교차로 - 교차로안,승용,남,61세,상해없음,보행자,여,68세,중상
557,2021062500100063,2021년 6월 25일 07시,금요일,전라남도 보성군 웅치면,중상사고,0,1,0,0,차대사람 - 횡단중,안전운전불이행,포장 - 건조,맑음,교차로 - 교차로안,승용,여,67세,상해없음,보행자,여,77세,중상
558,2021062500100097,2021년 6월 25일 08시,금요일,전라남도 여수시 국동,경상사고,0,0,1,0,차대사람 - 기타,안전운전불이행,포장 - 건조,맑음,단일로 - 기타,승용,남,62세,상해없음,보행자,남,48세,경상
559,2021062500100279,2021년 6월 25일 13시,금요일,전라남도 담양군 담양읍,중상사고,0,1,0,0,차대사람 - 기타,기타,포장 - 건조,맑음,단일로 - 기타,화물,남,60세,상해없음,보행자,여,77세,중상
560,2021062500100467,2021년 6월 25일 17시,금요일,전라남도 순천시 조례동,경상사고,0,0,2,0,차대사람 - 횡단중,보행자보호의무위반,포장 - 건조,맑음,단일로 - 기타,승용,여,46세,상해없음,보행자,여,35세,경상
561,2021062600100015,2021년 6월 26일 00시,토요일,전라남도 여수시 학동,경상사고,0,0,1,0,차대사람 - 길가장자리구역통행중,안전운전불이행,포장 - 건조,맑음,단일로 - 기타,승용,남,55세,상해없음,보행자,남,29세,경상
562,2021062600100016,2021년 6월 26일 00시,토요일,전라남도 순천시 해룡면,경상사고,0,0,1,0,차대사람 - 횡단중,보행자보호의무위반,포장 - 건조,맑음,교차로 - 교차로횡단보도내,승용,남,55세,상해없음,보행자,여,24세,경상
563,2021062600100098,2021년 6월 26일 08시,토요일,전라남도 여수시 중앙동,경상사고,0,0,1,0,차대사람 - 횡단중,안전운전불이행,포장 - 건조,맑음,교차로 - 교차로안,승용,여,32세,상해없음,보행자,남,81세,경상
564,2021062600100313,2021년 6월 26일 14시,토요일,전라남도 함평군 손불면,중상사고,0,1,0,0,차대사람 - 기타,안전운전불이행,포장 - 건조,맑음,단일로 - 기타,농기계,남,49세,상해없음,보행자,남,76세,중상
565,2021062600100347,2021년 6월 26일 15시,토요일,전라남도 광양시 옥룡면,경상사고,0,0,1,0,차대사람 - 차도통행중,안전운전불이행,포장 - 건조,맑음,단일로 - 기타,기타불명,기타불명,미분류,기타불명,보행자,여,78세,경상
566,2021062600100594,2021년 6월 26일 22시,토요일,전라남도 여수시 학동,중상사고,0,1,0,0,차대사람 - 횡단중,안전운전불이행,포장 - 건조,맑음,교차로 - 교차로부근,승용,남,71세,상해없음,보행자,남,58세,중상
567,2021062700100249,2021년 6월 27일 14시,일요일,전라남도 담양군 담양읍,중상사고,0,1,0,0,차대사람 - 기타,보행자보호의무위반,포장 - 건조,맑음,교차로 - 교차로안,원동기,남,35세,상해없음,보행자,여,77세,중상
568,2021062700100435,2021년 6월 27일 20시,일요일,전라남도 고흥군 도양읍,중상사고,0,1,0,0,차대사람 - 기타,안전운전불이행,포장 - 건조,맑음,단일로 - 기타,이륜,남,47세,상해없음,보행자,여,61세,중상
569,2021062700100462,2021년 6월 27일 21시,일요일,전라남도 광양시 중동,경상사고,0,0,1,0,차대사람 - 횡단중,보행자보호의무위반,포장 - 건조,맑음,교차로 - 교차로부근,승용,남,51세,상해없음,보행자,여,21세,상해없음
570,2021062800100183,2021년 6월 28일 10시,월요일,전라남도 여수시 교동,중상사고,0,1,0,0,차대사람 - 횡단중,안전운전불이행,포장 - 건조,맑음,단일로 - 기타,이륜,남,27세,상해없음,보행자,여,82세,중상
571,2021062800100212,2021년 6월 28일 11시,월요일,전라남도 영암군 군서면,중상사고,0,1,0,0,차대사람 - 기타,안전운전불이행,포장 - 건조,맑음,단일로 - 기타,승용,여,61세,상해없음,보행자,여,72세,중상
572,2021062800100328,2021년 6월 28일 14시,월요일,전라남도 여수시 신기동,경상사고,0,0,1,0,차대사람 - 기타,안전운전불이행,포장 - 건조,맑음,단일로 - 기타,승용,남,61세,상해없음,보행자,여,75세,경상
573,2021062800100329,2021년 6월 28일 14시,월요일,전라남도 여수시 웅천동,경상사고,0,0,1,0,차대사람 - 보도통행중,안전운전불이행,포장 - 건조,맑음,단일로 - 기타,개인형이동수단(PM),남,23세,상해없음,보행자,여,28세,경상
574,2021062800100370,2021년 6월 28일 15시,월요일,전라남도 광양시 광양읍,중상사고,0,1,0,0,차대사람 - 횡단중,보행자보호의무위반,포장 - 건조,맑음,단일로 - 기타,승용,여,54세,상해없음,보행자,남,83세,중상
575,2021062800100418,2021년 6월 28일 16시,월요일,전라남도 화순군 화순읍,경상사고,0,0,1,0,차대사람 - 기타,안전운전불이행,포장 - 젖음/습기,비,단일로 - 기타,승용,남,45세,상해없음,보행자,여,28세,경상
576,2021062800100455,2021년 6월 28일 17시,월요일,전라남도 영광군 영광읍,경상사고,0,0,1,0,차대사람 - 길가장자리구역통행중,안전운전불이행,포장 - 건조,맑음,단일로 - 기타,승용,여,69세,기타불명,보행자,남,12세,경상
577,2021062800100456,2021년 6월 28일 17시,월요일,전라남도 강진군 강진읍,중상사고,0,1,0,0,차대사람 - 횡단중,안전운전불이행,포장 - 젖음/습기,맑음,교차로 - 교차로안,승합,남,56세,상해없음,보행자,여,70세,중상
578,2021062800100583,2021년 6월 28일 20시,월요일,전라남도 여수시 봉산동,중상사고,0,1,0,0,차대사람 - 횡단중,보행자보호의무위반,포장 - 건조,맑음,교차로 - 교차로안,승용,여,62세,상해없음,보행자,여,62세,중상
579,2021062800100633,2021년 6월 28일 22시,월요일,전라남도 영광군 영광읍,사망사고,1,0,0,0,차대사람 - 차도통행중,안전운전불이행,포장 - 건조,맑음,단일로 - 기타,승용,남,59세,상해없음,보행자,남,57세,사망
580,2021062900100020,2021년 6월 29일 03시,화요일,전라남도 장성군 황룡면,중상사고,0,1,0,0,차대사람 - 차도통행중,안전운전불이행,포장 - 건조,맑음,단일로 - 기타,화물,남,22세,상해없음,보행자,남,45세,중상
581,2021062900100060,2021년 6월 29일 07시,화요일,전라남도 영암군 미암면,경상사고,0,0,1,0,차대사람 - 차도통행중,안전운전불이행,포장 - 건조,맑음,단일로 - 기타,승용,여,74세,상해없음,보행자,여,39세,경상
582,2021062900100164,2021년 6월 29일 10시,화요일,전라남도 순천시 남내동,경상사고,0,0,1,0,차대사람 - 차도통행중,안전운전불이행,포장 - 건조,맑음,단일로 - 기타,화물,남,60세,상해없음,보행자,남,71세,경상
583,2021062900100547,2021년 6월 29일 19시,화요일,전라남도 나주시 빛가람동,경상사고,0,0,1,0,차대사람 - 횡단중,안전운전불이행,포장 - 건조,맑음,단일로 - 기타,승용,남,23세,상해없음,보행자,여,17세,경상
584,2021063000100135,2021년 6월 30일 09시,수요일,전라남도 구례군 구례읍,중상사고,0,1,0,0,차대사람 - 기타,안전운전불이행,포장 - 건조,맑음,단일로 - 기타,이륜,여,85세,상해없음,보행자,여,86세,중상
585,2021063000100233,2021년 6월 30일 12시,수요일,전라남도 목포시 산정동,중상사고,0,1,0,0,차대사람 - 기타,안전운전불이행,포장 - 건조,맑음,단일로 - 기타,승용,여,53세,상해없음,보행자,여,62세,중상
586,2021063000100400,2021년 6월 30일 16시,수요일,전라남도 진도군 진도읍,부상신고사고,0,0,0,1,차대사람 - 차도통행중,안전운전불이행,포장 - 건조,맑음,교차로 - 교차로안,승용,여,29세,상해없음,보행자,여,14세,부상신고
587,2021063000100498,2021년 6월 30일 18시,수요일,전라남도 목포시 산정동,경상사고,0,0,1,0,차대사람 - 기타,안전운전불이행,포장 - 건조,맑음,단일로 - 기타,승용,여,38세,상해없음,보행자,여,14세,경상
588,2021063000100587,2021년 6월 30일 21시,수요일,전라남도 순천시 해룡면,경상사고,0,0,1,0,차대사람 - 기타,안전운전불이행,포장 - 건조,맑음,기타 - 기타,자전거,남,40세,상해없음,보행자,여,60세,경상
589,2021070100100170,2021년 7월 1일 10시,목요일,전라남도 여수시 여서동,경상사고,0,0,1,0,차대사람 - 기타,안전운전불이행,포장 - 건조,맑음,단일로 - 기타,승용,여,54세,상해없음,보행자,남,66세,경상
590,2021070100100345,2021년 7월 1일 15시,목요일,전라남도 해남군 해남읍,경상사고,0,0,1,0,차대사람 - 차도통행중,안전운전불이행,포장 - 건조,맑음,단일로 - 기타,승용,남,52세,상해없음,보행자,여,6세,경상
591,2021070100100377,2021년 7월 1일 16시,목요일,전라남도 여수시 연등동,경상사고,0,0,1,0,차대사람 - 기타,안전운전불이행,포장 - 건조,맑음,교차로 - 교차로안,승용,남,35세,상해없음,보행자,남,54세,경상
592,2021070100100421,2021년 7월 1일 17시,목요일,전라남도 여수시 봉산동,경상사고,0,0,1,0,차대사람 - 차도통행중,교차로운행방법위반,포장 - 건조,맑음,교차로 - 교차로안,승용,여,65세,상해없음,보행자,남,84세,경상
593,2021070200100007,2021년 7월 2일 00시,금요일,전라남도 여수시 화장동,중상사고,0,1,0,0,차대사람 - 횡단중,신호위반,포장 - 건조,맑음,교차로 - 교차로횡단보도내,승용,여,53세,상해없음,보행자,여,24세,중상
594,2021070200100235,2021년 7월 2일 12시,금요일,전라남도 장성군 남면,중상사고,0,1,0,0,차대사람 - 길가장자리구역통행중,교차로운행방법위반,포장 - 건조,맑음,교차로 - 교차로안,승용,여,63세,상해없음,보행자,여,80세,중상
595,2021070200100660,2021년 7월 2일 21시,금요일,전라남도 나주시 남평읍,부상신고사고,0,0,0,1,차대사람 - 기타,안전운전불이행,포장 - 건조,맑음,단일로 - 기타,기타불명,기타불명,미분류,기타불명,보행자,남,83세,부상신고
596,2021070200100697,2021년 7월 2일 22시,금요일,전라남도 강진군 강진읍,중상사고,0,1,0,0,차대사람 - 차도통행중,안전운전불이행,포장 - 건조,맑음,단일로 - 기타,승용,남,29세,상해없음,보행자,여,39세,중상
597,2021070300100018,2021년 7월 3일 01시,토요일,전라남도 여수시 선원동,경상사고,0,0,1,0,차대사람 - 기타,안전운전불이행,포장 - 건조,맑음,주차장 - 주차장,승용,남,30세,상해없음,보행자,남,49세,경상
598,2021070300100324,2021년 7월 3일 15시,토요일,전라남도 여수시 신기동,경상사고,0,0,1,0,차대사람 - 차도통행중,안전운전불이행,포장 - 젖음/습기,비,교차로 - 교차로부근,승용,남,44세,상해없음,보행자,남,48세,경상
599,2021070400100017,2021년 7월 4일 00시,일요일,전라남도 무안군 청계면,사망사고,1,0,0,0,차대사람 - 기타,안전운전불이행,포장 - 젖음/습기,비,단일로 - 기타,승용,남,65세,상해없음,보행자,남,65세,사망
600,2021070400100100,2021년 7월 4일 09시,일요일,전라남도 해남군 옥천면,경상사고,0,0,1,0,차대사람 - 기타,안전운전불이행,포장 - 기타,맑음,기타 - 기타,화물,남,59세,상해없음,보행자,여,75세,경상
601,2021070400100212,2021년 7월 4일 14시,일요일,전라남도 여수시 문수동,경상사고,0,0,1,0,차대사람 - 횡단중,보행자보호의무위반,포장 - 건조,맑음,교차로 - 교차로횡단보도내,승합,남,55세,상해없음,보행자,남,24세,경상
602,2021070400100400,2021년 7월 4일 20시,일요일,전라남도 목포시 상동,경상사고,0,0,1,0,차대사람 - 기타,안전운전불이행,포장 - 건조,맑음,교차로 - 교차로부근,승용,남,23세,상해없음,보행자,남,51세,경상
603,2021070500100334,2021년 7월 5일 15시,월요일,전라남도 순천시 조례동,경상사고,0,0,1,0,차대사람 - 차도통행중,안전운전불이행,포장 - 젖음/습기,흐림,단일로 - 기타,승용,여,63세,상해없음,보행자,남,29세,경상
604,2021070500100454,2021년 7월 5일 18시,월요일,전라남도 순천시 연향동,경상사고,0,0,1,0,차대사람 - 횡단중,보행자보호의무위반,포장 - 젖음/습기,비,단일로 - 기타,승용,여,26세,상해없음,보행자,남,6세,경상
605,2021070500100455,2021년 7월 5일 18시,월요일,전라남도 화순군 화순읍,경상사고,0,0,1,0,차대사람 - 보도통행중,기타,포장 - 젖음/습기,비,교차로 - 교차로부근,승용,남,68세,상해없음,보행자,남,64세,경상
606,2021070500100577,2021년 7월 5일 22시,월요일,전라남도 목포시 상동,경상사고,0,0,1,0,차대사람 - 기타,안전운전불이행,포장 - 젖음/습기,비,교차로 - 교차로횡단보도내,승용,남,55세,상해없음,보행자,남,59세,경상
607,2021070600100140,2021년 7월 6일 09시,화요일,전라남도 여수시 남면,중상사고,0,1,0,0,차대사람 - 차도통행중,안전운전불이행,포장 - 젖음/습기,비,단일로 - 기타,화물,남,69세,상해없음,보행자,여,44세,중상
608,2021070600100157,2021년 7월 6일 10시,화요일,전라남도 순천시 인월동,중상사고,0,1,0,0,차대사람 - 기타,안전운전불이행,포장 - 건조,맑음,교차로 - 교차로부근,승용,여,63세,상해없음,보행자,여,79세,중상
609,2021070600100398,2021년 7월 6일 17시,화요일,전라남도 영광군 영광읍,경상사고,0,0,1,0,차대사람 - 횡단중,보행자보호의무위반,포장 - 젖음/습기,비,교차로 - 교차로횡단보도내,승용,남,56세,상해없음,보행자,여,42세,경상
610,2021070600100510,2021년 7월 6일 20시,화요일,전라남도 여수시 화장동,중상사고,0,1,0,0,차대사람 - 횡단중,신호위반,포장 - 젖음/습기,흐림,교차로 - 교차로횡단보도내,승용,여,51세,상해없음,보행자,여,56세,중상
611,2021070700100159,2021년 7월 7일 10시,수요일,전라남도 여수시 봉산동,경상사고,0,0,1,0,차대사람 - 횡단중,보행자보호의무위반,포장 - 건조,맑음,교차로 - 교차로횡단보도내,승용,남,61세,상해없음,보행자,남,61세,경상
612,2021070700100160,2021년 7월 7일 10시,수요일,전라남도 고흥군 과역면,사망사고,1,0,0,0,차대사람 - 기타,안전운전불이행,포장 - 젖음/습기,흐림,단일로 - 기타,화물,남,52세,상해없음,보행자,여,73세,사망
613,2021070700100461,2021년 7월 7일 18시,수요일,전라남도 장성군 장성읍,중상사고,0,1,0,0,차대사람 - 차도통행중,안전운전불이행,포장 - 건조,맑음,단일로 - 기타,승용,남,78세,상해없음,보행자,남,55세,중상
614,2021070700100510,2021년 7월 7일 19시,수요일,전라남도 화순군 이서면,중상사고,0,1,0,0,차대사람 - 기타,안전운전불이행,포장 - 건조,맑음,단일로 - 기타,승용,여,49세,상해없음,보행자,남,19세,중상
615,2021070800100096,2021년 7월 8일 08시,목요일,전라남도 화순군 화순읍,경상사고,0,0,1,0,차대사람 - 기타,기타,포장 - 젖음/습기,비,단일로 - 기타,승합,남,62세,상해없음,보행자,여,86세,경상
616,2021070800100245,2021년 7월 8일 12시,목요일,전라남도 목포시 산정동,경상사고,0,0,1,0,차대사람 - 차도통행중,안전운전불이행,포장 - 건조,맑음,교차로 - 교차로부근,승용,남,24세,상해없음,보행자,남,6세,경상
617,2021070900100322,2021년 7월 9일 15시,금요일,전라남도 완도군 노화읍,경상사고,0,0,1,0,차대사람 - 기타,안전운전불이행,포장 - 건조,맑음,단일로 - 기타,승용,남,71세,상해없음,보행자,여,51세,경상
618,2021070900100456,2021년 7월 9일 18시,금요일,전라남도 여수시 선원동,경상사고,0,0,1,0,차대사람 - 횡단중,신호위반,포장 - 건조,맑음,단일로 - 기타,승합,남,61세,상해없음,보행자,여,20세,경상
619,2021070900100572,2021년 7월 9일 21시,금요일,전라남도 목포시 용당동,경상사고,0,0,1,0,차대사람 - 기타,안전운전불이행,포장 - 건조,맑음,단일로 - 기타,기타불명,기타불명,미분류,기타불명,보행자,남,20세,경상
620,2021070900100611,2021년 7월 9일 22시,금요일,전라남도 목포시 상동,경상사고,0,0,1,0,차대사람 - 기타,안전운전불이행,포장 - 건조,맑음,단일로 - 기타,승용,여,21세,상해없음,보행자,여,24세,경상
621,2021071000100537,2021년 7월 10일 20시,토요일,전라남도 나주시 왕곡면,사망사고,1,0,0,0,차대사람 - 횡단중,안전운전불이행,포장 - 건조,맑음,교차로 - 교차로안,승용,남,64세,상해없음,보행자,여,78세,사망
622,2021071100100072,2021년 7월 11일 10시,일요일,전라남도 함평군 함평읍,경상사고,0,0,1,0,차대사람 - 기타,안전운전불이행,포장 - 건조,흐림,단일로 - 기타,화물,남,59세,상해없음,보행자,여,72세,경상
623,2021071100100150,2021년 7월 11일 13시,일요일,전라남도 무안군 청계면,경상사고,0,0,1,0,차대사람 - 기타,보행자보호의무위반,포장 - 건조,맑음,교차로 - 교차로안,승용,남,49세,상해없음,보행자,여,22세,경상
624,2021071100100394,2021년 7월 11일 22시,일요일,전라남도 나주시 산포면,중상사고,0,1,0,0,차대사람 - 횡단중,안전운전불이행,포장 - 건조,맑음,단일로 - 기타,승용,남,28세,상해없음,보행자,남,72세,중상
625,2021071200100102,2021년 7월 12일 09시,월요일,전라남도 여수시 남산동,경상사고,0,0,1,0,차대사람 - 기타,안전운전불이행,포장 - 건조,맑음,단일로 - 기타,승용,여,50세,상해없음,보행자,남,79세,경상
626,2021071200100129,2021년 7월 12일 10시,월요일,전라남도 여수시 공화동,중상사고,0,2,0,0,차대사람 - 횡단중,보행자보호의무위반,포장 - 건조,맑음,교차로 - 교차로안,승합,남,61세,상해없음,보행자,남,72세,중상
627,2021071200100131,2021년 7월 12일 10시,월요일,전라남도 광양시 중동,중상사고,0,1,0,0,차대사람 - 차도통행중,안전운전불이행,포장 - 건조,맑음,교차로 - 교차로안,개인형이동수단(PM),남,23세,상해없음,보행자,여,61세,중상
628,2021071200100273,2021년 7월 12일 14시,월요일,전라남도 장성군 삼계면,중상사고,0,1,0,0,차대사람 - 차도통행중,안전운전불이행,포장 - 건조,맑음,단일로 - 기타,화물,남,66세,상해없음,보행자,여,83세,중상
629,2021071200100414,2021년 7월 12일 17시,월요일,전라남도 나주시 대호동,경상사고,0,0,1,0,차대사람 - 횡단중,신호위반,포장 - 건조,맑음,교차로 - 교차로안,화물,남,58세,상해없음,보행자,여,22세,경상
630,2021071200100537,2021년 7월 12일 21시,월요일,전라남도 광양시 광양읍,부상신고사고,0,0,0,1,차대사람 - 기타,안전운전불이행,포장 - 건조,맑음,단일로 - 기타,승용,여,27세,상해없음,보행자,남,61세,부상신고
631,2021071200100560,2021년 7월 12일 22시,월요일,전라남도 화순군 화순읍,중상사고,0,1,0,0,차대사람 - 보도통행중,신호위반,포장 - 건조,맑음,교차로 - 교차로횡단보도내,이륜,남,16세,상해없음,보행자,여,48세,중상