,사고번호,사고일시,요일,시군구,사고내용,사망자수,중상자수,경상자수,부상신고자수,사고유형,법규위반,노면상태,기상상태,도로형태,가해운전자 차종,가해운전자 성별,가해운전자 연령,가해운전자 상해정도,피해운전자 차종,피해운전자 성별,피해운전자 연령,피해운전자 상해정도
972,2021101000100120,2021년 10월 10일 11시,일요일,전라남도 목포시 무안동,중상사고,0,1,0,0,차대사람 - 횡단중,안전운전불이행,포장 - 건조,맑음,교차로 - 교차로부근,승합,여,59세,상해없음,보행자,여,79세,중상
973,2021101000100446,2021년 10월 10일 20시,일요일,전라남도 여수시 율촌면,부상신고사고,0,0,0,1,차대사람 - 횡단중,안전운전불이행,포장 - 젖음/습기,흐림,단일로 - 기타,화물,남,51세,상해없음,보행자,남,55세,부상신고
974,2021101000100520,2021년 10월 10일 22시,일요일,전라남도 여수시 주삼동,경상사고,0,0,1,0,차대사람 - 기타,안전운전불이행,포장 - 건조,맑음,단일로 - 기타,승용,남,56세,상해없음,보행자,남,48세,경상
975,2021101100100077,2021년 10월 11일 09시,월요일,전라남도 장흥군 장흥읍,중상사고,0,1,0,0,차대사람 - 길가장자리구역통행중,안전운전불이행,포장 - 건조,맑음,단일로 - 기타,승용,남,66세,상해없음,보행자,여,81세,중상
976,2021101100100301,2021년 10월 11일 16시,월요일,전라남도 화순군 화순읍,중상사고,0,1,0,0,차대사람 - 횡단중,보행자보호의무위반,포장 - 젖음/습기,비,교차로 - 교차로안,승용,남,25세,상해없음,보행자,남,47세,중상
977,2021101100100424,2021년 10월 11일 19시,월요일,전라남도 목포시 옥암동,중상사고,0,1,0,0,차대사람 - 기타,안전운전불이행,포장 - 젖음/습기,흐림,교차로 - 교차로안,승용,남,36세,상해없음,보행자,남,55세,중상
978,2021101100100425,2021년 10월 11일 19시,월요일,전라남도 보성군 보성읍,경상사고,0,0,2,0,차대사람 - 길가장자리구역통행중,안전운전불이행,포장 - 젖음/습기,비,단일로 - 기타,승용,남,65세,상해없음,보행자,남,18세,경상
979,2021101100100429,2021년 10월 11일 19시,월요일,전라남도 진도군 임회면,경상사고,0,0,1,0,차대사람 - 횡단중,신호위반,포장 - 젖음/습기,흐림,교차로 - 교차로안,승용,남,59세,상해없음,보행자,남,36세,경상
980,2021101200100002,2021년 10월 12일 00시,화요일,전라남도 장성군 황룡면,중상사고,0,1,0,0,차대사람 - 기타,안전운전불이행,포장 - 젖음/습기,비,단일로 - 기타,승용,남,51세,상해없음,보행자,남,56세,중상
981,2021101200100132,2021년 10월 12일 09시,화요일,전라남도 여수시 선원동,경상사고,0,0,1,0,차대사람 - 횡단중,안전운전불이행,포장 - 건조,맑음,교차로 - 교차로안,승용,여,22세,상해없음,보행자,남,77세,경상
982,2021101200100279,2021년 10월 12일 14시,화요일,전라남도 순천시 가곡동,경상사고,0,0,1,0,차대사람 - 기타,안전운전불이행,포장 - 건조,맑음,단일로 - 기타,승용,여,40세,상해없음,보행자,여,51세,경상
983,2021101200100345,2021년 10월 12일 16시,화요일,전라남도 여수시 문수동,경상사고,0,0,1,0,차대사람 - 보도통행중,보행자보호의무위반,포장 - 건조,맑음,단일로 - 기타,승용,여,61세,상해없음,보행자,남,8세,경상
984,2021101200100381,2021년 10월 12일 17시,화요일,전라남도 무안군 삼향읍,중상사고,0,1,0,0,차대사람 - 기타,안전운전불이행,포장 - 건조,맑음,교차로 - 교차로부근,화물,남,33세,상해없음,보행자,남,72세,중상
985,2021101300100034,2021년 10월 13일 06시,수요일,전라남도 목포시 산정동,사망사고,1,0,0,0,차대사람 - 차도통행중,안전운전불이행,포장 - 건조,맑음,단일로 - 기타,승용,남,77세,상해없음,보행자,여,81세,사망
986,2021101300100162,2021년 10월 13일 10시,수요일,전라남도 순천시 덕암동,경상사고,0,0,1,0,차대사람 - 기타,보행자보호의무위반,포장 - 건조,맑음,교차로 - 교차로안,승용,여,23세,상해없음,보행자,여,44세,경상
987,2021101300100164,2021년 10월 13일 10시,수요일,전라남도 광양시 광양읍,중상사고,0,1,0,0,차대사람 - 횡단중,보행자보호의무위반,포장 - 건조,맑음,단일로 - 기타,화물,남,53세,상해없음,보행자,여,61세,중상
988,2021101300100336,2021년 10월 13일 15시,수요일,전라남도 무안군 청계면,중상사고,0,1,0,0,차대사람 - 횡단중,신호위반,포장 - 건조,맑음,교차로 - 교차로횡단보도내,승용,여,60세,상해없음,보행자,남,27세,중상
989,2021101400100016,2021년 10월 14일 01시,목요일,전라남도 목포시 용당동,경상사고,0,0,1,0,차대사람 - 기타,안전운전불이행,포장 - 건조,기타,교차로 - 교차로안,승용,남,54세,상해없음,보행자,남,40세,경상
990,2021101400100117,2021년 10월 14일 08시,목요일,전라남도 강진군 강진읍,경상사고,0,0,1,0,차대사람 - 기타,안전운전불이행,포장 - 건조,맑음,단일로 - 기타,화물,남,65세,상해없음,보행자,여,54세,경상
991,2021101400100160,2021년 10월 14일 09시,목요일,전라남도 함평군 함평읍,중상사고,0,1,0,0,차대사람 - 길가장자리구역통행중,안전운전불이행,포장 - 건조,맑음,단일로 - 기타,승용,남,72세,상해없음,보행자,여,74세,중상
992,2021101400100226,2021년 10월 14일 11시,목요일,전라남도 고흥군 대서면,경상사고,0,0,1,0,차대사람 - 차도통행중,안전운전불이행,포장 - 건조,맑음,교차로 - 교차로안,승용,여,35세,상해없음,보행자,여,84세,경상
993,2021101400100507,2021년 10월 14일 18시,목요일,전라남도 무안군 운남면,사망사고,1,0,0,0,차대사람 - 차도통행중,안전운전불이행,포장 - 건조,맑음,단일로 - 기타,화물,남,31세,상해없음,보행자,여,80세,사망
994,2021101400100631,2021년 10월 14일 22시,목요일,전라남도 화순군 화순읍,중상사고,0,1,1,0,차대사람 - 횡단중,중앙선침범,포장 - 건조,맑음,교차로 - 교차로부근,이륜,남,19세,경상,보행자,남,53세,중상
995,2021101500100280,2021년 10월 15일 13시,금요일,전라남도 화순군 화순읍,경상사고,0,0,1,0,차대사람 - 기타,안전운전불이행,포장 - 건조,흐림,단일로 - 기타,승용,남,78세,상해없음,보행자,남,41세,경상
996,2021101500100344,2021년 10월 15일 15시,금요일,전라남도 여수시 봉산동,경상사고,0,0,1,0,차대사람 - 길가장자리구역통행중,안전운전불이행,포장 - 건조,맑음,단일로 - 기타,승용,남,60세,상해없음,보행자,남,71세,경상
997,2021101500100381,2021년 10월 15일 16시,금요일,전라남도 영광군 영광읍,중상사고,0,1,0,0,차대사람 - 횡단중,보행자보호의무위반,포장 - 건조,맑음,단일로 - 기타,승용,남,58세,상해없음,보행자,여,11세,중상
998,2021101500100471,2021년 10월 15일 18시,금요일,전라남도 여수시 여서동,경상사고,0,0,1,0,차대사람 - 기타,안전운전불이행,포장 - 건조,맑음,기타 - 기타,승합,남,63세,상해없음,보행자,여,76세,경상
999,2021101500100533,2021년 10월 15일 19시,금요일,전라남도 목포시 용당동,경상사고,0,0,1,0,차대사람 - 기타,안전운전불이행,포장 - 건조,맑음,단일로 - 기타,승용,남,54세,상해없음,보행자,남,59세,경상
1000,2021101500100608,2021년 10월 15일 21시,금요일,전라남도 목포시 산정동,경상사고,0,0,2,0,차대사람 - 기타,안전운전불이행,포장 - 젖음/습기,비,교차로 - 교차로안,승용,여,26세,상해없음,보행자,남,52세,경상
1001,2021101500100609,2021년 10월 15일 21시,금요일,전라남도 영암군 삼호읍,경상사고,0,0,1,0,차대사람 - 횡단중,보행자보호의무위반,포장 - 젖음/습기,흐림,교차로 - 교차로횡단보도내,화물,남,39세,상해없음,보행자,남,59세,경상
1002,2021101500100610,2021년 10월 15일 21시,금요일,전라남도 광양시 광양읍,경상사고,0,0,1,0,차대사람 - 횡단중,안전운전불이행,포장 - 젖음/습기,비,단일로 - 기타,승용,여,39세,상해없음,보행자,남,44세,경상
1003,2021101500100639,2021년 10월 15일 22시,금요일,전라남도 여수시 학동,중상사고,0,1,0,0,차대사람 - 차도통행중,안전운전불이행,포장 - 건조,맑음,교차로 - 교차로부근,화물,남,51세,상해없음,보행자,남,29세,중상
1004,2021101500100640,2021년 10월 15일 22시,금요일,전라남도 나주시 빛가람동,중상사고,0,1,1,0,차대사람 - 횡단중,안전운전불이행,포장 - 젖음/습기,비,교차로 - 교차로부근,이륜,남,29세,경상,보행자,여,48세,중상
1005,2021101500100675,2021년 10월 15일 23시,금요일,전라남도 완도군 완도읍,중상사고,0,1,0,0,차대사람 - 기타,안전운전불이행,포장 - 젖음/습기,비,교차로 - 교차로안,승용,남,31세,기타불명,보행자,여,24세,중상
1006,2021101600100116,2021년 10월 16일 09시,토요일,전라남도 목포시 행복동1가,중상사고,0,1,0,0,차대사람 - 기타,안전운전불이행,포장 - 젖음/습기,흐림,교차로 - 교차로부근,승용,남,63세,상해없음,보행자,여,67세,중상
1007,2021101600100166,2021년 10월 16일 11시,토요일,전라남도 완도군 완도읍,경상사고,0,0,1,0,차대사람 - 보도통행중,보행자보호의무위반,포장 - 젖음/습기,비,단일로 - 기타,화물,남,76세,상해없음,보행자,남,70세,경상
1008,2021101700100250,2021년 10월 17일 16시,일요일,전라남도 담양군 고서면,중상사고,0,1,0,0,차대사람 - 횡단중,안전운전불이행,포장 - 건조,맑음,단일로 - 기타,승용,남,68세,상해없음,보행자,여,43세,중상
1009,2021101800100116,2021년 10월 18일 08시,월요일,전라남도 목포시 산정동,경상사고,0,0,1,0,차대사람 - 차도통행중,안전운전불이행,포장 - 건조,맑음,교차로 - 교차로안,승용,남,45세,상해없음,보행자,여,66세,경상
1010,2021101800100415,2021년 10월 18일 16시,월요일,전라남도 나주시 영산동,경상사고,0,0,1,0,차대사람 - 기타,안전운전불이행,포장 - 건조,맑음,교차로 - 교차로부근,화물,남,62세,상해없음,보행자,여,66세,경상
1011,2021101900100110,2021년 10월 19일 09시,화요일,전라남도 고흥군 동강면,중상사고,0,1,0,0,차대사람 - 기타,안전운전불이행,포장 - 건조,맑음,단일로 - 기타,화물,남,53세,상해없음,보행자,남,50세,중상
1012,2021101900100139,2021년 10월 19일 10시,화요일,전라남도 보성군 벌교읍,중상사고,0,1,0,0,차대사람 - 기타,안전운전불이행,포장 - 건조,맑음,단일로 - 기타,화물,남,40세,상해없음,보행자,남,66세,중상
1013,2021101900100224,2021년 10월 19일 13시,화요일,전라남도 여수시 공화동,경상사고,0,0,1,0,차대사람 - 기타,안전운전불이행,포장 - 건조,맑음,단일로 - 기타,화물,남,44세,상해없음,보행자,남,60세,경상
1014,2021101900100258,2021년 10월 19일 14시,화요일,전라남도 여수시 공화동,경상사고,0,0,1,0,차대사람 - 횡단중,보행자보호의무위반,포장 - 건조,맑음,단일로 - 기타,승용,여,41세,상해없음,보행자,여,68세,경상
1015,2021101900100330,2021년 10월 19일 16시,화요일,전라남도 나주시 빛가람동,사망사고,1,0,0,0,차대사람 - 횡단중,안전운전불이행,포장 - 건조,맑음,교차로 - 교차로횡단보도내,승합,남,65세,상해없음,보행자,여,78세,사망
1016,2021101900100490,2021년 10월 19일 19시,화요일,전라남도 해남군 화원면,중상사고,0,1,0,0,차대사람 - 기타,안전운전불이행,포장 - 건조,맑음,단일로 - 기타,화물,남,60세,상해없음,보행자,남,28세,중상
1017,2021101900100492,2021년 10월 19일 19시,화요일,전라남도 무안군 삼향읍,중상사고,0,2,0,0,차대사람 - 기타,신호위반,포장 - 건조,기타,교차로 - 교차로안,승용,여,52세,상해없음,보행자,남,48세,중상
1018,2021102000100030,2021년 10월 20일 06시,수요일,전라남도 화순군 화순읍,중상사고,0,1,0,0,차대사람 - 횡단중,안전운전불이행,포장 - 건조,맑음,교차로 - 교차로안,승용,남,24세,상해없음,보행자,여,76세,중상
1019,2021102000100074,2021년 10월 20일 08시,수요일,전라남도 나주시 남평읍,경상사고,0,0,1,0,차대사람 - 기타,중앙선침범,포장 - 건조,맑음,단일로 - 기타,승용,여,68세,상해없음,보행자,남,41세,경상
1020,2021102000100215,2021년 10월 20일 12시,수요일,전라남도 여수시 고소동,중상사고,0,1,0,0,차대사람 - 기타,안전운전불이행,포장 - 건조,맑음,단일로 - 기타,화물,남,47세,상해없음,보행자,남,67세,중상
1021,2021102000100216,2021년 10월 20일 12시,수요일,전라남도 나주시 이창동,중상사고,0,1,0,0,차대사람 - 기타,안전운전불이행,포장 - 건조,맑음,교차로 - 교차로부근,승용,여,58세,상해없음,보행자,여,76세,중상
1022,2021102000100479,2021년 10월 20일 18시,수요일,전라남도 화순군 도곡면,경상사고,0,0,1,0,차대사람 - 기타,안전운전불이행,포장 - 건조,맑음,단일로 - 기타,승용,남,71세,상해없음,보행자,남,85세,경상
1023,2021102100100212,2021년 10월 21일 12시,목요일,전라남도 고흥군 과역면,중상사고,0,1,0,0,차대사람 - 기타,안전운전불이행,포장 - 건조,맑음,기타 - 기타,승용,남,83세,상해없음,보행자,여,58세,중상
1024,2021102100100287,2021년 10월 21일 14시,목요일,전라남도 화순군 도암면,경상사고,0,0,1,0,차대사람 - 기타,안전운전불이행,포장 - 건조,맑음,단일로 - 기타,화물,남,44세,상해없음,보행자,남,90세,경상
1025,2021102100100386,2021년 10월 21일 17시,목요일,전라남도 목포시 죽교동,중상사고,0,1,0,0,차대사람 - 기타,안전운전불이행,포장 - 건조,맑음,단일로 - 기타,화물,남,39세,상해없음,보행자,여,93세,중상
1026,2021102200100059,2021년 10월 22일 07시,금요일,전라남도 여수시 문수동,경상사고,0,0,1,0,차대사람 - 차도통행중,안전운전불이행,포장 - 건조,맑음,단일로 - 기타,승용,여,52세,상해없음,보행자,남,62세,경상
1027,2021102200100102,2021년 10월 22일 08시,금요일,전라남도 순천시 조례동,경상사고,0,0,1,0,차대사람 - 횡단중,보행자보호의무위반,포장 - 건조,맑음,교차로 - 교차로횡단보도내,화물,여,55세,상해없음,보행자,남,21세,경상
1028,2021102200100103,2021년 10월 22일 08시,금요일,전라남도 순천시 해룡면,경상사고,0,0,1,0,차대사람 - 기타,보행자보호의무위반,포장 - 건조,맑음,교차로 - 교차로횡단보도내,승용,여,49세,상해없음,보행자,남,29세,경상
1029,2021102200100216,2021년 10월 22일 11시,금요일,전라남도 여수시 국동,중상사고,0,1,0,0,차대사람 - 횡단중,보행자보호의무위반,포장 - 건조,맑음,교차로 - 교차로안,화물,남,52세,상해없음,보행자,여,75세,중상
1030,2021102200100218,2021년 10월 22일 11시,금요일,전라남도 순천시 덕월동,경상사고,0,0,1,0,차대사람 - 기타,안전운전불이행,포장 - 건조,맑음,교차로 - 교차로안,화물,남,45세,상해없음,보행자,여,80세,경상
1031,2021102200100259,2021년 10월 22일 12시,금요일,전라남도 해남군 마산면,중상사고,0,1,0,0,차대사람 - 기타,안전운전불이행,포장 - 건조,맑음,단일로 - 기타,화물,남,57세,상해없음,보행자,남,62세,중상
1032,2021102200100375,2021년 10월 22일 15시,금요일,전라남도 순천시 연향동,경상사고,0,0,1,0,차대사람 - 횡단중,안전운전불이행,포장 - 건조,맑음,기타 - 기타,승용,여,70세,상해없음,보행자,여,55세,경상
1033,2021102300100013,2021년 10월 23일 00시,토요일,전라남도 광양시 중동,경상사고,0,0,1,0,차대사람 - 차도통행중,안전운전불이행,포장 - 건조,맑음,기타 - 기타,승용,남,23세,상해없음,보행자,남,34세,경상
1034,2021102300100125,2021년 10월 23일 10시,토요일,전라남도 함평군 해보면,경상사고,0,0,1,0,차대사람 - 기타,안전운전불이행,포장 - 건조,맑음,교차로 - 교차로안,승용,남,74세,상해없음,보행자,여,69세,경상
1035,2021102300100471,2021년 10월 23일 18시,토요일,전라남도 진도군 진도읍,경상사고,0,0,1,0,차대사람 - 횡단중,신호위반,포장 - 건조,맑음,단일로 - 기타,승용,여,58세,상해없음,보행자,여,6세,경상
1036,2021102400100104,2021년 10월 24일 10시,일요일,전라남도 순천시 인제동,중상사고,0,1,0,0,차대사람 - 길가장자리구역통행중,안전운전불이행,포장 - 건조,맑음,단일로 - 기타,승용,남,23세,상해없음,보행자,여,42세,중상
1037,2021102400100132,2021년 10월 24일 11시,일요일,전라남도 목포시 용해동,경상사고,0,0,1,0,차대사람 - 횡단중,신호위반,포장 - 건조,맑음,단일로 - 기타,이륜,남,23세,상해없음,보행자,여,33세,경상
1038,2021102400100376,2021년 10월 24일 18시,일요일,전라남도 무안군 일로읍,사망사고,1,0,0,0,차대사람 - 기타,안전운전불이행,포장 - 건조,맑음,기타 - 기타,화물,남,59세,상해없음,보행자,여,79세,사망
1039,2021102500100202,2021년 10월 25일 11시,월요일,전라남도 광양시 중동,경상사고,0,0,1,0,차대사람 - 기타,안전운전불이행,포장 - 건조,맑음,교차로 - 교차로안,승용,남,60세,상해없음,보행자,남,84세,경상
1040,2021102500100619,2021년 10월 25일 21시,월요일,전라남도 광양시 광양읍,중상사고,0,1,0,0,차대사람 - 횡단중,안전운전불이행,포장 - 건조,맑음,교차로 - 교차로부근,승용,남,49세,상해없음,보행자,여,84세,중상
1041,2021102600100039,2021년 10월 26일 06시,화요일,전라남도 여수시 고소동,중상사고,0,1,0,0,차대사람 - 횡단중,안전운전불이행,포장 - 건조,맑음,교차로 - 교차로횡단보도내,화물,남,59세,상해없음,보행자,여,85세,중상
1042,2021102600100510,2021년 10월 26일 19시,화요일,전라남도 순천시 중앙동,경상사고,0,0,1,0,차대사람 - 길가장자리구역통행중,안전운전불이행,포장 - 건조,맑음,단일로 - 기타,승용,남,24세,기타불명,보행자,여,25세,경상
1043,2021102700100021,2021년 10월 27일 05시,수요일,전라남도 여수시 돌산읍,중상사고,0,1,0,0,차대사람 - 차도통행중,안전운전불이행,포장 - 건조,맑음,단일로 - 기타,승용,여,26세,상해없음,보행자,남,48세,중상
1044,2021102700100034,2021년 10월 27일 06시,수요일,전라남도 여수시 중앙동,중상사고,0,1,0,0,차대사람 - 기타,안전운전불이행,포장 - 건조,맑음,단일로 - 기타,승합,남,60세,상해없음,보행자,여,68세,중상
1045,2021102700100223,2021년 10월 27일 13시,수요일,전라남도 목포시 석현동,경상사고,0,0,1,0,차대사람 - 기타,안전운전불이행,포장 - 건조,맑음,단일로 - 기타,승용,여,43세,상해없음,보행자,여,7세,경상
1046,2021102700100399,2021년 10월 27일 17시,수요일,전라남도 장흥군 장흥읍,중상사고,0,1,0,0,차대사람 - 횡단중,보행자보호의무위반,포장 - 건조,맑음,교차로 - 교차로안,승용,남,25세,상해없음,보행자,여,80세,중상
1047,2021102700100566,2021년 10월 27일 21시,수요일,전라남도 목포시 산정동,경상사고,0,0,1,0,차대사람 - 횡단중,신호위반,포장 - 건조,맑음,교차로 - 교차로횡단보도내,승용,여,50세,상해없음,보행자,남,46세,경상
1048,2021102800100294,2021년 10월 28일 13시,목요일,전라남도 여수시 웅천동,중상사고,0,1,0,0,차대사람 - 기타,안전운전불이행,포장 - 건조,맑음,단일로 - 기타,승용,여,62세,상해없음,보행자,여,56세,중상
1049,2021102800100340,2021년 10월 28일 14시,목요일,전라남도 영광군 법성면,중상사고,0,1,0,0,차대사람 - 기타,안전운전불이행,포장 - 건조,맑음,주차장 - 주차장,승용,남,54세,상해없음,보행자,여,44세,중상
1050,2021102800100374,2021년 10월 28일 15시,목요일,전라남도 순천시 동외동,경상사고,0,0,1,0,차대사람 - 기타,안전운전불이행,포장 - 건조,맑음,단일로 - 기타,개인형이동수단(PM),남,25세,상해없음,보행자,여,35세,경상
1051,2021102800100406,2021년 10월 28일 16시,목요일,전라남도 구례군 마산면,중상사고,0,1,0,0,차대사람 - 기타,안전운전불이행,포장 - 건조,맑음,단일로 - 기타,승용,여,30세,상해없음,보행자,여,44세,중상
1052,2021102800100634,2021년 10월 28일 21시,목요일,전라남도 목포시 용해동,경상사고,0,0,1,0,차대사람 - 기타,안전운전불이행,포장 - 건조,맑음,교차로 - 교차로안,승용,남,60세,상해없음,보행자,남,53세,경상
1053,2021102900100022,2021년 10월 29일 05시,금요일,전라남도 목포시 대양동,중상사고,0,1,0,0,차대사람 - 기타,안전운전불이행,포장 - 건조,맑음,교차로 - 교차로안,승용,여,60세,상해없음,보행자,남,87세,중상
1054,2021102900100077,2021년 10월 29일 08시,금요일,전라남도 순천시 해룡면,경상사고,0,0,1,0,차대사람 - 기타,신호위반,포장 - 건조,맑음,교차로 - 교차로횡단보도내,승용,남,48세,상해없음,보행자,여,59세,경상
1055,2021102900100153,2021년 10월 29일 10시,금요일,전라남도 무안군 무안읍,중상사고,0,1,1,0,차대사람 - 기타,안전운전불이행,포장 - 건조,맑음,교차로 - 교차로안,화물,남,72세,상해없음,보행자,여,67세,경상
1056,2021102900100559,2021년 10월 29일 19시,금요일,전라남도 여수시 문수동,경상사고,0,0,1,0,차대사람 - 횡단중,안전운전불이행,포장 - 건조,맑음,교차로 - 교차로안,원동기,남,21세,상해없음,보행자,남,16세,경상
1057,2021102900100621,2021년 10월 29일 21시,금요일,전라남도 순천시 석현동,경상사고,0,0,2,0,차대사람 - 기타,안전운전불이행,포장 - 건조,맑음,단일로 - 기타,승용,남,51세,상해없음,보행자,남,41세,경상
1058,2021102900100659,2021년 10월 29일 22시,금요일,전라남도 목포시 산정동,중상사고,0,1,0,0,차대사람 - 차도통행중,안전운전불이행,포장 - 건조,맑음,단일로 - 기타,이륜,남,27세,상해없음,보행자,남,61세,중상
1059,2021103000100291,2021년 10월 30일 15시,토요일,전라남도 여수시 수정동,중상사고,0,1,0,0,차대사람 - 기타,안전운전불이행,포장 - 건조,맑음,단일로 - 기타,자전거,여,17세,상해없음,보행자,남,68세,중상
1060,2021103000100333,2021년 10월 30일 16시,토요일,전라남도 여수시 국동,경상사고,0,0,1,0,차대사람 - 보도통행중,기타,포장 - 건조,맑음,단일로 - 기타,화물,남,50세,상해없음,보행자,여,73세,경상
1061,2021103000100565,2021년 10월 30일 23시,토요일,전라남도 여수시 봉산동,중상사고,0,1,1,0,차대사람 - 횡단중,보행자보호의무위반,포장 - 건조,맑음,교차로 - 교차로횡단보도내,승용,남,55세,상해없음,보행자,여,45세,중상
1062,2021103100100012,2021년 10월 31일 00시,일요일,전라남도 순천시 조례동,경상사고,0,0,1,0,차대사람 - 차도통행중,안전운전불이행,포장 - 건조,맑음,단일로 - 기타,승용,남,24세,상해없음,보행자,남,21세,경상
1063,2021103100100074,2021년 10월 31일 09시,일요일,전라남도 장흥군 장흥읍,중상사고,0,1,0,0,차대사람 - 기타,신호위반,포장 - 건조,맑음,단일로 - 기타,승용,남,86세,상해없음,보행자,여,55세,중상
1064,2021103100100093,2021년 10월 31일 10시,일요일,전라남도 광양시 중동,중상사고,0,1,0,0,차대사람 - 횡단중,보행자보호의무위반,포장 - 건조,맑음,단일로 - 기타,승용,남,26세,상해없음,보행자,여,64세,중상
1065,2021103100100180,2021년 10월 31일 13시,일요일,전라남도 여수시 문수동,경상사고,0,0,1,0,차대사람 - 횡단중,신호위반,포장 - 건조,맑음,단일로 - 기타,승용,여,56세,상해없음,보행자,남,5세,경상
1066,2021103100100289,2021년 10월 31일 16시,일요일,전라남도 구례군 문척면,경상사고,0,0,1,0,차대사람 - 기타,안전운전불이행,포장 - 건조,맑음,단일로 - 기타,승용,남,38세,상해없음,보행자,여,85세,경상
1067,2021110100100036,2021년 11월 1일 05시,월요일,전라남도 무안군 청계면,사망사고,1,0,0,0,차대사람 - 기타,안전운전불이행,포장 - 건조,맑음,교차로 - 교차로부근,화물,남,63세,상해없음,보행자,여,73세,사망
1068,2021110100100067,2021년 11월 1일 07시,월요일,전라남도 나주시 남평읍,중상사고,0,1,0,0,차대사람 - 횡단중,보행자보호의무위반,포장 - 건조,맑음,교차로 - 교차로안,승용,남,41세,상해없음,보행자,남,60세,중상
1069,2021110100100431,2021년 11월 1일 17시,월요일,전라남도 강진군 군동면,중상사고,0,1,0,0,차대사람 - 길가장자리구역통행중,안전운전불이행,포장 - 건조,맑음,교차로 - 교차로안,승용,남,59세,상해없음,보행자,여,80세,중상
1070,2021110100100486,2021년 11월 1일 18시,월요일,전라남도 나주시 세지면,중상사고,0,1,1,0,차대사람 - 기타,안전운전불이행,포장 - 건조,맑음,단일로 - 기타,화물,남,65세,경상,보행자,남,70세,중상
1071,2021110200100081,2021년 11월 2일 07시,화요일,전라남도 순천시 남정동,중상사고,0,1,0,0,차대사람 - 기타,안전운전불이행,포장 - 건조,맑음,단일로 - 기타,화물,남,78세,상해없음,보행자,여,71세,중상
1072,2021110200100177,2021년 11월 2일 10시,화요일,전라남도 담양군 담양읍,경상사고,0,0,1,0,차대사람 - 기타,안전운전불이행,포장 - 건조,맑음,단일로 - 기타,승용,남,66세,상해없음,보행자,여,57세,경상
1073,2021110200100235,2021년 11월 2일 12시,화요일,전라남도 목포시 산정동,중상사고,0,1,0,0,차대사람 - 횡단중,안전운전불이행,포장 - 건조,맑음,단일로 - 기타,화물,남,57세,상해없음,보행자,여,78세,중상
1074,2021110200100272,2021년 11월 2일 13시,화요일,전라남도 나주시 성북동,경상사고,0,0,1,0,차대사람 - 기타,보행자보호의무위반,포장 - 건조,맑음,교차로 - 교차로횡단보도내,화물,여,63세,상해없음,보행자,남,77세,경상
1075,2021110200100310,2021년 11월 2일 14시,화요일,전라남도 여수시 문수동,경상사고,0,0,1,0,차대사람 - 횡단중,안전운전불이행,포장 - 건조,맑음,단일로 - 기타,승용,여,39세,상해없음,보행자,남,7세,경상
1076,2021110200100411,2021년 11월 2일 17시,화요일,전라남도 영암군 삼호읍,사망사고,1,0,0,0,차대사람 - 차도통행중,과속,포장 - 건조,맑음,단일로 - 기타,승용,남,57세,상해없음,보행자,여,85세,사망
1077,2021110300100108,2021년 11월 3일 08시,수요일,전라남도 광양시 황길동,중상사고,0,1,0,0,차대사람 - 차도통행중,안전운전불이행,포장 - 건조,맑음,교차로 - 교차로안,화물,남,59세,상해없음,보행자,여,69세,중상
1078,2021110300100315,2021년 11월 3일 14시,수요일,전라남도 보성군 벌교읍,경상사고,0,0,1,0,차대사람 - 기타,안전운전불이행,포장 - 건조,맑음,주차장 - 주차장,화물,여,61세,상해없음,보행자,여,51세,경상
1079,2021110300100532,2021년 11월 3일 19시,수요일,전라남도 여수시 종화동,경상사고,0,0,1,0,차대사람 - 차도통행중,중앙선침범,포장 - 건조,맑음,단일로 - 기타,승용,남,60세,상해없음,보행자,여,19세,경상
1080,2021110300100534,2021년 11월 3일 19시,수요일,전라남도 순천시 용당동,경상사고,0,0,1,0,차대사람 - 횡단중,안전운전불이행,포장 - 건조,맑음,교차로 - 교차로안,승용,여,57세,상해없음,보행자,여,43세,경상
1081,2021110400100122,2021년 11월 4일 08시,목요일,전라남도 순천시 장천동,경상사고,0,0,1,0,차대사람 - 차도통행중,안전운전불이행,포장 - 건조,맑음,단일로 - 기타,화물,남,37세,상해없음,보행자,여,59세,경상
1082,2021110400100153,2021년 11월 4일 09시,목요일,전라남도 신안군 증도면,중상사고,0,1,0,0,차대사람 - 차도통행중,안전운전불이행,포장 - 건조,맑음,단일로 - 기타,화물,여,46세,상해없음,보행자,남,77세,중상
1083,2021110400100273,2021년 11월 4일 13시,목요일,전라남도 여수시 학동,중상사고,0,1,0,0,차대사람 - 길가장자리구역통행중,안전운전불이행,포장 - 건조,맑음,단일로 - 기타,승용,여,30세,상해없음,보행자,여,61세,중상